SMILES,C_count,N_count,O_count,F_count,P_count,ALERTS,CSP3,MinEStateIndex,MaxAbsEStateIndex,MinAbsEStateIndex,qed,MolWt,HeavyAtomMolWt,ExactMolWt,NumValenceElectrons,MaxPartialCharge,MinPartialCharge,MaxAbsPartialCharge,MinAbsPartialCharge,FpDensityMorgan1,FpDensityMorgan2,FpDensityMorgan3,BCUT2D_MWHI,BCUT2D_MWLOW,BCUT2D_CHGHI,BCUT2D_CHGLO,BCUT2D_LOGPHI,BCUT2D_LOGPLOW,BCUT2D_MRHI,BCUT2D_MRLOW,BalabanJ,BertzCT,Chi0,Chi0n,Chi0v,Chi1,Chi1n,Chi1v,Chi2n,Chi2v,Chi3n,Chi3v,Chi4n,Chi4v,HallKierAlpha,Ipc,Kappa1,Kappa2,Kappa3,LabuteASA,PEOE_VSA1,PEOE_VSA10,PEOE_VSA11,PEOE_VSA12,PEOE_VSA13,PEOE_VSA14,PEOE_VSA2,PEOE_VSA3,PEOE_VSA4,PEOE_VSA5,PEOE_VSA6,PEOE_VSA7,PEOE_VSA8,PEOE_VSA9,SMR_VSA1,SMR_VSA10,SMR_VSA3,SMR_VSA4,SMR_VSA5,SMR_VSA6,SMR_VSA7,SMR_VSA9,SlogP_VSA1,SlogP_VSA10,SlogP_VSA11,SlogP_VSA12,SlogP_VSA2,SlogP_VSA3,SlogP_VSA4,SlogP_VSA5,SlogP_VSA6,SlogP_VSA8,TPSA,EState_VSA1,EState_VSA10,EState_VSA11,EState_VSA2,EState_VSA3,EState_VSA4,EState_VSA5,EState_VSA6,EState_VSA7,EState_VSA8,EState_VSA9,VSA_EState1,VSA_EState2,VSA_EState3,VSA_EState4,VSA_EState5,VSA_EState6,VSA_EState7,VSA_EState8,VSA_EState9,FractionCSP3,HeavyAtomCount,NHOHCount,NOCount,NumAliphaticCarbocycles,NumAliphaticHeterocycles,NumAliphaticRings,NumAromaticCarbocycles,NumAromaticHeterocycles,NumAromaticRings,NumHAcceptors,NumHDonors,NumHeteroatoms,NumRotatableBonds,NumSaturatedCarbocycles,NumSaturatedHeterocycles,NumSaturatedRings,RingCount,MolLogP,MolMR,fr_Al_OH,fr_Al_OH_noTert,fr_Ar_N,fr_NH0,fr_NH1,fr_NH2,fr_N_O,fr_Ndealkylation1,fr_Ndealkylation2,fr_alkyl_halide,fr_aniline,fr_aryl_methyl,fr_benzene,fr_bicyclic,fr_ether,fr_guanido,fr_halogen,fr_imidazole,fr_methoxy,fr_morpholine,fr_nitro,fr_nitro_arom,fr_nitro_arom_nonortho,fr_para_hydroxylation,fr_piperdine,fr_piperzine,fr_pyridine,fr_quatN,fr_unbrch_alkane,Concentration,Temperature,Solvent(MeOD),Solvent(D2O),Time(h),Degradation(%),Pbf_mean,NPR1_mean,NPR2_mean,is_halflife_proxy
CCCCN1C=C[N+](C)=C1,8,2,0,0,0,1,0.625,1.150138889,2.211805556,1.150138889,0.554691275,139.222,124.102,139.1229749,56,0.243028824,-0.239533996,0.243028824,0.239533996,1.5,2.3,2.8,15.08785619,10.33121447,1.959499127,-1.900551834,1.911832752,-2.23262156,4.645719645,-0.670569316,2.422977778,190.8925906,7.397341225,6.747798342,6.747798342,4.825698503,3.836677035,3.836677035,2.670461187,2.670461187,1.593598922,1.593598922,0.97467268,0.97467268,-0.79,256.7231081,7.318577633,3.396271974,1.865035648,62.10486507,0.0,12.39368714,0.0,6.327320075,0.0,0.0,0.0,9.134199296,0,0.0,13.34455882,6.420821623,0.0,13.59242839,4.567099648,0.0,4.567099648,7.047671983,26.31013685,0.0,18.72100722,0.0,4.567099648,0.0,0.0,0.0,4.567099648,13.59242839,0.0,19.76538045,18.72100722,0.0,8.81,0.0,0.0,0,0.0,0.0,6.544756406,12.84164325,0.0,7.047671983,34.77894371,0.0,4.276944444,0.0,0.0,0.0,0.0,0.0,8.817018141,3.361944444,2.044092971,0.625,10,0,2,0,0,0,0,1,1,1,0,2,3,0,0,0,1,1.1127,40.516,0,0,2,2,0,0,0,0,0,0,0,2,0,0,0,0,0,1,0,0,0,0,0,0,0,0,0,0,0,0.359143801,30,0.0,1.0,168.0,0.0,0.6461999236,0.22220910379999997,0.8759738324,0
CCCCN1C=C[N+](C)=C1,8,2,0,0,0,1,0.625,1.150138889,2.211805556,1.150138889,0.554691275,139.222,124.102,139.1229749,56,0.243028824,-0.239533996,0.243028824,0.239533996,1.5,2.3,2.8,15.08785619,10.33121447,1.959499127,-1.900551834,1.911832752,-2.23262156,4.645719645,-0.670569316,2.422977778,190.8925906,7.397341225,6.747798342,6.747798342,4.825698503,3.836677035,3.836677035,2.670461187,2.670461187,1.593598922,1.593598922,0.97467268,0.97467268,-0.79,256.7231081,7.318577633,3.396271974,1.865035648,62.10486507,0.0,12.39368714,0.0,6.327320075,0.0,0.0,0.0,9.134199296,0,0.0,13.34455882,6.420821623,0.0,13.59242839,4.567099648,0.0,4.567099648,7.047671983,26.31013685,0.0,18.72100722,0.0,4.567099648,0.0,0.0,0.0,4.567099648,13.59242839,0.0,19.76538045,18.72100722,0.0,8.81,0.0,0.0,0,0.0,0.0,6.544756406,12.84164325,0.0,7.047671983,34.77894371,0.0,4.276944444,0.0,0.0,0.0,0.0,0.0,8.817018141,3.361944444,2.044092971,0.625,10,0,2,0,0,0,0,1,1,1,0,2,3,0,0,0,1,1.1127,40.516,0,0,2,2,0,0,0,0,0,0,0,2,0,0,0,0,0,1,0,0,0,0,0,0,0,0,0,0,0,3.591438012,30,0.0,1.0,168.0,20.0,0.6461999236,0.22220910379999997,0.8759738324,0
CCCCN1C=C[N+](C)=C1,8,2,0,0,0,1,0.625,1.150138889,2.211805556,1.150138889,0.554691275,139.222,124.102,139.1229749,56,0.243028824,-0.239533996,0.243028824,0.239533996,1.5,2.3,2.8,15.08785619,10.33121447,1.959499127,-1.900551834,1.911832752,-2.23262156,4.645719645,-0.670569316,2.422977778,190.8925906,7.397341225,6.747798342,6.747798342,4.825698503,3.836677035,3.836677035,2.670461187,2.670461187,1.593598922,1.593598922,0.97467268,0.97467268,-0.79,256.7231081,7.318577633,3.396271974,1.865035648,62.10486507,0.0,12.39368714,0.0,6.327320075,0.0,0.0,0.0,9.134199296,0,0.0,13.34455882,6.420821623,0.0,13.59242839,4.567099648,0.0,4.567099648,7.047671983,26.31013685,0.0,18.72100722,0.0,4.567099648,0.0,0.0,0.0,4.567099648,13.59242839,0.0,19.76538045,18.72100722,0.0,8.81,0.0,0.0,0,0.0,0.0,6.544756406,12.84164325,0.0,7.047671983,34.77894371,0.0,4.276944444,0.0,0.0,0.0,0.0,0.0,8.817018141,3.361944444,2.044092971,0.625,10,0,2,0,0,0,0,1,1,1,0,2,3,0,0,0,1,1.1127,40.516,0,0,2,2,0,0,0,0,0,0,0,2,0,0,0,0,0,1,0,0,0,0,0,0,0,0,0,0,0,8.978595029,30,0.0,1.0,168.0,88.1,0.6461999236,0.22220910379999997,0.8759738324,0
CCCCN1C=C[N+](C)=C1C,9,2,0,0,0,1,0.666666667,1.155925926,2.295138889,1.155925926,0.580700677,153.249,136.113,153.138625,62,0.252505903,-0.2371895,0.252505903,0.2371895,1.545454545,2.272727273,2.727272727,15.12354519,10.32320438,2.057409928,-1.953035348,1.96454421,-2.29191671,4.781790929,-0.676901048,2.630825004,225.4666468,8.267584714,7.670448073,7.670448073,5.253218858,4.267492851,4.267492851,3.003208827,3.003208827,2.148888739,2.148888739,1.163612434,1.163612434,-0.79,382.8385388,8.307943193,3.557462323,1.822066108,68.46980718,0.0,12.39368714,0.0,0.0,5.824404498,0.0,0.0,9.134199296,0,0.0,13.34455882,6.420821623,6.9237372,13.59242839,4.567099648,0.0,4.567099648,7.047671983,33.23387405,0.0,18.21809164,0.0,4.567099648,0.0,0.0,0.0,4.567099648,13.59242839,6.9237372,25.58978494,12.39368714,0.0,8.81,0.0,0.0,0,0.0,0.0,6.544756406,18.66604774,0.0,0.0,42.42303282,0.0,4.443611111,0.0,0.0,0.0,1.331898148,0.0,6.784564437,5.525462963,2.081130008,0.666666667,11,0,2,0,0,0,0,1,1,1,0,2,3,0,0,0,1,1.42112,45.253,0,0,2,2,0,0,0,0,0,0,0,2,0,0,0,0,0,1,0,0,0,0,0,0,0,0,0,0,0,0.326264274,30,0.0,1.0,168.0,0.0,0.7576380210769231,0.26757356684615385,0.9083497503846154,0
CCCCN1C=C[N+](C)=C1C,9,2,0,0,0,1,0.666666667,1.155925926,2.295138889,1.155925926,0.580700677,153.249,136.113,153.138625,62,0.252505903,-0.2371895,0.252505903,0.2371895,1.545454545,2.272727273,2.727272727,15.12354519,10.32320438,2.057409928,-1.953035348,1.96454421,-2.29191671,4.781790929,-0.676901048,2.630825004,225.4666468,8.267584714,7.670448073,7.670448073,5.253218858,4.267492851,4.267492851,3.003208827,3.003208827,2.148888739,2.148888739,1.163612434,1.163612434,-0.79,382.8385388,8.307943193,3.557462323,1.822066108,68.46980718,0.0,12.39368714,0.0,0.0,5.824404498,0.0,0.0,9.134199296,0,0.0,13.34455882,6.420821623,6.9237372,13.59242839,4.567099648,0.0,4.567099648,7.047671983,33.23387405,0.0,18.21809164,0.0,4.567099648,0.0,0.0,0.0,4.567099648,13.59242839,6.9237372,25.58978494,12.39368714,0.0,8.81,0.0,0.0,0,0.0,0.0,6.544756406,18.66604774,0.0,0.0,42.42303282,0.0,4.443611111,0.0,0.0,0.0,1.331898148,0.0,6.784564437,5.525462963,2.081130008,0.666666667,11,0,2,0,0,0,0,1,1,1,0,2,3,0,0,0,1,1.42112,45.253,0,0,2,2,0,0,0,0,0,0,0,2,0,0,0,0,0,1,0,0,0,0,0,0,0,0,0,0,0,3.262642741,30,0.0,1.0,168.0,2.0,0.7576380210769231,0.26757356684615385,0.9083497503846154,0
CCCCN1C=C[N+](C)=C1C,9,2,0,0,0,1,0.666666667,1.155925926,2.295138889,1.155925926,0.580700677,153.249,136.113,153.138625,62,0.252505903,-0.2371895,0.252505903,0.2371895,1.545454545,2.272727273,2.727272727,15.12354519,10.32320438,2.057409928,-1.953035348,1.96454421,-2.29191671,4.781790929,-0.676901048,2.630825004,225.4666468,8.267584714,7.670448073,7.670448073,5.253218858,4.267492851,4.267492851,3.003208827,3.003208827,2.148888739,2.148888739,1.163612434,1.163612434,-0.79,382.8385388,8.307943193,3.557462323,1.822066108,68.46980718,0.0,12.39368714,0.0,0.0,5.824404498,0.0,0.0,9.134199296,0,0.0,13.34455882,6.420821623,6.9237372,13.59242839,4.567099648,0.0,4.567099648,7.047671983,33.23387405,0.0,18.21809164,0.0,4.567099648,0.0,0.0,0.0,4.567099648,13.59242839,6.9237372,25.58978494,12.39368714,0.0,8.81,0.0,0.0,0,0.0,0.0,6.544756406,18.66604774,0.0,0.0,42.42303282,0.0,4.443611111,0.0,0.0,0.0,1.331898148,0.0,6.784564437,5.525462963,2.081130008,0.666666667,11,0,2,0,0,0,0,1,1,1,0,2,3,0,0,0,1,1.42112,45.253,0,0,2,2,0,0,0,0,0,0,0,2,0,0,0,0,0,1,0,0,0,0,0,0,0,0,0,0,0,8.156606852,30,0.0,1.0,168.0,13.8,0.7576380210769231,0.26757356684615385,0.9083497503846154,0
CN(C)[C+](N(C)C)N(C)C,7,3,0,0,0,1,0.857142857,1.194444444,2.083333333,1.194444444,0.520838571,144.242,126.098,144.149524,60,0.349589713,-0.111678365,0.349589713,0.111678365,0.6,0.8,0.8,15.46202249,10.56237982,2.30860206,-2.190147083,2.074492777,-2.418841822,4.783551825,0.120412298,3.983500213,69.832459,8.309401077,7.841640786,7.841640786,4.464101615,3.354101966,3.354101966,2.983281573,2.983281573,1.2,1.2,1.2,1.2,-0.25,85.75693819,9.75,3.806586691,2.557605251,64.20840472,0.0,0.0,0.0,0.0,0.0,6.289710395,0.0,0.0,0,14.69972919,0.0,0.0,42.2860319,0.0,0.0,0.0,14.69972919,0.0,0.0,42.2860319,6.289710395,0.0,0.0,0.0,0.0,0.0,56.98576109,0.0,6.289710395,0.0,0.0,0.0,9.72,0.0,0.0,0,0.0,0.0,0.0,6.289710395,0.0,42.2860319,14.69972919,0.0,0.0,6.25,0.0,0.0,0.0,0.0,1.194444444,0.0,12.22222222,0.857142857,10,0,3,0,0,0,0,0,0,3,0,3,3,0,0,0,0,0.11819,44.304,0,0,0,3,0,0,0,0,0,0,0,0,0,0,0,0,0,0,0,0,0,0,0,0,0,0,0,0,0,0.346644481,30,0.0,1.0,168.0,0.7,1.178773629,0.7263599648,0.7810740544,0
CN(C)[C+](N(C)C)N(C)C,7,3,0,0,0,1,0.857142857,1.194444444,2.083333333,1.194444444,0.520838571,144.242,126.098,144.149524,60,0.349589713,-0.111678365,0.349589713,0.111678365,0.6,0.8,0.8,15.46202249,10.56237982,2.30860206,-2.190147083,2.074492777,-2.418841822,4.783551825,0.120412298,3.983500213,69.832459,8.309401077,7.841640786,7.841640786,4.464101615,3.354101966,3.354101966,2.983281573,2.983281573,1.2,1.2,1.2,1.2,-0.25,85.75693819,9.75,3.806586691,2.557605251,64.20840472,0.0,0.0,0.0,0.0,0.0,6.289710395,0.0,0.0,0,14.69972919,0.0,0.0,42.2860319,0.0,0.0,0.0,14.69972919,0.0,0.0,42.2860319,6.289710395,0.0,0.0,0.0,0.0,0.0,56.98576109,0.0,6.289710395,0.0,0.0,0.0,9.72,0.0,0.0,0,0.0,0.0,0.0,6.289710395,0.0,42.2860319,14.69972919,0.0,0.0,6.25,0.0,0.0,0.0,0.0,1.194444444,0.0,12.22222222,0.857142857,10,0,3,0,0,0,0,0,0,3,0,3,3,0,0,0,0,0.11819,44.304,0,0,0,3,0,0,0,0,0,0,0,0,0,0,0,0,0,0,0,0,0,0,0,0,0,0,0,0,0,3.466444814,30,0.0,1.0,168.0,10.2,1.178773629,0.7263599648,0.7810740544,0
CN(C)[C+](N(C)C)N(C)C,7,3,0,0,0,1,0.857142857,1.194444444,2.083333333,1.194444444,0.520838571,144.242,126.098,144.149524,60,0.349589713,-0.111678365,0.349589713,0.111678365,0.6,0.8,0.8,15.46202249,10.56237982,2.30860206,-2.190147083,2.074492777,-2.418841822,4.783551825,0.120412298,3.983500213,69.832459,8.309401077,7.841640786,7.841640786,4.464101615,3.354101966,3.354101966,2.983281573,2.983281573,1.2,1.2,1.2,1.2,-0.25,85.75693819,9.75,3.806586691,2.557605251,64.20840472,0.0,0.0,0.0,0.0,0.0,6.289710395,0.0,0.0,0,14.69972919,0.0,0.0,42.2860319,0.0,0.0,0.0,14.69972919,0.0,0.0,42.2860319,6.289710395,0.0,0.0,0.0,0.0,0.0,56.98576109,0.0,6.289710395,0.0,0.0,0.0,9.72,0.0,0.0,0,0.0,0.0,0.0,6.289710395,0.0,42.2860319,14.69972919,0.0,0.0,6.25,0.0,0.0,0.0,0.0,1.194444444,0.0,12.22222222,0.857142857,10,0,3,0,0,0,0,0,0,3,0,3,3,0,0,0,0,0.11819,44.304,0,0,0,3,0,0,0,0,0,0,0,0,0,0,0,0,0,0,0,0,0,0,0,0,0,0,0,0,0,8.666112035,30,0.0,1.0,168.0,66.4,1.178773629,0.7263599648,0.7810740544,0
CCCC[N+]1(C)CCCC1,9,1,0,0,0,1,1.0,1.355,2.405416667,1.355,0.528866095,142.266,122.106,142.1590261,60,0.078627625,-0.326037383,0.326037383,0.078627625,1.2,1.8,2.3,15.33615721,10.27647584,2.246735375,-2.282945,2.162358186,-2.408798699,4.508065721,-0.897402108,2.21874475,92.90138861,7.449747468,7.396961064,7.396961064,4.767766953,4.603003675,4.603003675,3.850984256,3.850984256,2.697398731,2.697398731,1.86229292,1.86229292,-0.04,244.7397616,8.060401606,3.380057918,1.978612327,64.62276195,4.483030858,0.0,0.0,0.0,0.0,0.0,0.0,0.0,0,0.0,13.34455882,6.420821623,12.84164325,26.6819412,4.483030858,0.0,0.0,0.0,32.60702369,26.6819412,0.0,0.0,0.0,0.0,0.0,0.0,31.16497206,0.0,0.0,32.60702369,0.0,0.0,0.0,0.0,0.0,0,0.0,0.0,0.0,49.80058657,0.0,0.0,13.97140918,0.0,1.355,0.0,0.0,0.0,0.0,0.0,5.685286281,6.554297052,2.405416667,1.0,10,0,1,0,1,1,0,0,0,0,0,1,3,0,1,1,1,2.0269,44.9274,0,0,0,1,0,0,0,0,1,0,0,0,0,0,0,0,0,0,0,0,0,0,0,0,0,0,0,1,0,0.351444437,30,0.0,1.0,168.0,0.0,0.8516828327999999,0.25643609180000004,0.9346285656,0
CCCC[N+]1(C)CCCC1,9,1,0,0,0,1,1.0,1.355,2.405416667,1.355,0.528866095,142.266,122.106,142.1590261,60,0.078627625,-0.326037383,0.326037383,0.078627625,1.2,1.8,2.3,15.33615721,10.27647584,2.246735375,-2.282945,2.162358186,-2.408798699,4.508065721,-0.897402108,2.21874475,92.90138861,7.449747468,7.396961064,7.396961064,4.767766953,4.603003675,4.603003675,3.850984256,3.850984256,2.697398731,2.697398731,1.86229292,1.86229292,-0.04,244.7397616,8.060401606,3.380057918,1.978612327,64.62276195,4.483030858,0.0,0.0,0.0,0.0,0.0,0.0,0.0,0,0.0,13.34455882,6.420821623,12.84164325,26.6819412,4.483030858,0.0,0.0,0.0,32.60702369,26.6819412,0.0,0.0,0.0,0.0,0.0,0.0,31.16497206,0.0,0.0,32.60702369,0.0,0.0,0.0,0.0,0.0,0,0.0,0.0,0.0,49.80058657,0.0,0.0,13.97140918,0.0,1.355,0.0,0.0,0.0,0.0,0.0,5.685286281,6.554297052,2.405416667,1.0,10,0,1,0,1,1,0,0,0,0,0,1,3,0,1,1,1,2.0269,44.9274,0,0,0,1,0,0,0,0,1,0,0,0,0,0,0,0,0,0,0,0,0,0,0,0,0,0,0,1,0,3.514444366,30,0.0,1.0,168.0,0.0,0.8516828327999999,0.25643609180000004,0.9346285656,0
CCCC[N+]1(C)CCCC1,9,1,0,0,0,1,1.0,1.355,2.405416667,1.355,0.528866095,142.266,122.106,142.1590261,60,0.078627625,-0.326037383,0.326037383,0.078627625,1.2,1.8,2.3,15.33615721,10.27647584,2.246735375,-2.282945,2.162358186,-2.408798699,4.508065721,-0.897402108,2.21874475,92.90138861,7.449747468,7.396961064,7.396961064,4.767766953,4.603003675,4.603003675,3.850984256,3.850984256,2.697398731,2.697398731,1.86229292,1.86229292,-0.04,244.7397616,8.060401606,3.380057918,1.978612327,64.62276195,4.483030858,0.0,0.0,0.0,0.0,0.0,0.0,0.0,0,0.0,13.34455882,6.420821623,12.84164325,26.6819412,4.483030858,0.0,0.0,0.0,32.60702369,26.6819412,0.0,0.0,0.0,0.0,0.0,0.0,31.16497206,0.0,0.0,32.60702369,0.0,0.0,0.0,0.0,0.0,0,0.0,0.0,0.0,49.80058657,0.0,0.0,13.97140918,0.0,1.355,0.0,0.0,0.0,0.0,0.0,5.685286281,6.554297052,2.405416667,1.0,10,0,1,0,1,1,0,0,0,0,0,1,3,0,1,1,1,2.0269,44.9274,0,0,0,1,0,0,0,0,1,0,0,0,0,0,0,0,0,0,0,0,0,0,0,0,0,0,0,1,0,8.786110916,30,0.0,1.0,168.0,0.0,0.8516828327999999,0.25643609180000004,0.9346285656,0
C[N+](C)(C)C,4,1,0,0,0,1,1.0,1.0,2.125,1.0,0.362983639,74.147,62.051,74.0964258,32,0.06746072,-0.333351019,0.333351019,0.06746072,0.8,0.8,0.8,15.24500492,10.77599508,1.87872051,-2.141610809,1.731158935,-2.271258935,3.865530024,-0.849130024,3.023715784,19.11941548,4.5,4.447213595,4.447213595,2.0,1.788854382,1.788854382,2.683281573,2.683281573,0.0,0.0,0.0,0.0,-0.04,3.609640474,4.96,0.976756002,9507.96,33.80388253,4.483030858,0.0,0.0,0.0,0.0,0.0,0.0,0.0,0,0.0,0.0,0.0,0.0,28.19068793,4.483030858,0.0,0.0,0.0,0.0,28.19068793,0.0,0.0,0.0,0.0,0.0,0.0,32.67371879,0.0,0.0,0.0,0.0,0.0,0.0,0.0,0.0,0,0.0,0.0,4.483030858,0.0,0.0,0.0,28.19068793,0.0,1.0,0.0,0.0,0.0,0.0,0.0,0.0,0.0,8.5,1.0,5,0,1,0,0,0,0,0,0,0,0,1,0,0,0,0,0,0.3224,23.9564,0,0,0,1,0,0,0,0,0,0,0,0,0,0,0,0,0,0,0,0,0,0,0,0,0,0,0,1,0,0.674308833,30,0.0,1.0,168.0,0.0,0.9428536206,0.9999993602,0.9999997453,0
C[N+](C)(C)C,4,1,0,0,0,1,1.0,1.0,2.125,1.0,0.362983639,74.147,62.051,74.0964258,32,0.06746072,-0.333351019,0.333351019,0.06746072,0.8,0.8,0.8,15.24500492,10.77599508,1.87872051,-2.141610809,1.731158935,-2.271258935,3.865530024,-0.849130024,3.023715784,19.11941548,4.5,4.447213595,4.447213595,2.0,1.788854382,1.788854382,2.683281573,2.683281573,0.0,0.0,0.0,0.0,-0.04,3.609640474,4.96,0.976756002,9507.96,33.80388253,4.483030858,0.0,0.0,0.0,0.0,0.0,0.0,0.0,0,0.0,0.0,0.0,0.0,28.19068793,4.483030858,0.0,0.0,0.0,0.0,28.19068793,0.0,0.0,0.0,0.0,0.0,0.0,32.67371879,0.0,0.0,0.0,0.0,0.0,0.0,0.0,0.0,0,0.0,0.0,4.483030858,0.0,0.0,0.0,28.19068793,0.0,1.0,0.0,0.0,0.0,0.0,0.0,0.0,0.0,8.5,1.0,5,0,1,0,0,0,0,0,0,0,0,1,0,0,0,0,0,0.3224,23.9564,0,0,0,1,0,0,0,0,0,0,0,0,0,0,0,0,0,0,0,0,0,0,0,0,0,0,0,1,0,6.743088334,30,0.0,1.0,168.0,0.0,0.9428536206,0.9999993602,0.9999997453,0
C[N+](C)(C)C,4,1,0,0,0,1,1.0,1.0,2.125,1.0,0.362983639,74.147,62.051,74.0964258,32,0.06746072,-0.333351019,0.333351019,0.06746072,0.8,0.8,0.8,15.24500492,10.77599508,1.87872051,-2.141610809,1.731158935,-2.271258935,3.865530024,-0.849130024,3.023715784,19.11941548,4.5,4.447213595,4.447213595,2.0,1.788854382,1.788854382,2.683281573,2.683281573,0.0,0.0,0.0,0.0,-0.04,3.609640474,4.96,0.976756002,9507.96,33.80388253,4.483030858,0.0,0.0,0.0,0.0,0.0,0.0,0.0,0,0.0,0.0,0.0,0.0,28.19068793,4.483030858,0.0,0.0,0.0,0.0,28.19068793,0.0,0.0,0.0,0.0,0.0,0.0,32.67371879,0.0,0.0,0.0,0.0,0.0,0.0,0.0,0.0,0,0.0,0.0,4.483030858,0.0,0.0,0.0,28.19068793,0.0,1.0,0.0,0.0,0.0,0.0,0.0,0.0,0.0,8.5,1.0,5,0,1,0,0,0,0,0,0,0,0,1,0,0,0,0,0,0.3224,23.9564,0,0,0,1,0,0,0,0,0,0,0,0,0,0,0,0,0,0,0,0,0,0,0,0,0,0,0,1,0,16.85772084,30,0.0,1.0,168.0,0.0,0.9428536206,0.9999993602,0.9999997453,0
C[N+](C)(C)Cc1ccccc1,10,1,0,0,0,1,0.4,0.990092593,2.201388889,0.990092593,0.564733409,150.245,134.117,150.1277259,60,0.10374051,-0.327164983,0.327164983,0.10374051,1.0,1.545454545,2.0,15.2727943,10.18617015,2.059732163,-2.231752379,2.044948953,-2.326798315,5.127404025,-0.883503644,2.657660985,208.0644284,8.319990956,7.541071723,7.541071723,5.078298262,3.922105546,3.922105546,3.934036527,3.934036527,1.499740497,1.499740497,1.131142384,1.131142384,-0.82,244.8579632,8.278231827,3.054898793,3.190046349,68.86097673,4.483030858,6.544756406,0.0,0.0,0.0,0.0,0.0,0.0,0,0.0,30.33183534,0.0,5.563451492,21.14301595,4.483030858,0.0,0.0,0.0,6.544756406,21.14301595,35.89528683,0.0,0.0,0.0,0.0,0.0,25.62604681,6.544756406,0.0,5.563451492,30.33183534,0.0,0.0,0.0,0.0,0,0.0,0.0,11.02778726,5.563451492,0.0,0.0,51.47485129,0.0,0.990092593,0.0,0.0,1.402777778,0.0,10.57157407,0.0,1.098055556,6.604166667,0.4,11,0,1,0,0,0,1,0,1,0,0,1,2,0,0,0,1,1.8928,48.1784,0,0,0,1,0,0,0,0,0,0,0,0,1,0,0,0,0,0,0,0,0,0,0,0,0,0,0,1,0,0.332800852,30,0.0,1.0,168.0,0.0,0.7445308335,0.24762724886,0.9092085232799999,0
C[N+](C)(C)Cc1ccccc1,10,1,0,0,0,1,0.4,0.990092593,2.201388889,0.990092593,0.564733409,150.245,134.117,150.1277259,60,0.10374051,-0.327164983,0.327164983,0.10374051,1.0,1.545454545,2.0,15.2727943,10.18617015,2.059732163,-2.231752379,2.044948953,-2.326798315,5.127404025,-0.883503644,2.657660985,208.0644284,8.319990956,7.541071723,7.541071723,5.078298262,3.922105546,3.922105546,3.934036527,3.934036527,1.499740497,1.499740497,1.131142384,1.131142384,-0.82,244.8579632,8.278231827,3.054898793,3.190046349,68.86097673,4.483030858,6.544756406,0.0,0.0,0.0,0.0,0.0,0.0,0,0.0,30.33183534,0.0,5.563451492,21.14301595,4.483030858,0.0,0.0,0.0,6.544756406,21.14301595,35.89528683,0.0,0.0,0.0,0.0,0.0,25.62604681,6.544756406,0.0,5.563451492,30.33183534,0.0,0.0,0.0,0.0,0,0.0,0.0,11.02778726,5.563451492,0.0,0.0,51.47485129,0.0,0.990092593,0.0,0.0,1.402777778,0.0,10.57157407,0.0,1.098055556,6.604166667,0.4,11,0,1,0,0,0,1,0,1,0,0,1,2,0,0,0,1,1.8928,48.1784,0,0,0,1,0,0,0,0,0,0,0,0,1,0,0,0,0,0,0,0,0,0,0,0,0,0,0,1,0,3.32800852,30,0.0,1.0,168.0,0.0,0.7445308335,0.24762724886,0.9092085232799999,0
C[N+](C)(C)Cc1ccccc1,10,1,0,0,0,1,0.4,0.990092593,2.201388889,0.990092593,0.564733409,150.245,134.117,150.1277259,60,0.10374051,-0.327164983,0.327164983,0.10374051,1.0,1.545454545,2.0,15.2727943,10.18617015,2.059732163,-2.231752379,2.044948953,-2.326798315,5.127404025,-0.883503644,2.657660985,208.0644284,8.319990956,7.541071723,7.541071723,5.078298262,3.922105546,3.922105546,3.934036527,3.934036527,1.499740497,1.499740497,1.131142384,1.131142384,-0.82,244.8579632,8.278231827,3.054898793,3.190046349,68.86097673,4.483030858,6.544756406,0.0,0.0,0.0,0.0,0.0,0.0,0,0.0,30.33183534,0.0,5.563451492,21.14301595,4.483030858,0.0,0.0,0.0,6.544756406,21.14301595,35.89528683,0.0,0.0,0.0,0.0,0.0,25.62604681,6.544756406,0.0,5.563451492,30.33183534,0.0,0.0,0.0,0.0,0,0.0,0.0,11.02778726,5.563451492,0.0,0.0,51.47485129,0.0,0.990092593,0.0,0.0,1.402777778,0.0,10.57157407,0.0,1.098055556,6.604166667,0.4,11,0,1,0,0,0,1,0,1,0,0,1,2,0,0,0,1,1.8928,48.1784,0,0,0,1,0,0,0,0,0,0,0,0,1,0,0,0,0,0,0,0,0,0,0,0,0,0,0,1,0,8.320021299,30,0.0,1.0,168.0,0.0,0.7445308335,0.24762724886,0.9092085232799999,0
C[P+](C)(C)C,4,0,0,0,1,1,1.0,-0.388888889,2.298611111,0.388888889,0.396386378,91.114,79.018,91.06711343,32,0.048073426,0.002215896,0.048073426,0.002215896,0.8,0.8,0.8,31.1826738,11.8053262,2.026793847,-1.973504524,2.399601488,-1.738901488,7.724992206,1.951007794,3.023715784,19.11941548,4.5,4.447213595,5.341640786,2.0,1.788854382,5.366563146,2.683281573,8.049844719,0.0,0.0,0.0,0.0,0.43,3.609640474,5.43,1.260578862,141.4748891,34.91865783,0.0,0.0,0.0,0.0,0.0,0.0,0.0,0.0,0,0.0,0.0,0.0,33.92178161,0.0,0.0,7.262479191,0.0,0.0,0.0,26.65930242,0.0,0.0,0.0,0.0,0.0,7.262479191,26.65930242,0.0,0.0,0.0,0.0,0.0,0.0,0.0,0.0,0,7.262479191,0.0,0.0,0.0,0.0,0.0,26.65930242,0.0,0.0,0.0,0.0,0.0,0.0,0.0,0.0,9.194444444,-0.388888889,1.0,5,0,0,0,0,0,0,0,0,0,0,1,0,0,0,0,0,1.5232,30.616,0,0,0,0,0,0,0,0,0,0,0,0,0,0,0,0,0,0,0,0,0,0,0,0,0,0,0,0,0,0.54878718,30,0.0,1.0,168.0,0.0,1.0695340992,0.9999992442,0.9999994868,0
C[P+](C)(C)C,4,0,0,0,1,1,1.0,-0.388888889,2.298611111,0.388888889,0.396386378,91.114,79.018,91.06711343,32,0.048073426,0.002215896,0.048073426,0.002215896,0.8,0.8,0.8,31.1826738,11.8053262,2.026793847,-1.973504524,2.399601488,-1.738901488,7.724992206,1.951007794,3.023715784,19.11941548,4.5,4.447213595,5.341640786,2.0,1.788854382,5.366563146,2.683281573,8.049844719,0.0,0.0,0.0,0.0,0.43,3.609640474,5.43,1.260578862,141.4748891,34.91865783,0.0,0.0,0.0,0.0,0.0,0.0,0.0,0.0,0,0.0,0.0,0.0,33.92178161,0.0,0.0,7.262479191,0.0,0.0,0.0,26.65930242,0.0,0.0,0.0,0.0,0.0,7.262479191,26.65930242,0.0,0.0,0.0,0.0,0.0,0.0,0.0,0.0,0,7.262479191,0.0,0.0,0.0,0.0,0.0,26.65930242,0.0,0.0,0.0,0.0,0.0,0.0,0.0,0.0,9.194444444,-0.388888889,1.0,5,0,0,0,0,0,0,0,0,0,0,1,0,0,0,0,0,1.5232,30.616,0,0,0,0,0,0,0,0,0,0,0,0,0,0,0,0,0,0,0,0,0,0,0,0,0,0,0,0,0,5.487871803,30,0.0,1.0,168.0,0.0,1.0695340992,0.9999992442,0.9999994868,0
C[P+](C)(C)C,4,0,0,0,1,1,1.0,-0.388888889,2.298611111,0.388888889,0.396386378,91.114,79.018,91.06711343,32,0.048073426,0.002215896,0.048073426,0.002215896,0.8,0.8,0.8,31.1826738,11.8053262,2.026793847,-1.973504524,2.399601488,-1.738901488,7.724992206,1.951007794,3.023715784,19.11941548,4.5,4.447213595,5.341640786,2.0,1.788854382,5.366563146,2.683281573,8.049844719,0.0,0.0,0.0,0.0,0.43,3.609640474,5.43,1.260578862,141.4748891,34.91865783,0.0,0.0,0.0,0.0,0.0,0.0,0.0,0.0,0,0.0,0.0,0.0,33.92178161,0.0,0.0,7.262479191,0.0,0.0,0.0,26.65930242,0.0,0.0,0.0,0.0,0.0,7.262479191,26.65930242,0.0,0.0,0.0,0.0,0.0,0.0,0.0,0.0,0,7.262479191,0.0,0.0,0.0,0.0,0.0,26.65930242,0.0,0.0,0.0,0.0,0.0,0.0,0.0,0.0,9.194444444,-0.388888889,1.0,5,0,0,0,0,0,0,0,0,0,0,1,0,0,0,0,0,1.5232,30.616,0,0,0,0,0,0,0,0,0,0,0,0,0,0,0,0,0,0,0,0,0,0,0,0,0,0,0,0,0,13.71967951,30,0.0,1.0,168.0,0.0,1.0695340992,0.9999992442,0.9999994868,0
CCCCN1C=C[N+](C)=C1,8,2,0,0,0,1,0.625,1.150138889,2.211805556,1.150138889,0.554691275,139.222,124.102,139.1229749,56,0.243028824,-0.239533996,0.243028824,0.239533996,1.5,2.3,2.8,15.08785619,10.33121447,1.959499127,-1.900551834,1.911832752,-2.23262156,4.645719645,-0.670569316,2.422977778,190.8925906,7.397341225,6.747798342,6.747798342,4.825698503,3.836677035,3.836677035,2.670461187,2.670461187,1.593598922,1.593598922,0.97467268,0.97467268,-0.79,256.7231081,7.318577633,3.396271974,1.865035648,62.10486507,0.0,12.39368714,0.0,6.327320075,0.0,0.0,0.0,9.134199296,0,0.0,13.34455882,6.420821623,0.0,13.59242839,4.567099648,0.0,4.567099648,7.047671983,26.31013685,0.0,18.72100722,0.0,4.567099648,0.0,0.0,0.0,4.567099648,13.59242839,0.0,19.76538045,18.72100722,0.0,8.81,0.0,0.0,0,0.0,0.0,6.544756406,12.84164325,0.0,7.047671983,34.77894371,0.0,4.276944444,0.0,0.0,0.0,0.0,0.0,8.817018141,3.361944444,2.044092971,0.625,10,0,2,0,0,0,0,1,1,1,0,2,3,0,0,0,1,1.1127,40.516,0,0,2,2,0,0,0,0,0,0,0,2,0,0,0,0,0,1,0,0,0,0,0,0,0,0,0,0,0,0.359143801,80,0.0,1.0,168.0,0.4,0.6461999236,0.22220910379999997,0.8759738324,0
CCCCN1C=C[N+](C)=C1,8,2,0,0,0,1,0.625,1.150138889,2.211805556,1.150138889,0.554691275,139.222,124.102,139.1229749,56,0.243028824,-0.239533996,0.243028824,0.239533996,1.5,2.3,2.8,15.08785619,10.33121447,1.959499127,-1.900551834,1.911832752,-2.23262156,4.645719645,-0.670569316,2.422977778,190.8925906,7.397341225,6.747798342,6.747798342,4.825698503,3.836677035,3.836677035,2.670461187,2.670461187,1.593598922,1.593598922,0.97467268,0.97467268,-0.79,256.7231081,7.318577633,3.396271974,1.865035648,62.10486507,0.0,12.39368714,0.0,6.327320075,0.0,0.0,0.0,9.134199296,0,0.0,13.34455882,6.420821623,0.0,13.59242839,4.567099648,0.0,4.567099648,7.047671983,26.31013685,0.0,18.72100722,0.0,4.567099648,0.0,0.0,0.0,4.567099648,13.59242839,0.0,19.76538045,18.72100722,0.0,8.81,0.0,0.0,0,0.0,0.0,6.544756406,12.84164325,0.0,7.047671983,34.77894371,0.0,4.276944444,0.0,0.0,0.0,0.0,0.0,8.817018141,3.361944444,2.044092971,0.625,10,0,2,0,0,0,0,1,1,1,0,2,3,0,0,0,1,1.1127,40.516,0,0,2,2,0,0,0,0,0,0,0,2,0,0,0,0,0,1,0,0,0,0,0,0,0,0,0,0,0,3.591438012,80,0.0,1.0,168.0,98.7,0.6461999236,0.22220910379999997,0.8759738324,0
CCCCN1C=C[N+](C)=C1C,9,2,0,0,0,1,0.666666667,1.155925926,2.295138889,1.155925926,0.580700677,153.249,136.113,153.138625,62,0.252505903,-0.2371895,0.252505903,0.2371895,1.545454545,2.272727273,2.727272727,15.12354519,10.32320438,2.057409928,-1.953035348,1.96454421,-2.29191671,4.781790929,-0.676901048,2.630825004,225.4666468,8.267584714,7.670448073,7.670448073,5.253218858,4.267492851,4.267492851,3.003208827,3.003208827,2.148888739,2.148888739,1.163612434,1.163612434,-0.79,382.8385388,8.307943193,3.557462323,1.822066108,68.46980718,0.0,12.39368714,0.0,0.0,5.824404498,0.0,0.0,9.134199296,0,0.0,13.34455882,6.420821623,6.9237372,13.59242839,4.567099648,0.0,4.567099648,7.047671983,33.23387405,0.0,18.21809164,0.0,4.567099648,0.0,0.0,0.0,4.567099648,13.59242839,6.9237372,25.58978494,12.39368714,0.0,8.81,0.0,0.0,0,0.0,0.0,6.544756406,18.66604774,0.0,0.0,42.42303282,0.0,4.443611111,0.0,0.0,0.0,1.331898148,0.0,6.784564437,5.525462963,2.081130008,0.666666667,11,0,2,0,0,0,0,1,1,1,0,2,3,0,0,0,1,1.42112,45.253,0,0,2,2,0,0,0,0,0,0,0,2,0,0,0,0,0,1,0,0,0,0,0,0,0,0,0,0,0,0.326264274,80,0.0,1.0,168.0,0.8,0.7576380210769231,0.26757356684615385,0.9083497503846154,0
CCCCN1C=C[N+](C)=C1C,9,2,0,0,0,1,0.666666667,1.155925926,2.295138889,1.155925926,0.580700677,153.249,136.113,153.138625,62,0.252505903,-0.2371895,0.252505903,0.2371895,1.545454545,2.272727273,2.727272727,15.12354519,10.32320438,2.057409928,-1.953035348,1.96454421,-2.29191671,4.781790929,-0.676901048,2.630825004,225.4666468,8.267584714,7.670448073,7.670448073,5.253218858,4.267492851,4.267492851,3.003208827,3.003208827,2.148888739,2.148888739,1.163612434,1.163612434,-0.79,382.8385388,8.307943193,3.557462323,1.822066108,68.46980718,0.0,12.39368714,0.0,0.0,5.824404498,0.0,0.0,9.134199296,0,0.0,13.34455882,6.420821623,6.9237372,13.59242839,4.567099648,0.0,4.567099648,7.047671983,33.23387405,0.0,18.21809164,0.0,4.567099648,0.0,0.0,0.0,4.567099648,13.59242839,6.9237372,25.58978494,12.39368714,0.0,8.81,0.0,0.0,0,0.0,0.0,6.544756406,18.66604774,0.0,0.0,42.42303282,0.0,4.443611111,0.0,0.0,0.0,1.331898148,0.0,6.784564437,5.525462963,2.081130008,0.666666667,11,0,2,0,0,0,0,1,1,1,0,2,3,0,0,0,1,1.42112,45.253,0,0,2,2,0,0,0,0,0,0,0,2,0,0,0,0,0,1,0,0,0,0,0,0,0,0,0,0,0,3.262642741,80,0.0,1.0,168.0,7.5,0.7576380210769231,0.26757356684615385,0.9083497503846154,0
CN(C)[C+](N(C)C)N(C)C,7,3,0,0,0,1,0.857142857,1.194444444,2.083333333,1.194444444,0.520838571,144.242,126.098,144.149524,60,0.349589713,-0.111678365,0.349589713,0.111678365,0.6,0.8,0.8,15.46202249,10.56237982,2.30860206,-2.190147083,2.074492777,-2.418841822,4.783551825,0.120412298,3.983500213,69.832459,8.309401077,7.841640786,7.841640786,4.464101615,3.354101966,3.354101966,2.983281573,2.983281573,1.2,1.2,1.2,1.2,-0.25,85.75693819,9.75,3.806586691,2.557605251,64.20840472,0.0,0.0,0.0,0.0,0.0,6.289710395,0.0,0.0,0,14.69972919,0.0,0.0,42.2860319,0.0,0.0,0.0,14.69972919,0.0,0.0,42.2860319,6.289710395,0.0,0.0,0.0,0.0,0.0,56.98576109,0.0,6.289710395,0.0,0.0,0.0,9.72,0.0,0.0,0,0.0,0.0,0.0,6.289710395,0.0,42.2860319,14.69972919,0.0,0.0,6.25,0.0,0.0,0.0,0.0,1.194444444,0.0,12.22222222,0.857142857,10,0,3,0,0,0,0,0,0,3,0,3,3,0,0,0,0,0.11819,44.304,0,0,0,3,0,0,0,0,0,0,0,0,0,0,0,0,0,0,0,0,0,0,0,0,0,0,0,0,0,0.346644481,80,0.0,1.0,168.0,60.9,1.178773629,0.7263599648,0.7810740544,0
CN(C)[C+](N(C)C)N(C)C,7,3,0,0,0,1,0.857142857,1.194444444,2.083333333,1.194444444,0.520838571,144.242,126.098,144.149524,60,0.349589713,-0.111678365,0.349589713,0.111678365,0.6,0.8,0.8,15.46202249,10.56237982,2.30860206,-2.190147083,2.074492777,-2.418841822,4.783551825,0.120412298,3.983500213,69.832459,8.309401077,7.841640786,7.841640786,4.464101615,3.354101966,3.354101966,2.983281573,2.983281573,1.2,1.2,1.2,1.2,-0.25,85.75693819,9.75,3.806586691,2.557605251,64.20840472,0.0,0.0,0.0,0.0,0.0,6.289710395,0.0,0.0,0,14.69972919,0.0,0.0,42.2860319,0.0,0.0,0.0,14.69972919,0.0,0.0,42.2860319,6.289710395,0.0,0.0,0.0,0.0,0.0,56.98576109,0.0,6.289710395,0.0,0.0,0.0,9.72,0.0,0.0,0,0.0,0.0,0.0,6.289710395,0.0,42.2860319,14.69972919,0.0,0.0,6.25,0.0,0.0,0.0,0.0,1.194444444,0.0,12.22222222,0.857142857,10,0,3,0,0,0,0,0,0,3,0,3,3,0,0,0,0,0.11819,44.304,0,0,0,3,0,0,0,0,0,0,0,0,0,0,0,0,0,0,0,0,0,0,0,0,0,0,0,0,0,3.466444814,80,0.0,1.0,168.0,100.0,1.178773629,0.7263599648,0.7810740544,0
CCCC[N+]1(C)CCCC1,9,1,0,0,0,1,1.0,1.355,2.405416667,1.355,0.528866095,142.266,122.106,142.1590261,60,0.078627625,-0.326037383,0.326037383,0.078627625,1.2,1.8,2.3,15.33615721,10.27647584,2.246735375,-2.282945,2.162358186,-2.408798699,4.508065721,-0.897402108,2.21874475,92.90138861,7.449747468,7.396961064,7.396961064,4.767766953,4.603003675,4.603003675,3.850984256,3.850984256,2.697398731,2.697398731,1.86229292,1.86229292,-0.04,244.7397616,8.060401606,3.380057918,1.978612327,64.62276195,4.483030858,0.0,0.0,0.0,0.0,0.0,0.0,0.0,0,0.0,13.34455882,6.420821623,12.84164325,26.6819412,4.483030858,0.0,0.0,0.0,32.60702369,26.6819412,0.0,0.0,0.0,0.0,0.0,0.0,31.16497206,0.0,0.0,32.60702369,0.0,0.0,0.0,0.0,0.0,0,0.0,0.0,0.0,49.80058657,0.0,0.0,13.97140918,0.0,1.355,0.0,0.0,0.0,0.0,0.0,5.685286281,6.554297052,2.405416667,1.0,10,0,1,0,1,1,0,0,0,0,0,1,3,0,1,1,1,2.0269,44.9274,0,0,0,1,0,0,0,0,1,0,0,0,0,0,0,0,0,0,0,0,0,0,0,0,0,0,0,1,0,0.351444437,80,0.0,1.0,168.0,0.0,0.8516828327999999,0.25643609180000004,0.9346285656,0
CCCC[N+]1(C)CCCC1,9,1,0,0,0,1,1.0,1.355,2.405416667,1.355,0.528866095,142.266,122.106,142.1590261,60,0.078627625,-0.326037383,0.326037383,0.078627625,1.2,1.8,2.3,15.33615721,10.27647584,2.246735375,-2.282945,2.162358186,-2.408798699,4.508065721,-0.897402108,2.21874475,92.90138861,7.449747468,7.396961064,7.396961064,4.767766953,4.603003675,4.603003675,3.850984256,3.850984256,2.697398731,2.697398731,1.86229292,1.86229292,-0.04,244.7397616,8.060401606,3.380057918,1.978612327,64.62276195,4.483030858,0.0,0.0,0.0,0.0,0.0,0.0,0.0,0,0.0,13.34455882,6.420821623,12.84164325,26.6819412,4.483030858,0.0,0.0,0.0,32.60702369,26.6819412,0.0,0.0,0.0,0.0,0.0,0.0,31.16497206,0.0,0.0,32.60702369,0.0,0.0,0.0,0.0,0.0,0,0.0,0.0,0.0,49.80058657,0.0,0.0,13.97140918,0.0,1.355,0.0,0.0,0.0,0.0,0.0,5.685286281,6.554297052,2.405416667,1.0,10,0,1,0,1,1,0,0,0,0,0,1,3,0,1,1,1,2.0269,44.9274,0,0,0,1,0,0,0,0,1,0,0,0,0,0,0,0,0,0,0,0,0,0,0,0,0,0,0,1,0,3.514444366,80,0.0,1.0,168.0,0.0,0.8516828327999999,0.25643609180000004,0.9346285656,0
C[N+](C)(C)C,4,1,0,0,0,1,1.0,1.0,2.125,1.0,0.362983639,74.147,62.051,74.0964258,32,0.06746072,-0.333351019,0.333351019,0.06746072,0.8,0.8,0.8,15.24500492,10.77599508,1.87872051,-2.141610809,1.731158935,-2.271258935,3.865530024,-0.849130024,3.023715784,19.11941548,4.5,4.447213595,4.447213595,2.0,1.788854382,1.788854382,2.683281573,2.683281573,0.0,0.0,0.0,0.0,-0.04,3.609640474,4.96,0.976756002,9507.96,33.80388253,4.483030858,0.0,0.0,0.0,0.0,0.0,0.0,0.0,0,0.0,0.0,0.0,0.0,28.19068793,4.483030858,0.0,0.0,0.0,0.0,28.19068793,0.0,0.0,0.0,0.0,0.0,0.0,32.67371879,0.0,0.0,0.0,0.0,0.0,0.0,0.0,0.0,0,0.0,0.0,4.483030858,0.0,0.0,0.0,28.19068793,0.0,1.0,0.0,0.0,0.0,0.0,0.0,0.0,0.0,8.5,1.0,5,0,1,0,0,0,0,0,0,0,0,1,0,0,0,0,0,0.3224,23.9564,0,0,0,1,0,0,0,0,0,0,0,0,0,0,0,0,0,0,0,0,0,0,0,0,0,0,0,1,0,0.674308833,80,0.0,1.0,168.0,0.0,0.9428536206,0.9999993602,0.9999997453,0
C[N+](C)(C)C,4,1,0,0,0,1,1.0,1.0,2.125,1.0,0.362983639,74.147,62.051,74.0964258,32,0.06746072,-0.333351019,0.333351019,0.06746072,0.8,0.8,0.8,15.24500492,10.77599508,1.87872051,-2.141610809,1.731158935,-2.271258935,3.865530024,-0.849130024,3.023715784,19.11941548,4.5,4.447213595,4.447213595,2.0,1.788854382,1.788854382,2.683281573,2.683281573,0.0,0.0,0.0,0.0,-0.04,3.609640474,4.96,0.976756002,9507.96,33.80388253,4.483030858,0.0,0.0,0.0,0.0,0.0,0.0,0.0,0,0.0,0.0,0.0,0.0,28.19068793,4.483030858,0.0,0.0,0.0,0.0,28.19068793,0.0,0.0,0.0,0.0,0.0,0.0,32.67371879,0.0,0.0,0.0,0.0,0.0,0.0,0.0,0.0,0,0.0,0.0,4.483030858,0.0,0.0,0.0,28.19068793,0.0,1.0,0.0,0.0,0.0,0.0,0.0,0.0,0.0,8.5,1.0,5,0,1,0,0,0,0,0,0,0,0,1,0,0,0,0,0,0.3224,23.9564,0,0,0,1,0,0,0,0,0,0,0,0,0,0,0,0,0,0,0,0,0,0,0,0,0,0,0,1,0,6.743088334,80,0.0,1.0,168.0,0.0,0.9428536206,0.9999993602,0.9999997453,0
C[N+](C)(C)Cc1ccccc1,10,1,0,0,0,1,0.4,0.990092593,2.201388889,0.990092593,0.564733409,150.245,134.117,150.1277259,60,0.10374051,-0.327164983,0.327164983,0.10374051,1.0,1.545454545,2.0,15.2727943,10.18617015,2.059732163,-2.231752379,2.044948953,-2.326798315,5.127404025,-0.883503644,2.657660985,208.0644284,8.319990956,7.541071723,7.541071723,5.078298262,3.922105546,3.922105546,3.934036527,3.934036527,1.499740497,1.499740497,1.131142384,1.131142384,-0.82,244.8579632,8.278231827,3.054898793,3.190046349,68.86097673,4.483030858,6.544756406,0.0,0.0,0.0,0.0,0.0,0.0,0,0.0,30.33183534,0.0,5.563451492,21.14301595,4.483030858,0.0,0.0,0.0,6.544756406,21.14301595,35.89528683,0.0,0.0,0.0,0.0,0.0,25.62604681,6.544756406,0.0,5.563451492,30.33183534,0.0,0.0,0.0,0.0,0,0.0,0.0,11.02778726,5.563451492,0.0,0.0,51.47485129,0.0,0.990092593,0.0,0.0,1.402777778,0.0,10.57157407,0.0,1.098055556,6.604166667,0.4,11,0,1,0,0,0,1,0,1,0,0,1,2,0,0,0,1,1.8928,48.1784,0,0,0,1,0,0,0,0,0,0,0,0,1,0,0,0,0,0,0,0,0,0,0,0,0,0,0,1,0,0.332800852,80,0.0,1.0,168.0,0.0,0.7445308335,0.24762724886,0.9092085232799999,0
C[N+](C)(C)Cc1ccccc1,10,1,0,0,0,1,0.4,0.990092593,2.201388889,0.990092593,0.564733409,150.245,134.117,150.1277259,60,0.10374051,-0.327164983,0.327164983,0.10374051,1.0,1.545454545,2.0,15.2727943,10.18617015,2.059732163,-2.231752379,2.044948953,-2.326798315,5.127404025,-0.883503644,2.657660985,208.0644284,8.319990956,7.541071723,7.541071723,5.078298262,3.922105546,3.922105546,3.934036527,3.934036527,1.499740497,1.499740497,1.131142384,1.131142384,-0.82,244.8579632,8.278231827,3.054898793,3.190046349,68.86097673,4.483030858,6.544756406,0.0,0.0,0.0,0.0,0.0,0.0,0,0.0,30.33183534,0.0,5.563451492,21.14301595,4.483030858,0.0,0.0,0.0,6.544756406,21.14301595,35.89528683,0.0,0.0,0.0,0.0,0.0,25.62604681,6.544756406,0.0,5.563451492,30.33183534,0.0,0.0,0.0,0.0,0,0.0,0.0,11.02778726,5.563451492,0.0,0.0,51.47485129,0.0,0.990092593,0.0,0.0,1.402777778,0.0,10.57157407,0.0,1.098055556,6.604166667,0.4,11,0,1,0,0,0,1,0,1,0,0,1,2,0,0,0,1,1.8928,48.1784,0,0,0,1,0,0,0,0,0,0,0,0,1,0,0,0,0,0,0,0,0,0,0,0,0,0,0,1,0,3.32800852,80,0.0,1.0,168.0,0.0,0.7445308335,0.24762724886,0.9092085232799999,0
C[P+](C)(C)C,4,0,0,0,1,1,1.0,-0.388888889,2.298611111,0.388888889,0.396386378,91.114,79.018,91.06711343,32,0.048073426,0.002215896,0.048073426,0.002215896,0.8,0.8,0.8,31.1826738,11.8053262,2.026793847,-1.973504524,2.399601488,-1.738901488,7.724992206,1.951007794,3.023715784,19.11941548,4.5,4.447213595,5.341640786,2.0,1.788854382,5.366563146,2.683281573,8.049844719,0.0,0.0,0.0,0.0,0.43,3.609640474,5.43,1.260578862,141.4748891,34.91865783,0.0,0.0,0.0,0.0,0.0,0.0,0.0,0.0,0,0.0,0.0,0.0,33.92178161,0.0,0.0,7.262479191,0.0,0.0,0.0,26.65930242,0.0,0.0,0.0,0.0,0.0,7.262479191,26.65930242,0.0,0.0,0.0,0.0,0.0,0.0,0.0,0.0,0,7.262479191,0.0,0.0,0.0,0.0,0.0,26.65930242,0.0,0.0,0.0,0.0,0.0,0.0,0.0,0.0,9.194444444,-0.388888889,1.0,5,0,0,0,0,0,0,0,0,0,0,1,0,0,0,0,0,1.5232,30.616,0,0,0,0,0,0,0,0,0,0,0,0,0,0,0,0,0,0,0,0,0,0,0,0,0,0,0,0,0,0.54878718,80,0.0,1.0,168.0,0.0,1.0695340992,0.9999992442,0.9999994868,0
C[P+](C)(C)C,4,0,0,0,1,1,1.0,-0.388888889,2.298611111,0.388888889,0.396386378,91.114,79.018,91.06711343,32,0.048073426,0.002215896,0.048073426,0.002215896,0.8,0.8,0.8,31.1826738,11.8053262,2.026793847,-1.973504524,2.399601488,-1.738901488,7.724992206,1.951007794,3.023715784,19.11941548,4.5,4.447213595,5.341640786,2.0,1.788854382,5.366563146,2.683281573,8.049844719,0.0,0.0,0.0,0.0,0.43,3.609640474,5.43,1.260578862,141.4748891,34.91865783,0.0,0.0,0.0,0.0,0.0,0.0,0.0,0.0,0,0.0,0.0,0.0,33.92178161,0.0,0.0,7.262479191,0.0,0.0,0.0,26.65930242,0.0,0.0,0.0,0.0,0.0,7.262479191,26.65930242,0.0,0.0,0.0,0.0,0.0,0.0,0.0,0.0,0,7.262479191,0.0,0.0,0.0,0.0,0.0,26.65930242,0.0,0.0,0.0,0.0,0.0,0.0,0.0,0.0,9.194444444,-0.388888889,1.0,5,0,0,0,0,0,0,0,0,0,0,1,0,0,0,0,0,1.5232,30.616,0,0,0,0,0,0,0,0,0,0,0,0,0,0,0,0,0,0,0,0,0,0,0,0,0,0,0,0,0,5.487871803,80,0.0,1.0,168.0,0.0,1.0695340992,0.9999992442,0.9999994868,0
C[N+](C)(C)Cc1ccccc1,10,1,0,0,0,1,0.4,0.990092593,2.201388889,0.990092593,0.564733409,150.245,134.117,150.1277259,60,0.10374051,-0.327164983,0.327164983,0.10374051,1.0,1.545454545,2.0,15.2727943,10.18617015,2.059732163,-2.231752379,2.044948953,-2.326798315,5.127404025,-0.883503644,2.657660985,208.0644284,8.319990956,7.541071723,7.541071723,5.078298262,3.922105546,3.922105546,3.934036527,3.934036527,1.499740497,1.499740497,1.131142384,1.131142384,-0.82,244.8579632,8.278231827,3.054898793,3.190046349,68.86097673,4.483030858,6.544756406,0.0,0.0,0.0,0.0,0.0,0.0,0,0.0,30.33183534,0.0,5.563451492,21.14301595,4.483030858,0.0,0.0,0.0,6.544756406,21.14301595,35.89528683,0.0,0.0,0.0,0.0,0.0,25.62604681,6.544756406,0.0,5.563451492,30.33183534,0.0,0.0,0.0,0.0,0,0.0,0.0,11.02778726,5.563451492,0.0,0.0,51.47485129,0.0,0.990092593,0.0,0.0,1.402777778,0.0,10.57157407,0.0,1.098055556,6.604166667,0.4,11,0,1,0,0,0,1,0,1,0,0,1,2,0,0,0,1,1.8928,48.1784,0,0,0,1,0,0,0,0,0,0,0,0,1,0,0,0,0,0,0,0,0,0,0,0,0,0,0,1,0,2.0,80,0.75,0.25,0.1,0.0,0.7445308335,0.24762724886,0.9092085232799999,0
C[N+](C)(C)Cc1ccccc1,10,1,0,0,0,1,0.4,0.990092593,2.201388889,0.990092593,0.564733409,150.245,134.117,150.1277259,60,0.10374051,-0.327164983,0.327164983,0.10374051,1.0,1.545454545,2.0,15.2727943,10.18617015,2.059732163,-2.231752379,2.044948953,-2.326798315,5.127404025,-0.883503644,2.657660985,208.0644284,8.319990956,7.541071723,7.541071723,5.078298262,3.922105546,3.922105546,3.934036527,3.934036527,1.499740497,1.499740497,1.131142384,1.131142384,-0.82,244.8579632,8.278231827,3.054898793,3.190046349,68.86097673,4.483030858,6.544756406,0.0,0.0,0.0,0.0,0.0,0.0,0,0.0,30.33183534,0.0,5.563451492,21.14301595,4.483030858,0.0,0.0,0.0,6.544756406,21.14301595,35.89528683,0.0,0.0,0.0,0.0,0.0,25.62604681,6.544756406,0.0,5.563451492,30.33183534,0.0,0.0,0.0,0.0,0,0.0,0.0,11.02778726,5.563451492,0.0,0.0,51.47485129,0.0,0.990092593,0.0,0.0,1.402777778,0.0,10.57157407,0.0,1.098055556,6.604166667,0.4,11,0,1,0,0,0,1,0,1,0,0,1,2,0,0,0,1,1.8928,48.1784,0,0,0,1,0,0,0,0,0,0,0,0,1,0,0,0,0,0,0,0,0,0,0,0,0,0,0,1,0,2.0,80,0.75,0.25,24.0,0.3,0.7445308335,0.24762724886,0.9092085232799999,0
C[N+](C)(C)Cc1ccccc1,10,1,0,0,0,1,0.4,0.990092593,2.201388889,0.990092593,0.564733409,150.245,134.117,150.1277259,60,0.10374051,-0.327164983,0.327164983,0.10374051,1.0,1.545454545,2.0,15.2727943,10.18617015,2.059732163,-2.231752379,2.044948953,-2.326798315,5.127404025,-0.883503644,2.657660985,208.0644284,8.319990956,7.541071723,7.541071723,5.078298262,3.922105546,3.922105546,3.934036527,3.934036527,1.499740497,1.499740497,1.131142384,1.131142384,-0.82,244.8579632,8.278231827,3.054898793,3.190046349,68.86097673,4.483030858,6.544756406,0.0,0.0,0.0,0.0,0.0,0.0,0,0.0,30.33183534,0.0,5.563451492,21.14301595,4.483030858,0.0,0.0,0.0,6.544756406,21.14301595,35.89528683,0.0,0.0,0.0,0.0,0.0,25.62604681,6.544756406,0.0,5.563451492,30.33183534,0.0,0.0,0.0,0.0,0,0.0,0.0,11.02778726,5.563451492,0.0,0.0,51.47485129,0.0,0.990092593,0.0,0.0,1.402777778,0.0,10.57157407,0.0,1.098055556,6.604166667,0.4,11,0,1,0,0,0,1,0,1,0,0,1,2,0,0,0,1,1.8928,48.1784,0,0,0,1,0,0,0,0,0,0,0,0,1,0,0,0,0,0,0,0,0,0,0,0,0,0,0,1,0,2.0,80,0.75,0.25,72.0,4.7761,0.7445308335,0.24762724886,0.9092085232799999,0
C[N+](C)(C)Cc1ccccc1,10,1,0,0,0,1,0.4,0.990092593,2.201388889,0.990092593,0.564733409,150.245,134.117,150.1277259,60,0.10374051,-0.327164983,0.327164983,0.10374051,1.0,1.545454545,2.0,15.2727943,10.18617015,2.059732163,-2.231752379,2.044948953,-2.326798315,5.127404025,-0.883503644,2.657660985,208.0644284,8.319990956,7.541071723,7.541071723,5.078298262,3.922105546,3.922105546,3.934036527,3.934036527,1.499740497,1.499740497,1.131142384,1.131142384,-0.82,244.8579632,8.278231827,3.054898793,3.190046349,68.86097673,4.483030858,6.544756406,0.0,0.0,0.0,0.0,0.0,0.0,0,0.0,30.33183534,0.0,5.563451492,21.14301595,4.483030858,0.0,0.0,0.0,6.544756406,21.14301595,35.89528683,0.0,0.0,0.0,0.0,0.0,25.62604681,6.544756406,0.0,5.563451492,30.33183534,0.0,0.0,0.0,0.0,0,0.0,0.0,11.02778726,5.563451492,0.0,0.0,51.47485129,0.0,0.990092593,0.0,0.0,1.402777778,0.0,10.57157407,0.0,1.098055556,6.604166667,0.4,11,0,1,0,0,0,1,0,1,0,0,1,2,0,0,0,1,1.8928,48.1784,0,0,0,1,0,0,0,0,0,0,0,0,1,0,0,0,0,0,0,0,0,0,0,0,0,0,0,1,0,2.0,80,0.75,0.25,120.0,10.1493,0.7445308335,0.24762724886,0.9092085232799999,0
C[N+](C)(C)Cc1ccccc1,10,1,0,0,0,1,0.4,0.990092593,2.201388889,0.990092593,0.564733409,150.245,134.117,150.1277259,60,0.10374051,-0.327164983,0.327164983,0.10374051,1.0,1.545454545,2.0,15.2727943,10.18617015,2.059732163,-2.231752379,2.044948953,-2.326798315,5.127404025,-0.883503644,2.657660985,208.0644284,8.319990956,7.541071723,7.541071723,5.078298262,3.922105546,3.922105546,3.934036527,3.934036527,1.499740497,1.499740497,1.131142384,1.131142384,-0.82,244.8579632,8.278231827,3.054898793,3.190046349,68.86097673,4.483030858,6.544756406,0.0,0.0,0.0,0.0,0.0,0.0,0,0.0,30.33183534,0.0,5.563451492,21.14301595,4.483030858,0.0,0.0,0.0,6.544756406,21.14301595,35.89528683,0.0,0.0,0.0,0.0,0.0,25.62604681,6.544756406,0.0,5.563451492,30.33183534,0.0,0.0,0.0,0.0,0,0.0,0.0,11.02778726,5.563451492,0.0,0.0,51.47485129,0.0,0.990092593,0.0,0.0,1.402777778,0.0,10.57157407,0.0,1.098055556,6.604166667,0.4,11,0,1,0,0,0,1,0,1,0,0,1,2,0,0,0,1,1.8928,48.1784,0,0,0,1,0,0,0,0,0,0,0,0,1,0,0,0,0,0,0,0,0,0,0,0,0,0,0,1,0,2.0,80,0.75,0.25,168.0,15.5224,0.7445308335,0.24762724886,0.9092085232799999,0
C[N+](C)(C)Cc1ccccc1,10,1,0,0,0,1,0.4,0.990092593,2.201388889,0.990092593,0.564733409,150.245,134.117,150.1277259,60,0.10374051,-0.327164983,0.327164983,0.10374051,1.0,1.545454545,2.0,15.2727943,10.18617015,2.059732163,-2.231752379,2.044948953,-2.326798315,5.127404025,-0.883503644,2.657660985,208.0644284,8.319990956,7.541071723,7.541071723,5.078298262,3.922105546,3.922105546,3.934036527,3.934036527,1.499740497,1.499740497,1.131142384,1.131142384,-0.82,244.8579632,8.278231827,3.054898793,3.190046349,68.86097673,4.483030858,6.544756406,0.0,0.0,0.0,0.0,0.0,0.0,0,0.0,30.33183534,0.0,5.563451492,21.14301595,4.483030858,0.0,0.0,0.0,6.544756406,21.14301595,35.89528683,0.0,0.0,0.0,0.0,0.0,25.62604681,6.544756406,0.0,5.563451492,30.33183534,0.0,0.0,0.0,0.0,0,0.0,0.0,11.02778726,5.563451492,0.0,0.0,51.47485129,0.0,0.990092593,0.0,0.0,1.402777778,0.0,10.57157407,0.0,1.098055556,6.604166667,0.4,11,0,1,0,0,0,1,0,1,0,0,1,2,0,0,0,1,1.8928,48.1784,0,0,0,1,0,0,0,0,0,0,0,0,1,0,0,0,0,0,0,0,0,0,0,0,0,0,0,1,0,2.0,80,0.75,0.25,336.0,24.7761,0.7445308335,0.24762724886,0.9092085232799999,0
C[N+](C)(C)CCCCCCC1=CC=CC=C1,15,1,0,0,0,2,0.6,1.095917923,2.267826252,1.095917923,0.487216088,220.38,194.172,220.2059763,90,0.077992829,-0.330914819,0.330914819,0.077992829,0.8125,1.4375,2.0625,15.27171785,10.06282327,2.04435942,-2.231011617,2.080160082,-2.346461642,5.138940573,-0.8701304,2.007170653,271.2364675,11.85552486,11.07660563,11.07660563,7.578298262,6.422105546,6.422105546,5.663743004,5.663743004,2.887210768,2.887210768,1.913499822,1.913499822,-0.82,3337.761854,13.24587615,6.69591367,6.624661131,100.6856873,4.483030858,0.0,0.0,0.0,0.0,0.0,0.0,0.0,0,0.0,36.75265697,31.24673798,0.0,27.68777235,4.483030858,0.0,0.0,0.0,32.10410811,27.68777235,35.89528683,0.0,0.0,0.0,0.0,0.0,32.17080321,6.420821623,0.0,31.24673798,30.33183534,0.0,0.0,0.0,0.0,0,0.0,0.0,4.483030858,44.21231601,0.0,0.0,51.47485129,0.0,1.095917923,0.0,0.0,1.480650589,0.0,10.80720897,6.682449137,1.296961294,6.803478757,0.6,16,0,1,0,0,0,1,0,1,0,0,1,7,0,0,0,1,3.4957,71.5134,0,0,0,1,0,0,0,0,0,0,0,1,1,0,0,0,0,0,0,0,0,0,0,0,0,0,0,1,3,2.0,80,0.75,0.25,0.1,0.0,0.872858521,0.10518435271428571,0.9719995417142856,0
C[N+](C)(C)CCCCCCC1=CC=CC=C1,15,1,0,0,0,2,0.6,1.095917923,2.267826252,1.095917923,0.487216088,220.38,194.172,220.2059763,90,0.077992829,-0.330914819,0.330914819,0.077992829,0.8125,1.4375,2.0625,15.27171785,10.06282327,2.04435942,-2.231011617,2.080160082,-2.346461642,5.138940573,-0.8701304,2.007170653,271.2364675,11.85552486,11.07660563,11.07660563,7.578298262,6.422105546,6.422105546,5.663743004,5.663743004,2.887210768,2.887210768,1.913499822,1.913499822,-0.82,3337.761854,13.24587615,6.69591367,6.624661131,100.6856873,4.483030858,0.0,0.0,0.0,0.0,0.0,0.0,0.0,0,0.0,36.75265697,31.24673798,0.0,27.68777235,4.483030858,0.0,0.0,0.0,32.10410811,27.68777235,35.89528683,0.0,0.0,0.0,0.0,0.0,32.17080321,6.420821623,0.0,31.24673798,30.33183534,0.0,0.0,0.0,0.0,0,0.0,0.0,4.483030858,44.21231601,0.0,0.0,51.47485129,0.0,1.095917923,0.0,0.0,1.480650589,0.0,10.80720897,6.682449137,1.296961294,6.803478757,0.6,16,0,1,0,0,0,1,0,1,0,0,1,7,0,0,0,1,3.4957,71.5134,0,0,0,1,0,0,0,0,0,0,0,1,1,0,0,0,0,0,0,0,0,0,0,0,0,0,0,1,3,2.0,80,0.75,0.25,24.0,1.791,0.872858521,0.10518435271428571,0.9719995417142856,0
C[N+](C)(C)CCCCCCC1=CC=CC=C1,15,1,0,0,0,2,0.6,1.095917923,2.267826252,1.095917923,0.487216088,220.38,194.172,220.2059763,90,0.077992829,-0.330914819,0.330914819,0.077992829,0.8125,1.4375,2.0625,15.27171785,10.06282327,2.04435942,-2.231011617,2.080160082,-2.346461642,5.138940573,-0.8701304,2.007170653,271.2364675,11.85552486,11.07660563,11.07660563,7.578298262,6.422105546,6.422105546,5.663743004,5.663743004,2.887210768,2.887210768,1.913499822,1.913499822,-0.82,3337.761854,13.24587615,6.69591367,6.624661131,100.6856873,4.483030858,0.0,0.0,0.0,0.0,0.0,0.0,0.0,0,0.0,36.75265697,31.24673798,0.0,27.68777235,4.483030858,0.0,0.0,0.0,32.10410811,27.68777235,35.89528683,0.0,0.0,0.0,0.0,0.0,32.17080321,6.420821623,0.0,31.24673798,30.33183534,0.0,0.0,0.0,0.0,0,0.0,0.0,4.483030858,44.21231601,0.0,0.0,51.47485129,0.0,1.095917923,0.0,0.0,1.480650589,0.0,10.80720897,6.682449137,1.296961294,6.803478757,0.6,16,0,1,0,0,0,1,0,1,0,0,1,7,0,0,0,1,3.4957,71.5134,0,0,0,1,0,0,0,0,0,0,0,1,1,0,0,0,0,0,0,0,0,0,0,0,0,0,0,1,3,2.0,80,0.75,0.25,72.0,2.6866,0.872858521,0.10518435271428571,0.9719995417142856,0
C[N+](C)(C)CCCCCCC1=CC=CC=C1,15,1,0,0,0,2,0.6,1.095917923,2.267826252,1.095917923,0.487216088,220.38,194.172,220.2059763,90,0.077992829,-0.330914819,0.330914819,0.077992829,0.8125,1.4375,2.0625,15.27171785,10.06282327,2.04435942,-2.231011617,2.080160082,-2.346461642,5.138940573,-0.8701304,2.007170653,271.2364675,11.85552486,11.07660563,11.07660563,7.578298262,6.422105546,6.422105546,5.663743004,5.663743004,2.887210768,2.887210768,1.913499822,1.913499822,-0.82,3337.761854,13.24587615,6.69591367,6.624661131,100.6856873,4.483030858,0.0,0.0,0.0,0.0,0.0,0.0,0.0,0,0.0,36.75265697,31.24673798,0.0,27.68777235,4.483030858,0.0,0.0,0.0,32.10410811,27.68777235,35.89528683,0.0,0.0,0.0,0.0,0.0,32.17080321,6.420821623,0.0,31.24673798,30.33183534,0.0,0.0,0.0,0.0,0,0.0,0.0,4.483030858,44.21231601,0.0,0.0,51.47485129,0.0,1.095917923,0.0,0.0,1.480650589,0.0,10.80720897,6.682449137,1.296961294,6.803478757,0.6,16,0,1,0,0,0,1,0,1,0,0,1,7,0,0,0,1,3.4957,71.5134,0,0,0,1,0,0,0,0,0,0,0,1,1,0,0,0,0,0,0,0,0,0,0,0,0,0,0,1,3,2.0,80,0.75,0.25,120.0,2.0896,0.872858521,0.10518435271428571,0.9719995417142856,0
C[N+](C)(C)CCCCCCC1=CC=CC=C1,15,1,0,0,0,2,0.6,1.095917923,2.267826252,1.095917923,0.487216088,220.38,194.172,220.2059763,90,0.077992829,-0.330914819,0.330914819,0.077992829,0.8125,1.4375,2.0625,15.27171785,10.06282327,2.04435942,-2.231011617,2.080160082,-2.346461642,5.138940573,-0.8701304,2.007170653,271.2364675,11.85552486,11.07660563,11.07660563,7.578298262,6.422105546,6.422105546,5.663743004,5.663743004,2.887210768,2.887210768,1.913499822,1.913499822,-0.82,3337.761854,13.24587615,6.69591367,6.624661131,100.6856873,4.483030858,0.0,0.0,0.0,0.0,0.0,0.0,0.0,0,0.0,36.75265697,31.24673798,0.0,27.68777235,4.483030858,0.0,0.0,0.0,32.10410811,27.68777235,35.89528683,0.0,0.0,0.0,0.0,0.0,32.17080321,6.420821623,0.0,31.24673798,30.33183534,0.0,0.0,0.0,0.0,0,0.0,0.0,4.483030858,44.21231601,0.0,0.0,51.47485129,0.0,1.095917923,0.0,0.0,1.480650589,0.0,10.80720897,6.682449137,1.296961294,6.803478757,0.6,16,0,1,0,0,0,1,0,1,0,0,1,7,0,0,0,1,3.4957,71.5134,0,0,0,1,0,0,0,0,0,0,0,1,1,0,0,0,0,0,0,0,0,0,0,0,0,0,0,1,3,2.0,80,0.75,0.25,168.0,3.2836,0.872858521,0.10518435271428571,0.9719995417142856,0
C[N+](C)(C)CCCCCCC1=CC=CC=C1,15,1,0,0,0,2,0.6,1.095917923,2.267826252,1.095917923,0.487216088,220.38,194.172,220.2059763,90,0.077992829,-0.330914819,0.330914819,0.077992829,0.8125,1.4375,2.0625,15.27171785,10.06282327,2.04435942,-2.231011617,2.080160082,-2.346461642,5.138940573,-0.8701304,2.007170653,271.2364675,11.85552486,11.07660563,11.07660563,7.578298262,6.422105546,6.422105546,5.663743004,5.663743004,2.887210768,2.887210768,1.913499822,1.913499822,-0.82,3337.761854,13.24587615,6.69591367,6.624661131,100.6856873,4.483030858,0.0,0.0,0.0,0.0,0.0,0.0,0.0,0,0.0,36.75265697,31.24673798,0.0,27.68777235,4.483030858,0.0,0.0,0.0,32.10410811,27.68777235,35.89528683,0.0,0.0,0.0,0.0,0.0,32.17080321,6.420821623,0.0,31.24673798,30.33183534,0.0,0.0,0.0,0.0,0,0.0,0.0,4.483030858,44.21231601,0.0,0.0,51.47485129,0.0,1.095917923,0.0,0.0,1.480650589,0.0,10.80720897,6.682449137,1.296961294,6.803478757,0.6,16,0,1,0,0,0,1,0,1,0,0,1,7,0,0,0,1,3.4957,71.5134,0,0,0,1,0,0,0,0,0,0,0,1,1,0,0,0,0,0,0,0,0,0,0,0,0,0,0,1,3,2.0,80,0.75,0.25,336.0,3.2938,0.872858521,0.10518435271428571,0.9719995417142856,0
C[N+](C)(C)CCCCCCOC1=CC=CC=C1,15,1,1,0,0,2,0.6,0.841655093,5.649566327,0.841655093,0.496744111,236.379,210.171,236.2008909,96,0.118785188,-0.493601831,0.493601831,0.118785188,0.882352941,1.529411765,2.176470588,16.47669623,10.164251,2.044619475,-2.230983218,2.095252969,-2.346550176,5.202193835,-0.870130407,1.950414813,289.5401713,12.56263164,11.48485392,11.48485392,8.078298262,6.561351435,6.561351435,5.589658687,5.589658687,2.735205748,2.735205748,1.748500698,1.748500698,-1.02,5507.96112,14.04257822,7.333903453,7.80695765,105.7992325,9.219893811,5.749511833,0.0,0.0,0.0,0.0,0.0,0.0,0,0.0,18.19910121,37.81602063,0.0,34.29465432,9.219893811,0.0,0.0,0.0,25.68328649,34.29465432,30.33183534,5.749511833,4.736862954,0.0,5.749511833,0.0,38.77768518,0.0,0.0,25.68328649,30.33183534,0.0,9.23,0.0,0.0,0,0.0,0.0,23.26024628,25.80722127,0.0,30.33183534,21.14301595,4.736862954,6.719522028,0.0,0.0,0.0,0.985053881,10.05450121,5.056922005,2.105090022,6.745577523,0.6,17,0,2,0,0,0,1,0,1,1,0,2,8,0,0,0,1,3.332,73.3044,0,0,0,1,0,0,0,0,0,0,0,0,1,0,1,0,0,0,0,0,0,0,0,1,0,0,0,1,4,2.0,80,0.75,0.25,0.1,0.0,0.7765758715,0.09014143583333334,0.964326582,0
C[N+](C)(C)CCCCCCOC1=CC=CC=C1,15,1,1,0,0,2,0.6,0.841655093,5.649566327,0.841655093,0.496744111,236.379,210.171,236.2008909,96,0.118785188,-0.493601831,0.493601831,0.118785188,0.882352941,1.529411765,2.176470588,16.47669623,10.164251,2.044619475,-2.230983218,2.095252969,-2.346550176,5.202193835,-0.870130407,1.950414813,289.5401713,12.56263164,11.48485392,11.48485392,8.078298262,6.561351435,6.561351435,5.589658687,5.589658687,2.735205748,2.735205748,1.748500698,1.748500698,-1.02,5507.96112,14.04257822,7.333903453,7.80695765,105.7992325,9.219893811,5.749511833,0.0,0.0,0.0,0.0,0.0,0.0,0,0.0,18.19910121,37.81602063,0.0,34.29465432,9.219893811,0.0,0.0,0.0,25.68328649,34.29465432,30.33183534,5.749511833,4.736862954,0.0,5.749511833,0.0,38.77768518,0.0,0.0,25.68328649,30.33183534,0.0,9.23,0.0,0.0,0,0.0,0.0,23.26024628,25.80722127,0.0,30.33183534,21.14301595,4.736862954,6.719522028,0.0,0.0,0.0,0.985053881,10.05450121,5.056922005,2.105090022,6.745577523,0.6,17,0,2,0,0,0,1,0,1,1,0,2,8,0,0,0,1,3.332,73.3044,0,0,0,1,0,0,0,0,0,0,0,0,1,0,1,0,0,0,0,0,0,0,0,1,0,0,0,1,4,2.0,80,0.75,0.25,24.0,0.2,0.7765758715,0.09014143583333334,0.964326582,0
C[N+](C)(C)CCCCCCOC1=CC=CC=C1,15,1,1,0,0,2,0.6,0.841655093,5.649566327,0.841655093,0.496744111,236.379,210.171,236.2008909,96,0.118785188,-0.493601831,0.493601831,0.118785188,0.882352941,1.529411765,2.176470588,16.47669623,10.164251,2.044619475,-2.230983218,2.095252969,-2.346550176,5.202193835,-0.870130407,1.950414813,289.5401713,12.56263164,11.48485392,11.48485392,8.078298262,6.561351435,6.561351435,5.589658687,5.589658687,2.735205748,2.735205748,1.748500698,1.748500698,-1.02,5507.96112,14.04257822,7.333903453,7.80695765,105.7992325,9.219893811,5.749511833,0.0,0.0,0.0,0.0,0.0,0.0,0,0.0,18.19910121,37.81602063,0.0,34.29465432,9.219893811,0.0,0.0,0.0,25.68328649,34.29465432,30.33183534,5.749511833,4.736862954,0.0,5.749511833,0.0,38.77768518,0.0,0.0,25.68328649,30.33183534,0.0,9.23,0.0,0.0,0,0.0,0.0,23.26024628,25.80722127,0.0,30.33183534,21.14301595,4.736862954,6.719522028,0.0,0.0,0.0,0.985053881,10.05450121,5.056922005,2.105090022,6.745577523,0.6,17,0,2,0,0,0,1,0,1,1,0,2,8,0,0,0,1,3.332,73.3044,0,0,0,1,0,0,0,0,0,0,0,0,1,0,1,0,0,0,0,0,0,0,0,1,0,0,0,1,4,2.0,80,0.75,0.25,72.0,0.5,0.7765758715,0.09014143583333334,0.964326582,0
C[N+](C)(C)CCCCCCOC1=CC=CC=C1,15,1,1,0,0,2,0.6,0.841655093,5.649566327,0.841655093,0.496744111,236.379,210.171,236.2008909,96,0.118785188,-0.493601831,0.493601831,0.118785188,0.882352941,1.529411765,2.176470588,16.47669623,10.164251,2.044619475,-2.230983218,2.095252969,-2.346550176,5.202193835,-0.870130407,1.950414813,289.5401713,12.56263164,11.48485392,11.48485392,8.078298262,6.561351435,6.561351435,5.589658687,5.589658687,2.735205748,2.735205748,1.748500698,1.748500698,-1.02,5507.96112,14.04257822,7.333903453,7.80695765,105.7992325,9.219893811,5.749511833,0.0,0.0,0.0,0.0,0.0,0.0,0,0.0,18.19910121,37.81602063,0.0,34.29465432,9.219893811,0.0,0.0,0.0,25.68328649,34.29465432,30.33183534,5.749511833,4.736862954,0.0,5.749511833,0.0,38.77768518,0.0,0.0,25.68328649,30.33183534,0.0,9.23,0.0,0.0,0,0.0,0.0,23.26024628,25.80722127,0.0,30.33183534,21.14301595,4.736862954,6.719522028,0.0,0.0,0.0,0.985053881,10.05450121,5.056922005,2.105090022,6.745577523,0.6,17,0,2,0,0,0,1,0,1,1,0,2,8,0,0,0,1,3.332,73.3044,0,0,0,1,0,0,0,0,0,0,0,0,1,0,1,0,0,0,0,0,0,0,0,1,0,0,0,1,4,2.0,80,0.75,0.25,120.0,0.8955,0.7765758715,0.09014143583333334,0.964326582,0
C[N+](C)(C)CCCCCCOC1=CC=CC=C1,15,1,1,0,0,2,0.6,0.841655093,5.649566327,0.841655093,0.496744111,236.379,210.171,236.2008909,96,0.118785188,-0.493601831,0.493601831,0.118785188,0.882352941,1.529411765,2.176470588,16.47669623,10.164251,2.044619475,-2.230983218,2.095252969,-2.346550176,5.202193835,-0.870130407,1.950414813,289.5401713,12.56263164,11.48485392,11.48485392,8.078298262,6.561351435,6.561351435,5.589658687,5.589658687,2.735205748,2.735205748,1.748500698,1.748500698,-1.02,5507.96112,14.04257822,7.333903453,7.80695765,105.7992325,9.219893811,5.749511833,0.0,0.0,0.0,0.0,0.0,0.0,0,0.0,18.19910121,37.81602063,0.0,34.29465432,9.219893811,0.0,0.0,0.0,25.68328649,34.29465432,30.33183534,5.749511833,4.736862954,0.0,5.749511833,0.0,38.77768518,0.0,0.0,25.68328649,30.33183534,0.0,9.23,0.0,0.0,0,0.0,0.0,23.26024628,25.80722127,0.0,30.33183534,21.14301595,4.736862954,6.719522028,0.0,0.0,0.0,0.985053881,10.05450121,5.056922005,2.105090022,6.745577523,0.6,17,0,2,0,0,0,1,0,1,1,0,2,8,0,0,0,1,3.332,73.3044,0,0,0,1,0,0,0,0,0,0,0,0,1,0,1,0,0,0,0,0,0,0,0,1,0,0,0,1,4,2.0,80,0.75,0.25,168.0,1.791,0.7765758715,0.09014143583333334,0.964326582,0
C[N+](C)(C)CCCCCCOC1=CC=CC=C1,15,1,1,0,0,2,0.6,0.841655093,5.649566327,0.841655093,0.496744111,236.379,210.171,236.2008909,96,0.118785188,-0.493601831,0.493601831,0.118785188,0.882352941,1.529411765,2.176470588,16.47669623,10.164251,2.044619475,-2.230983218,2.095252969,-2.346550176,5.202193835,-0.870130407,1.950414813,289.5401713,12.56263164,11.48485392,11.48485392,8.078298262,6.561351435,6.561351435,5.589658687,5.589658687,2.735205748,2.735205748,1.748500698,1.748500698,-1.02,5507.96112,14.04257822,7.333903453,7.80695765,105.7992325,9.219893811,5.749511833,0.0,0.0,0.0,0.0,0.0,0.0,0,0.0,18.19910121,37.81602063,0.0,34.29465432,9.219893811,0.0,0.0,0.0,25.68328649,34.29465432,30.33183534,5.749511833,4.736862954,0.0,5.749511833,0.0,38.77768518,0.0,0.0,25.68328649,30.33183534,0.0,9.23,0.0,0.0,0,0.0,0.0,23.26024628,25.80722127,0.0,30.33183534,21.14301595,4.736862954,6.719522028,0.0,0.0,0.0,0.985053881,10.05450121,5.056922005,2.105090022,6.745577523,0.6,17,0,2,0,0,0,1,0,1,1,0,2,8,0,0,0,1,3.332,73.3044,0,0,0,1,0,0,0,0,0,0,0,0,1,0,1,0,0,0,0,0,0,0,0,1,0,0,0,1,4,2.0,80,0.75,0.25,336.0,4.1791,0.7765758715,0.09014143583333334,0.964326582,0
C[N+](C)(C)CCCCCCOCC1=CC=CC=C1,16,1,1,0,0,2,0.625,0.749722222,5.66327003,0.749722222,0.481519593,250.406,222.182,250.2165409,102,0.07799284,-0.376774372,0.376774372,0.07799284,0.888888889,1.555555556,2.222222222,16.47311071,10.16289061,2.044187757,-2.230948984,2.050411937,-2.34652073,5.127769833,-0.870130474,1.904221819,302.623041,13.26973842,12.1919607,12.1919607,8.578298262,6.999455815,6.999455815,5.966328862,5.966328862,2.979162812,2.979162812,1.908078114,1.908078114,-0.86,9100.309487,15.19834306,8.27837918,8.263058495,112.1641746,9.219893811,0.0,0.0,0.0,0.0,0.0,0.0,0.0,0,0.0,36.75265697,24.82591636,6.606881965,34.29465432,9.219893811,0.0,0.0,0.0,32.29016846,34.29465432,35.89528683,0.0,0.0,0.0,0.0,0.0,38.77768518,11.34374492,0.0,31.24673798,30.33183534,0.0,9.23,0.0,0.0,0,0.0,0.0,17.69679479,37.79149439,0.0,6.066367068,45.40848422,4.736862954,6.737185876,0.0,0.0,1.266233863,0.0,10.38155758,5.116238454,2.906608905,6.758841985,0.625,18,0,2,0,0,0,1,0,1,1,0,2,9,0,0,0,1,3.4698,77.4654,0,0,0,1,0,0,0,0,0,0,0,0,1,0,1,0,0,0,0,0,0,0,0,0,0,0,0,1,5,2.0,80,0.75,0.25,0.1,0.0,0.9472447629999999,0.11695745349999999,0.9591853816666668,0
C[N+](C)(C)CCCCCCOCC1=CC=CC=C1,16,1,1,0,0,2,0.625,0.749722222,5.66327003,0.749722222,0.481519593,250.406,222.182,250.2165409,102,0.07799284,-0.376774372,0.376774372,0.07799284,0.888888889,1.555555556,2.222222222,16.47311071,10.16289061,2.044187757,-2.230948984,2.050411937,-2.34652073,5.127769833,-0.870130474,1.904221819,302.623041,13.26973842,12.1919607,12.1919607,8.578298262,6.999455815,6.999455815,5.966328862,5.966328862,2.979162812,2.979162812,1.908078114,1.908078114,-0.86,9100.309487,15.19834306,8.27837918,8.263058495,112.1641746,9.219893811,0.0,0.0,0.0,0.0,0.0,0.0,0.0,0,0.0,36.75265697,24.82591636,6.606881965,34.29465432,9.219893811,0.0,0.0,0.0,32.29016846,34.29465432,35.89528683,0.0,0.0,0.0,0.0,0.0,38.77768518,11.34374492,0.0,31.24673798,30.33183534,0.0,9.23,0.0,0.0,0,0.0,0.0,17.69679479,37.79149439,0.0,6.066367068,45.40848422,4.736862954,6.737185876,0.0,0.0,1.266233863,0.0,10.38155758,5.116238454,2.906608905,6.758841985,0.625,18,0,2,0,0,0,1,0,1,1,0,2,9,0,0,0,1,3.4698,77.4654,0,0,0,1,0,0,0,0,0,0,0,0,1,0,1,0,0,0,0,0,0,0,0,0,0,0,0,1,5,2.0,80,0.75,0.25,24.0,0.3,0.9472447629999999,0.11695745349999999,0.9591853816666668,0
C[N+](C)(C)CCCCCCOCC1=CC=CC=C1,16,1,1,0,0,2,0.625,0.749722222,5.66327003,0.749722222,0.481519593,250.406,222.182,250.2165409,102,0.07799284,-0.376774372,0.376774372,0.07799284,0.888888889,1.555555556,2.222222222,16.47311071,10.16289061,2.044187757,-2.230948984,2.050411937,-2.34652073,5.127769833,-0.870130474,1.904221819,302.623041,13.26973842,12.1919607,12.1919607,8.578298262,6.999455815,6.999455815,5.966328862,5.966328862,2.979162812,2.979162812,1.908078114,1.908078114,-0.86,9100.309487,15.19834306,8.27837918,8.263058495,112.1641746,9.219893811,0.0,0.0,0.0,0.0,0.0,0.0,0.0,0,0.0,36.75265697,24.82591636,6.606881965,34.29465432,9.219893811,0.0,0.0,0.0,32.29016846,34.29465432,35.89528683,0.0,0.0,0.0,0.0,0.0,38.77768518,11.34374492,0.0,31.24673798,30.33183534,0.0,9.23,0.0,0.0,0,0.0,0.0,17.69679479,37.79149439,0.0,6.066367068,45.40848422,4.736862954,6.737185876,0.0,0.0,1.266233863,0.0,10.38155758,5.116238454,2.906608905,6.758841985,0.625,18,0,2,0,0,0,1,0,1,1,0,2,9,0,0,0,1,3.4698,77.4654,0,0,0,1,0,0,0,0,0,0,0,0,1,0,1,0,0,0,0,0,0,0,0,0,0,0,0,1,5,2.0,80,0.75,0.25,72.0,0.8,0.9472447629999999,0.11695745349999999,0.9591853816666668,0
C[N+](C)(C)CCCCCCOCC1=CC=CC=C1,16,1,1,0,0,2,0.625,0.749722222,5.66327003,0.749722222,0.481519593,250.406,222.182,250.2165409,102,0.07799284,-0.376774372,0.376774372,0.07799284,0.888888889,1.555555556,2.222222222,16.47311071,10.16289061,2.044187757,-2.230948984,2.050411937,-2.34652073,5.127769833,-0.870130474,1.904221819,302.623041,13.26973842,12.1919607,12.1919607,8.578298262,6.999455815,6.999455815,5.966328862,5.966328862,2.979162812,2.979162812,1.908078114,1.908078114,-0.86,9100.309487,15.19834306,8.27837918,8.263058495,112.1641746,9.219893811,0.0,0.0,0.0,0.0,0.0,0.0,0.0,0,0.0,36.75265697,24.82591636,6.606881965,34.29465432,9.219893811,0.0,0.0,0.0,32.29016846,34.29465432,35.89528683,0.0,0.0,0.0,0.0,0.0,38.77768518,11.34374492,0.0,31.24673798,30.33183534,0.0,9.23,0.0,0.0,0,0.0,0.0,17.69679479,37.79149439,0.0,6.066367068,45.40848422,4.736862954,6.737185876,0.0,0.0,1.266233863,0.0,10.38155758,5.116238454,2.906608905,6.758841985,0.625,18,0,2,0,0,0,1,0,1,1,0,2,9,0,0,0,1,3.4698,77.4654,0,0,0,1,0,0,0,0,0,0,0,0,1,0,1,0,0,0,0,0,0,0,0,0,0,0,0,1,5,2.0,80,0.75,0.25,120.0,3.6,0.9472447629999999,0.11695745349999999,0.9591853816666668,0
C[N+](C)(C)CCCCCCOCC1=CC=CC=C1,16,1,1,0,0,2,0.625,0.749722222,5.66327003,0.749722222,0.481519593,250.406,222.182,250.2165409,102,0.07799284,-0.376774372,0.376774372,0.07799284,0.888888889,1.555555556,2.222222222,16.47311071,10.16289061,2.044187757,-2.230948984,2.050411937,-2.34652073,5.127769833,-0.870130474,1.904221819,302.623041,13.26973842,12.1919607,12.1919607,8.578298262,6.999455815,6.999455815,5.966328862,5.966328862,2.979162812,2.979162812,1.908078114,1.908078114,-0.86,9100.309487,15.19834306,8.27837918,8.263058495,112.1641746,9.219893811,0.0,0.0,0.0,0.0,0.0,0.0,0.0,0,0.0,36.75265697,24.82591636,6.606881965,34.29465432,9.219893811,0.0,0.0,0.0,32.29016846,34.29465432,35.89528683,0.0,0.0,0.0,0.0,0.0,38.77768518,11.34374492,0.0,31.24673798,30.33183534,0.0,9.23,0.0,0.0,0,0.0,0.0,17.69679479,37.79149439,0.0,6.066367068,45.40848422,4.736862954,6.737185876,0.0,0.0,1.266233863,0.0,10.38155758,5.116238454,2.906608905,6.758841985,0.625,18,0,2,0,0,0,1,0,1,1,0,2,9,0,0,0,1,3.4698,77.4654,0,0,0,1,0,0,0,0,0,0,0,0,1,0,1,0,0,0,0,0,0,0,0,0,0,0,0,1,5,2.0,80,0.75,0.25,168.0,4.5,0.9472447629999999,0.11695745349999999,0.9591853816666668,0
C[N+](C)(C)CCCCCCOCC1=CC=CC=C1,16,1,1,0,0,2,0.625,0.749722222,5.66327003,0.749722222,0.481519593,250.406,222.182,250.2165409,102,0.07799284,-0.376774372,0.376774372,0.07799284,0.888888889,1.555555556,2.222222222,16.47311071,10.16289061,2.044187757,-2.230948984,2.050411937,-2.34652073,5.127769833,-0.870130474,1.904221819,302.623041,13.26973842,12.1919607,12.1919607,8.578298262,6.999455815,6.999455815,5.966328862,5.966328862,2.979162812,2.979162812,1.908078114,1.908078114,-0.86,9100.309487,15.19834306,8.27837918,8.263058495,112.1641746,9.219893811,0.0,0.0,0.0,0.0,0.0,0.0,0.0,0,0.0,36.75265697,24.82591636,6.606881965,34.29465432,9.219893811,0.0,0.0,0.0,32.29016846,34.29465432,35.89528683,0.0,0.0,0.0,0.0,0.0,38.77768518,11.34374492,0.0,31.24673798,30.33183534,0.0,9.23,0.0,0.0,0,0.0,0.0,17.69679479,37.79149439,0.0,6.066367068,45.40848422,4.736862954,6.737185876,0.0,0.0,1.266233863,0.0,10.38155758,5.116238454,2.906608905,6.758841985,0.625,18,0,2,0,0,0,1,0,1,1,0,2,9,0,0,0,1,3.4698,77.4654,0,0,0,1,0,0,0,0,0,0,0,0,1,0,1,0,0,0,0,0,0,0,0,0,0,0,0,1,5,2.0,80,0.75,0.25,336.0,5.0,0.9472447629999999,0.11695745349999999,0.9591853816666668,0
C[N+](C)(C)C,4,1,0,0,0,1,1.0,1.0,2.125,1.0,0.362983639,74.147,62.051,74.0964258,32,0.06746072,-0.333351019,0.333351019,0.06746072,0.8,0.8,0.8,15.24500492,10.77599508,1.87872051,-2.141610809,1.731158935,-2.271258935,3.865530024,-0.849130024,3.023715784,19.11941548,4.5,4.447213595,4.447213595,2.0,1.788854382,1.788854382,2.683281573,2.683281573,0.0,0.0,0.0,0.0,-0.04,3.609640474,4.96,0.976756002,9507.96,33.80388253,4.483030858,0.0,0.0,0.0,0.0,0.0,0.0,0.0,0,0.0,0.0,0.0,0.0,28.19068793,4.483030858,0.0,0.0,0.0,0.0,28.19068793,0.0,0.0,0.0,0.0,0.0,0.0,32.67371879,0.0,0.0,0.0,0.0,0.0,0.0,0.0,0.0,0,0.0,0.0,4.483030858,0.0,0.0,0.0,28.19068793,0.0,1.0,0.0,0.0,0.0,0.0,0.0,0.0,0.0,8.5,1.0,5,0,1,0,0,0,0,0,0,0,0,1,0,0,0,0,0,0.3224,23.9564,0,0,0,1,0,0,0,0,0,0,0,0,0,0,0,0,0,0,0,0,0,0,0,0,0,0,0,1,0,6.0,160,0.0,1.0,61.9,50.0,0.9428536206,0.9999993602,0.9999997453,1
COC1=CC(C[N+](C)(C)C)=CC=C1,11,1,1,0,0,1,0.454545455,0.936064815,5.16239229,0.936064815,0.645516825,180.271,162.127,180.1382906,72,0.118854921,-0.496753958,0.496753958,0.118854921,1.230769231,1.923076923,2.461538462,16.46528454,10.1699375,2.078272589,-2.234709084,2.143483146,-2.327216565,5.272951676,-0.883503912,2.777742962,275.6639223,9.897341225,8.871969744,8.871969744,6.010149915,4.445161584,4.445161584,4.299966987,4.299966987,1.791065091,1.791065091,1.318536894,1.318536894,-1.02,636.6542811,10.06347245,3.793045487,3.467380189,80.33946408,9.219893811,12.29426824,0.0,0.0,0.0,0.0,0.0,0.0,0,0.0,12.13273414,12.13273414,5.563451492,28.25281349,9.219893811,0.0,0.0,0.0,6.544756406,28.25281349,29.82891977,5.749511833,4.736862954,0.0,5.749511833,0.0,32.73584435,6.544756406,0.0,5.563451492,24.26546827,0.0,9.23,0.0,0.0,0,0.0,0.0,16.7772991,5.563451492,7.109797541,12.13273414,33.27575008,4.736862954,6.100058579,0.0,0.0,1.311898148,0.936064815,8.220740741,0.0,1.025,8.239571051,0.454545455,13,0,2,0,0,0,1,0,1,1,0,2,3,0,0,0,1,1.9014,54.7304,0,0,0,1,0,0,0,0,0,0,0,0,1,0,1,0,0,0,1,0,0,0,0,0,0,0,0,1,0,6.0,160,0.0,1.0,16.6,50.0,0.719438346,0.223776932,0.878418562,1
C[N+](C)(C)Cc1ccccc1,10,1,0,0,0,1,0.4,0.990092593,2.201388889,0.990092593,0.564733409,150.245,134.117,150.1277259,60,0.10374051,-0.327164983,0.327164983,0.10374051,1.0,1.545454545,2.0,15.2727943,10.18617015,2.059732163,-2.231752379,2.044948953,-2.326798315,5.127404025,-0.883503644,2.657660985,208.0644284,8.319990956,7.541071723,7.541071723,5.078298262,3.922105546,3.922105546,3.934036527,3.934036527,1.499740497,1.499740497,1.131142384,1.131142384,-0.82,244.8579632,8.278231827,3.054898793,3.190046349,68.86097673,4.483030858,6.544756406,0.0,0.0,0.0,0.0,0.0,0.0,0,0.0,30.33183534,0.0,5.563451492,21.14301595,4.483030858,0.0,0.0,0.0,6.544756406,21.14301595,35.89528683,0.0,0.0,0.0,0.0,0.0,25.62604681,6.544756406,0.0,5.563451492,30.33183534,0.0,0.0,0.0,0.0,0,0.0,0.0,11.02778726,5.563451492,0.0,0.0,51.47485129,0.0,0.990092593,0.0,0.0,1.402777778,0.0,10.57157407,0.0,1.098055556,6.604166667,0.4,11,0,1,0,0,0,1,0,1,0,0,1,2,0,0,0,1,1.8928,48.1784,0,0,0,1,0,0,0,0,0,0,0,0,1,0,0,0,0,0,0,0,0,0,0,0,0,0,0,1,0,6.0,160,0.0,1.0,4.18,50.0,0.7445308335,0.24762724886,0.9092085232799999,1
CC[N+](CC)(CC)CC1=CC=CC=C1,13,1,0,0,0,1,0.538461538,1.170972222,2.287638889,1.170972222,0.628964296,192.326,170.15,192.1746761,78,0.104337786,-0.320546819,0.320546819,0.104337786,0.857142857,1.357142857,1.785714286,15.33747115,10.15299861,2.199590076,-2.354114124,2.129505091,-2.460645967,5.128920487,-0.935656995,2.740120863,240.9332273,10.4413113,9.662392066,9.662392066,6.760278777,5.650468401,5.650468401,3.934036527,3.934036527,3.373270224,3.373270224,1.976948751,1.976948751,-0.82,1638.294016,11.25587253,5.158038464,2.582768304,87.95580308,4.483030858,6.544756406,0.0,0.0,0.0,0.0,0.0,0.0,0,0.0,30.33183534,20.7712116,5.563451492,19.63426922,4.483030858,0.0,0.0,0.0,27.315968,19.63426922,35.89528683,0.0,0.0,0.0,0.0,0.0,24.11730008,6.544756406,0.0,26.33466309,30.33183534,0.0,0.0,0.0,0.0,0,0.0,0.0,0.0,36.22550797,0.0,0.0,51.10304694,0.0,1.198425926,0.0,0.0,1.456527778,0.0,10.80551965,0.0,11.70619331,0.0,0.538461538,14,0,1,0,0,0,1,0,1,0,0,1,5,0,0,0,1,3.0631,62.0294,0,0,0,1,0,0,0,0,0,0,0,0,1,0,0,0,0,0,0,0,0,0,0,0,0,0,0,1,0,6.0,160,0.0,1.0,0.68,50.0,0.98202283,0.289851821,0.965909875,1
C[N+](C)(C)CC1=CC=CC([N+](=O)[O-])=C1,10,2,2,0,0,3,0.4,-0.361944444,10.51921249,0.162916667,0.419074262,195.242,180.122,195.1128041,76,0.269421533,-0.327161369,0.327161369,0.269421533,1.357142857,2.0,2.5,16.62822038,10.16048593,2.113011573,-2.231386702,2.147687443,-2.327452844,5.332933547,-0.88350841,2.893731243,342.2203894,10.76758471,8.72743163,8.72743163,6.382828715,4.421544318,4.421544318,4.375449257,4.375449257,1.778299716,1.778299716,1.316106063,1.316106063,-1.42,900.4384514,10.65949126,3.754814406,3.141802959,83.51395246,4.483030858,6.544756406,0.0,0.0,5.687386275,0.0,10.11431827,0.0,0,0.0,12.13273414,0.0,17.69618563,26.066327,9.406341907,5.687386275,0.0,0.0,6.544756406,21.14301595,39.94323803,0.0,0.0,5.687386275,0.0,0.0,30.54935785,6.544756406,10.11431827,5.563451492,24.26546827,0.0,43.14,0.0,10.11431827,0,10.61069732,0.0,16.59123876,6.066367068,12.13273414,6.066367068,21.14301595,0.0,0.765047241,10.15726805,10.51921249,1.155231481,0.0,6.780046296,0.0,0.793333333,6.163194444,0.4,14,0,4,0,0,0,1,0,1,2,0,4,3,0,0,0,1,1.801,54.8328,0,0,0,2,0,0,0,0,0,0,0,0,1,0,0,0,0,0,0,0,1,1,1,0,0,0,0,1,0,6.0,160,0.0,1.0,0.66,50.0,0.70194105,0.242007604,0.844573902,1
C[N+]12CCN(CC1)CC2,7,2,0,0,0,1,1.0,1.34375,2.572916667,1.34375,0.405998314,127.211,112.091,127.1229749,52,0.09141512,-0.322862006,0.322862006,0.09141512,1.0,1.444444444,1.666666667,15.43350124,10.16549466,2.334999889,-2.475702815,2.147881524,-2.646457931,4.682049453,-0.922474643,2.112777928,100.3101209,6.319990956,6.137067878,6.137067878,4.285405043,3.844580192,3.844580192,3.631964871,3.631964871,2.868186989,2.868186989,1.819348531,1.819348531,-0.08,166.9245307,5.68580385,1.703725895,0.864355867,56.64688023,4.483030858,0.0,0.0,0.0,0.0,0.0,4.899909731,0.0,0,0.0,0.0,0.0,19.63426922,26.6819412,4.483030858,0.0,4.899909731,0.0,0.0,46.31621042,0.0,0.0,0.0,0.0,0.0,0.0,55.69915101,0.0,0.0,0.0,0.0,0.0,3.24,0.0,0.0,0,0.0,0.0,0.0,43.75156929,0.0,0.0,11.94758171,0.0,1.34375,2.572916667,0.0,0.0,0.0,0.0,0.0,8.197916667,2.385416667,1.0,9,0,2,0,3,3,0,0,0,1,0,2,0,0,3,3,3,-0.2378,37.2254,0,0,0,2,0,0,0,1,0,0,0,0,0,3,0,0,0,0,0,0,0,0,0,0,0,3,0,1,0,6.0,160,0.0,1.0,13.5,50.0,0.9883244113333333,0.627628632,0.9999964403333333,1
C1=CC=C(C[N+]23CCN(CC2)CC3)C=C1,13,2,0,0,0,1,0.538461538,1.244722222,2.602175926,1.244722222,0.65553645,203.309,184.157,203.154275,80,0.104470062,-0.316679545,0.316679545,0.104470062,0.933333333,1.533333333,2.133333333,15.44896566,10.08424963,2.375263615,-2.501729495,2.223023983,-2.661079096,5.131106462,-0.952859213,1.76429187,311.874569,10.13998191,9.230926005,9.230926005,7.363703305,5.977831355,5.977831355,4.997814409,4.997814409,4.03251729,4.03251729,2.939369551,2.939369551,-0.86,5345.348777,9.372017247,3.616646231,1.795061163,91.70397444,4.483030858,6.544756406,0.0,0.0,0.0,0.0,4.899909731,0.0,0,0.0,30.33183534,0.0,25.19772071,19.63426922,4.483030858,0.0,4.899909731,0.0,6.544756406,39.26853844,35.89528683,0.0,0.0,0.0,0.0,0.0,48.65147902,6.544756406,0.0,5.563451492,30.33183534,0.0,3.24,0.0,0.0,0,0.0,0.0,0.0,55.85977719,0.0,0.0,35.23174507,0.0,1.333842593,2.602175926,0.0,1.507268519,0.0,10.97351498,0.0,9.249864654,0.0,0.538461538,15,0,2,0,3,3,1,0,1,1,0,2,2,0,3,3,4,1.3326,61.4474,0,0,0,2,0,0,0,0,0,0,0,0,1,3,0,0,0,0,0,0,0,0,0,0,0,3,0,1,0,6.0,160,0.0,1.0,1.4,50.0,0.9651363996470589,0.2321001144117647,0.9781712168235295,1
C[N+]1(C)CCCCC1,7,1,0,0,0,1,1.0,1.25,2.318611111,1.25,0.415670172,114.212,98.084,114.1277259,48,0.078203355,-0.328479043,0.328479043,0.078203355,0.875,1.375,1.625,15.30247403,10.11676649,2.1706702,-2.326855474,2.114976763,-2.430848884,4.471585491,-0.89445777,2.327882879,68.45601116,6.035533906,5.982747501,5.982747501,3.707106781,3.526882723,3.526882723,3.443605225,3.443605225,2.026882723,2.026882723,1.368249222,1.368249222,-0.04,59.4111508,6.085628141,2.058167191,1.47805616,51.89287772,4.483030858,0.0,0.0,0.0,0.0,0.0,0.0,0.0,0,0.0,0.0,19.26246487,0.0,27.18485678,4.483030858,0.0,0.0,0.0,19.26246487,27.18485678,0.0,0.0,0.0,0.0,0.0,0.0,31.66788763,0.0,0.0,19.26246487,0.0,0.0,0.0,0.0,0.0,0,0.0,0.0,0.0,36.83500854,0.0,0.0,14.09534397,0.0,1.25,0.0,0.0,0.0,0.0,0.0,4.335,2.777777778,4.637222222,1.0,8,0,1,0,1,1,0,0,0,0,0,1,0,0,1,1,1,1.2467,35.6934,0,0,0,1,0,0,0,0,1,0,0,0,0,0,0,0,0,0,0,0,0,0,0,0,1,0,0,1,0,6.0,160,0.0,1.0,87.3,50.0,0.8178609569999999,0.49637977099999997,0.87417168175,1
C[N+]1(CC2=CC=CC=C2)CCCCC1,13,1,0,0,0,1,0.538461538,1.209166667,2.395,1.209166667,0.629058375,190.31,170.15,190.1590261,76,0.104154064,-0.322295086,0.322295086,0.104154064,1.0,1.642857143,2.285714286,15.32741476,10.06976967,2.238924768,-2.374127779,2.192368797,-2.464159809,5.129054693,-0.926460391,2.020245375,272.546854,9.855524862,9.076605629,9.076605629,6.785405043,5.660133887,5.660133887,4.771089901,4.771089901,3.303016422,3.303016422,2.457935039,2.457935039,-0.82,2070.989944,9.724281562,4.138411667,2.355126699,86.94997192,4.483030858,6.544756406,0.0,0.0,0.0,0.0,0.0,0.0,0,0.0,30.33183534,19.26246487,5.563451492,20.13718479,4.483030858,0.0,0.0,0.0,25.80722127,20.13718479,35.89528683,0.0,0.0,0.0,0.0,0.0,24.62021565,6.544756406,0.0,24.82591636,30.33183534,0.0,0.0,0.0,0.0,0,0.0,0.0,0.0,48.94321644,0.0,0.0,37.37950732,0.0,1.240092593,0.0,0.0,1.483240741,0.0,10.88174068,4.245334152,3.921258503,2.395,0.538461538,14,0,1,0,1,1,1,0,1,0,0,1,2,0,1,1,2,2.8171,59.9154,0,0,0,1,0,0,0,0,1,0,0,0,1,0,0,0,0,0,0,0,0,0,0,0,1,0,0,1,0,6.0,160,0.0,1.0,7.3,50.0,0.8523135852857143,0.21687114642857144,0.93113035,1
CC1=[N+](C)C=CN1C,6,2,0,0,0,1,0.5,1.268518519,2.083333333,1.268518519,0.42157426,111.168,100.08,111.0916748,44,0.252282846,-0.237196828,0.252282846,0.237196828,1.625,2.25,2.375,15.1074661,10.67634854,2.001560698,-1.844967415,1.837414484,-2.286614375,4.752575888,-0.676801109,3.194945502,168.9086471,6.14626437,5.549127729,5.549127729,3.715214055,2.691371899,2.691371899,2.067166257,2.067166257,1.534762801,1.534762801,0.664541252,0.664541252,-0.79,75.4050522,5.348696255,1.617020637,0.619399124,49.37498084,0.0,12.39368714,0.0,0.0,5.824404498,0.0,0.0,9.134199296,0,0.0,0.0,0.0,6.9237372,14.09534397,4.567099648,0.0,4.567099648,14.09534397,6.9237372,0.0,18.21809164,0.0,4.567099648,0.0,0.0,0.0,4.567099648,14.09534397,6.9237372,5.824404498,12.39368714,0.0,8.81,0.0,0.0,0,0.0,0.0,0.0,5.824404498,0.0,26.48903111,16.0579365,0.0,4.166666667,0.0,0.0,0.0,1.268518519,0.0,4.074074074,2.083333333,4.074074074,0.5,8,0,2,0,0,0,0,1,1,1,0,2,0,0,0,0,1,0.15802,31.326,0,0,2,2,0,0,0,0,0,0,0,2,0,0,0,0,0,1,0,0,0,0,0,0,0,0,0,0,0,6.0,160,0.0,1.0,0.1,50.0,0.324813324,0.39008869166666665,0.6349172278333334,1
CCCCCCCCN1C=C[N+](C)=C1,12,2,0,0,0,2,0.75,1.173576389,2.263711026,1.173576389,0.467049829,195.33,172.146,195.1855752,80,0.243028826,-0.239533996,0.243028826,0.239533996,1.071428571,1.785714286,2.428571429,15.0879652,10.12130881,1.981085289,-1.978745419,2.051816852,-2.232756411,4.65004881,-0.670569703,1.988225182,240.2246976,10.22576835,9.576225467,9.576225467,6.825698503,5.836677035,5.836677035,4.08467475,4.08467475,2.593598922,2.593598922,1.708692282,1.708692282,-0.79,1955.580095,11.28570023,6.632365645,4.447245118,87.56463352,0.0,12.39368714,0.0,6.327320075,0.0,0.0,0.0,9.134199296,0,0.0,32.60702369,12.84164325,0.0,13.59242839,4.567099648,0.0,4.567099648,7.047671983,51.99342334,0.0,18.72100722,0.0,4.567099648,0.0,0.0,0.0,4.567099648,13.59242839,0.0,45.44866694,18.72100722,0.0,8.81,0.0,0.0,0,0.0,0.0,0.0,45.06968614,0.0,0.0,41.8266157,0.0,4.358039336,0.0,0.0,0.0,0.0,0.0,14.63746271,3.437287415,2.067210541,0.75,14,0,2,0,0,0,0,1,1,1,0,2,7,0,0,0,1,2.6731,58.984,0,0,2,2,0,0,0,0,0,0,0,2,0,0,0,0,0,1,0,0,0,0,0,0,0,0,0,0,4,6.0,60,0.0,1.0,0.1,50.0,0.789017915,0.09183056,0.971829751,1
C[N+]1=CN(CC2=CC=CC=C2)C=C1,11,2,0,0,0,1,0.181818182,0.946111111,2.162037037,0.946111111,0.606301897,173.239,160.135,173.1073248,66,0.243313076,-0.239525547,0.243313076,0.239525547,1.230769231,2.0,2.615384615,15.08884855,10.2050969,1.993278709,-1.950295583,1.999959228,-2.233288891,5.142192816,-0.670536255,2.152484386,375.9986193,9.096011838,7.720336126,7.720336126,6.343336593,4.393807247,4.393807247,3.237013442,3.237013442,2.031705793,2.031705793,1.389481779,1.389481779,-1.57,1629.760421,8.047715037,3.435837117,1.963332503,78.06713293,0.0,18.93844355,0.0,6.327320075,0.0,0.0,0.0,9.134199296,0,0.0,30.33183534,5.563451492,0.0,7.047671983,4.567099648,0.0,4.567099648,7.047671983,6.544756406,0.0,54.61629405,0.0,4.567099648,0.0,0.0,0.0,4.567099648,13.59242839,0.0,5.563451492,49.05284256,0.0,8.81,0.0,0.0,0,0.0,0.0,6.544756406,5.563451492,0.0,23.87798227,41.35673157,0.0,4.20662037,0.0,0.0,1.33212963,0.0,10.45518519,6.197361111,0.946111111,2.029259259,0.181818182,13,0,2,0,0,0,1,1,2,1,0,2,2,0,0,0,2,1.3609,51.152,0,0,2,2,0,0,0,0,0,0,0,1,1,0,0,0,0,1,0,0,0,0,0,0,0,0,0,0,0,6.0,25,0.0,1.0,0.1,50.0,0.914798806,0.248237628,0.939221469,1
C1=CC=C(C[N+]2=CC=CC=C2)C=C1,12,1,0,0,0,1,0.083333333,0.946111111,2.162037037,0.946111111,0.607026736,170.235,158.139,170.0964258,64,0.1732973,-0.200778191,0.200778191,0.1732973,0.769230769,1.384615385,2.076923077,14.91773153,10.2000858,1.977779531,-1.950965332,1.961325305,-2.321392417,5.126707994,-0.687935932,2.161475751,315.8986487,8.932875131,7.427823069,7.427823069,6.449489743,4.430195872,4.430195872,3.033424679,3.033424679,1.985278953,1.985278953,1.333965744,1.333965744,-1.63,1589.71823,7.990585046,3.853986625,2.152838045,78.28305891,0.0,0.0,18.93844355,0.0,0.0,0.0,0.0,4.567099648,0,0.0,36.39820241,0.0,17.69618563,0.0,4.567099648,0.0,0.0,0.0,6.544756406,0.0,66.48807518,0.0,4.567099648,0.0,0.0,0.0,0.0,6.544756406,0.0,5.563451492,60.92462369,0.0,3.88,0.0,0.0,0,0.0,0.0,6.544756406,5.563451492,0.0,24.26546827,41.22625506,0.0,2.162037037,0.0,0.0,1.33212963,0.0,16.57361111,4.152777778,0.946111111,0.0,0.083333333,13,0,1,0,0,0,1,1,2,0,0,1,2,0,0,0,2,2.0224,52.181,0,0,1,1,0,0,0,0,0,0,0,0,1,0,0,0,0,0,0,0,0,0,0,0,0,0,1,0,0,6.0,25,0.0,1.0,0.1,50.0,0.8814376178666666,0.22150478393333334,0.9698084282666667,1
CN(C)[C+](N(C)C)N(CC1=CC=CC=C1)CC1=CC=CC=C1,19,3,0,0,0,1,0.315789474,0.890305178,2.407407407,0.890305178,0.726198923,296.438,270.23,296.2121243,116,0.350790876,-0.111637778,0.350790876,0.111637778,0.636363636,1.0,1.318181818,15.47793449,10.14491315,2.370148791,-2.259326195,2.204563786,-2.450394182,5.177098443,0.068429143,2.226666799,487.6214584,15.94938299,14.02935704,14.02935704,10.5753874,7.620604294,7.620604294,5.916113831,5.916113831,3.515361089,3.515361089,2.770621209,2.770621209,-1.81,88405.67054,16.55862821,7.990063321,4.598182993,134.3225931,0.0,0.0,0.0,0.0,0.0,6.289710395,0.0,0.0,0,9.799819462,65.56358042,11.12690298,28.19068793,13.08951281,0.0,0.0,14.69972919,0.0,13.08951281,28.19068793,78.08028406,0.0,0.0,0.0,0.0,0.0,42.89041712,13.08951281,6.289710395,11.12690298,60.66367068,0.0,9.72,0.0,0.0,0,0.0,0.0,13.08951281,17.41661338,0.0,0.0,103.5540878,0.0,0.0,6.752407407,0.0,2.638205782,0.0,21.24497449,1.201579743,1.780610355,8.382222222,0.315789474,22,0,3,0,0,0,2,0,2,3,0,3,7,0,0,0,2,3.25899,92.748,0,0,0,3,0,0,0,0,0,0,0,0,2,0,0,0,0,0,0,0,0,0,0,0,0,0,0,0,0,6.0,160,0.0,1.0,0.1,50.0,1.222687327,0.505430976,0.746976186,1
C[N+](C)(C)C,4,1,0,0,0,1,1.0,1.0,2.125,1.0,0.362983639,74.147,62.051,74.0964258,32,0.06746072,-0.333351019,0.333351019,0.06746072,0.8,0.8,0.8,15.24500492,10.77599508,1.87872051,-2.141610809,1.731158935,-2.271258935,3.865530024,-0.849130024,3.023715784,19.11941548,4.5,4.447213595,4.447213595,2.0,1.788854382,1.788854382,2.683281573,2.683281573,0.0,0.0,0.0,0.0,-0.04,3.609640474,4.96,0.976756002,9507.96,33.80388253,4.483030858,0.0,0.0,0.0,0.0,0.0,0.0,0.0,0,0.0,0.0,0.0,0.0,28.19068793,4.483030858,0.0,0.0,0.0,0.0,28.19068793,0.0,0.0,0.0,0.0,0.0,0.0,32.67371879,0.0,0.0,0.0,0.0,0.0,0.0,0.0,0.0,0,0.0,0.0,4.483030858,0.0,0.0,0.0,28.19068793,0.0,1.0,0.0,0.0,0.0,0.0,0.0,0.0,0.0,8.5,1.0,5,0,1,0,0,0,0,0,0,0,0,1,0,0,0,0,0,0.3224,23.9564,0,0,0,1,0,0,0,0,0,0,0,0,0,0,0,0,0,0,0,0,0,0,0,0,0,0,0,1,0,6.0,160,0.0,1.0,61.9,50.0,0.9428536206,0.9999993602,0.9999997453,1
CC[N+](C)(C)C,5,1,0,0,0,1,1.0,1.069444444,2.180555556,1.069444444,0.414090868,88.174,74.062,88.11207587,38,0.075126516,-0.331143504,0.331143504,0.075126516,1.166666667,1.333333333,1.333333333,15.26847713,10.57447968,1.970198353,-2.200960917,1.832317253,-2.329130558,4.062835656,-0.867943449,3.168489873,33.69332843,5.207106781,5.154320377,5.154320377,2.560660172,2.364975334,2.364975334,2.606551851,2.606551851,0.948683298,0.948683298,0.0,0.0,-0.04,12.16479704,5.96,1.605659929,3.96,40.16882464,4.483030858,0.0,0.0,0.0,0.0,0.0,0.0,0.0,0,0.0,0.0,6.9237372,0.0,27.68777235,4.483030858,0.0,0.0,0.0,6.9237372,27.68777235,0.0,0.0,0.0,0.0,0.0,0.0,32.17080321,0.0,0.0,6.9237372,0.0,0.0,0.0,0.0,0.0,0,0.0,0.0,4.483030858,6.544756406,0.0,0.0,28.06675315,0.0,1.069444444,0.0,0.0,0.0,0.0,0.0,0.0,3.388888889,6.541666667,1.0,6,0,1,0,0,0,0,0,0,0,0,1,1,0,0,0,0,0.7125,28.5734,0,0,0,1,0,0,0,0,0,0,0,0,0,0,0,0,0,0,0,0,0,0,0,0,0,0,0,1,0,6.0,160,0.0,1.0,2.8,50.0,0.851120246,0.580153864,0.995824272,1
CCC[N+](C)(C)C,6,1,0,0,0,1,1.0,1.09375,2.211805556,1.09375,0.457983087,102.201,86.073,102.1277259,44,0.077725546,-0.330923604,0.330923604,0.077725546,1.142857143,1.571428571,1.571428571,15.27125077,10.41010593,2.00748913,-2.219397239,1.896332133,-2.342171473,4.20016322,-0.869895476,3.154490065,42.63193445,5.914213562,5.861427158,5.861427158,3.060660172,2.864975334,2.864975334,3.013930882,3.013930882,0.894427191,0.894427191,0.670820393,0.670820393,-0.04,18.14170945,6.96,2.31410722,5.96,46.53376676,4.483030858,0.0,0.0,0.0,0.0,0.0,0.0,0.0,0,0.0,6.9237372,6.420821623,0.0,27.68777235,4.483030858,0.0,0.0,0.0,13.34455882,27.68777235,0.0,0.0,0.0,0.0,0.0,0.0,32.17080321,0.0,0.0,13.34455882,0.0,0.0,0.0,0.0,0.0,0,0.0,0.0,4.483030858,12.96557803,0.0,0.0,28.06675315,0.0,1.09375,0.0,0.0,0.0,0.0,0.0,1.28125,3.489583333,6.635416667,1.0,7,0,1,0,0,0,0,0,0,0,0,1,2,0,0,0,0,1.1026,33.1904,0,0,0,1,0,0,0,0,0,0,0,0,0,0,0,0,0,0,0,0,0,0,0,0,0,0,0,1,0,6.0,160,0.0,1.0,33.2,50.0,0.816829253,0.34011765,0.987458952,1
CC(C)(C)C[N+](C)(C)C,8,1,0,0,0,1,1.0,0.456597222,2.274305556,0.456597222,0.474246301,130.255,110.095,130.1590261,56,0.082894841,-0.330481194,0.330481194,0.082894841,1.0,1.333333333,1.333333333,15.2791632,9.955883014,2.190859818,-2.309977981,2.153745717,-2.41018824,4.576900476,-0.876125282,3.746417931,69.72120768,7.707106781,7.654320377,7.654320377,3.707106781,3.511421943,3.511421943,5.009098139,5.009098139,0.948683298,0.948683298,1.423024947,1.423024947,-0.04,27.43574108,8.96,2.295733882,7.96,59.26365099,4.483030858,0.0,0.0,0.0,0.0,0.0,0.0,0.0,0,0.0,20.7712116,0.0,5.414990469,27.68777235,4.483030858,0.0,0.0,5.414990469,20.7712116,27.68777235,0.0,0.0,0.0,0.0,0.0,0.0,32.17080321,0.0,5.414990469,20.7712116,0.0,0.0,0.0,0.0,0.0,0,0.0,5.414990469,4.483030858,6.544756406,0.0,0.0,41.91422755,0.0,1.059027778,0.0,0.0,0.456597222,0.0,0.0,0.0,8.052083333,6.682291667,1.0,9,0,1,0,0,0,0,0,0,0,0,1,1,0,0,0,0,1.7387,42.3544,0,0,0,1,0,0,0,0,0,0,0,0,0,0,0,0,0,0,0,0,0,0,0,0,0,0,0,1,0,6.0,160,0.0,1.0,20.7,50.0,1.040827168,0.426376909,0.987904744,1
CCCCCC[N+](C)(C)C,9,1,0,0,0,2,1.0,1.114795918,2.255898526,1.114795918,0.410006209,144.282,122.106,144.1746761,62,0.077992826,-0.330914819,0.330914819,0.077992826,0.9,1.5,1.9,15.271693,10.17456761,2.036878724,-2.230145615,2.014750642,-2.346346514,4.378235101,-0.870130179,3.043758409,71.28767654,8.035533906,7.982747501,7.982747501,4.560660172,4.364975334,4.364975334,4.074591054,4.074591054,1.682487667,1.682487667,1.012921743,1.012921743,-0.04,106.9253229,9.96,4.72621024,7.96,65.6285931,4.483030858,0.0,0.0,0.0,0.0,0.0,0.0,0.0,0,0.0,19.76538045,12.84164325,0.0,27.68777235,4.483030858,0.0,0.0,0.0,32.60702369,27.68777235,0.0,0.0,0.0,0.0,0.0,0.0,32.17080321,0.0,0.0,32.60702369,0.0,0.0,0.0,0.0,0.0,0,0.0,0.0,4.483030858,32.2280429,0.0,0.0,28.06675315,0.0,1.114795918,0.0,0.0,0.0,0.0,0.0,5.542165533,3.575342971,6.767695578,1.0,10,0,1,0,0,0,0,0,0,0,0,1,5,0,0,0,0,2.2729,47.0414,0,0,0,1,0,0,0,0,0,0,0,0,0,0,0,0,0,0,0,0,0,0,0,0,0,0,0,1,2,6.0,160,0.0,1.0,31.9,50.0,0.817407571,0.17101484275,0.961551835,1
CCCCCCCC[N+](C)(C)C,11,1,0,0,0,2,1.0,1.11882716,2.269883866,1.11882716,0.408845572,172.336,146.128,172.2059763,74,0.077992828,-0.330914819,0.330914819,0.077992828,0.75,1.25,1.75,15.27170367,10.11572466,2.040743217,-2.230828489,2.058586469,-2.346407394,4.423974947,-0.870130455,3.009208079,91.66745987,9.449747468,9.396961064,9.396961064,5.560660172,5.364975334,5.364975334,4.781697835,4.781697835,2.182487667,2.182487667,1.366475134,1.366475134,-0.04,304.9906771,11.96,6.473203018,9.96,78.35847733,4.483030858,0.0,0.0,0.0,0.0,0.0,0.0,0.0,0,0.0,32.60702369,12.84164325,0.0,27.68777235,4.483030858,0.0,0.0,0.0,45.44866694,27.68777235,0.0,0.0,0.0,0.0,0.0,0.0,32.17080321,0.0,0.0,45.44866694,0.0,0.0,0.0,0.0,0.0,0,0.0,0.0,4.483030858,45.06968614,0.0,0.0,28.06675315,0.0,1.11882716,0.0,0.0,0.0,0.0,0.0,8.476116544,3.595404699,6.809651597,1.0,12,0,1,0,0,0,0,0,0,0,0,1,7,0,0,0,0,3.0531,56.2754,0,0,0,1,0,0,0,0,0,0,0,0,0,0,0,0,0,0,0,0,0,0,0,0,0,0,0,1,4,6.0,160,0.0,1.0,12.7,50.0,0.875809032,0.165457438,0.950085276,1
CCCCCCCCCC[N+](C)(C)C,13,1,0,0,0,2,1.0,1.120867769,2.279016097,1.120867769,0.391803278,200.39,170.15,200.2372764,86,0.077992828,-0.330914819,0.330914819,0.077992828,0.642857143,1.071428571,1.5,15.27171082,10.08366979,2.042245338,-2.230953479,2.086261027,-2.346411062,4.450347356,-0.870130458,2.994476884,112.8941954,10.86396103,10.81117463,10.81117463,6.560660172,6.364975334,6.364975334,5.488804616,5.488804616,2.682487667,2.682487667,1.720028524,1.720028524,-0.04,853.7885977,13.96,8.283314936,11.96,91.08836156,4.483030858,0.0,0.0,0.0,0.0,0.0,0.0,0.0,0,0.0,45.44866694,12.84164325,0.0,27.68777235,4.483030858,0.0,0.0,0.0,58.29031018,27.68777235,0.0,0.0,0.0,0.0,0.0,0.0,32.17080321,0.0,0.0,58.29031018,0.0,0.0,0.0,0.0,0.0,0,0.0,0.0,4.483030858,57.91132939,0.0,0.0,28.06675315,0.0,1.120867769,0.0,0.0,0.0,0.0,0.0,11.43473451,3.60734943,6.837048291,1.0,14,0,1,0,0,0,0,0,0,0,0,1,9,0,0,0,0,3.8333,65.5094,0,0,0,1,0,0,0,0,0,0,0,0,0,0,0,0,0,0,0,0,0,0,0,0,0,0,0,1,6,6.0,160,0.0,1.0,4.4,50.0,0.943214605,0.104348961,0.989731614,1
CCCCCCCCCCCCCCCC[N+](C)(C)C,19,1,0,0,0,2,1.0,1.123269896,2.293903371,1.123269896,0.248909583,284.552,242.216,284.3311768,122,0.077992828,-0.330914819,0.330914819,0.077992828,0.45,0.75,1.05,15.27173122,10.04346575,2.043777109,-2.230981439,2.126736706,-2.346411581,4.487734516,-0.87013046,2.994006783,180.6954959,15.10660172,15.05381531,15.05381531,9.560660172,9.364975334,9.364975334,7.61012496,7.61012496,4.182487667,4.182487667,2.780688696,2.780688696,-0.04,17533.32887,19.96,13.92093613,17.96,129.2780142,4.483030858,0.0,0.0,0.0,0.0,0.0,0.0,0.0,0,0.0,83.97359667,12.84164325,0.0,27.68777235,4.483030858,0.0,0.0,0.0,96.81523992,27.68777235,0.0,0.0,0.0,0.0,0.0,0.0,32.17080321,0.0,0.0,96.81523992,0.0,0.0,0.0,0.0,0.0,0,0.0,0.0,4.483030858,96.43625913,0.0,0.0,28.06675315,0.0,1.123269896,0.0,0.0,0.0,0.0,0.0,20.36973641,3.625283579,6.881710112,1.0,20,0,1,0,0,0,0,0,0,0,0,1,15,0,0,0,0,6.1739,93.2114,0,0,0,1,0,0,0,0,0,0,0,0,0,0,0,0,0,0,0,0,0,0,0,0,0,0,0,1,12,6.0,160,0.0,1.0,1.9,50.0,0.967265743,0.088902557,0.964399622,1
C1CC[N+]2(CC1)CCCCC2,10,1,0,0,0,1,1.0,1.5,1.5,1.5,0.469065256,154.277,134.117,154.1590261,64,0.07861697,-0.323608975,0.323608975,0.07861697,0.454545455,0.818181818,1.181818182,15.35411576,10.01190874,2.303626033,-2.436709549,2.241062256,-2.53722828,4.58638158,-0.936180066,1.94320678,99.32469185,7.571067812,7.518281407,7.518281407,5.414213562,5.264911064,5.264911064,4.357388321,4.357388321,3.529822128,3.529822128,2.813228166,2.813228166,-0.04,530.0382769,7.600932428,3.139132041,1.584033638,69.98187291,4.483030858,0.0,0.0,0.0,0.0,0.0,0.0,0.0,0,0.0,0.0,38.52492974,0.0,26.17902562,4.483030858,0.0,0.0,0.0,38.52492974,26.17902562,0.0,0.0,0.0,0.0,0.0,0.0,30.66205648,0.0,0.0,38.52492974,0.0,0.0,0.0,0.0,0.0,0,0.0,0.0,0.0,69.18698622,0.0,0.0,0.0,0.0,1.5,0.0,0.0,0.0,0.0,0.0,9.0,6.0,0.0,1.0,11,0,1,0,2,2,0,0,0,0,0,1,0,0,2,2,2,2.171,47.4304,0,0,0,1,0,0,0,0,0,0,0,0,0,0,0,0,0,0,0,0,0,0,0,0,2,0,0,1,0,6.0,160,0.0,1.0,110.0,50.0,0.926179512111111,0.32489621266666663,0.9472390226111111,1
C[N+]1(C)CCCC1,6,1,0,0,0,1,1.0,1.25,2.298611111,1.25,0.395932727,100.185,86.073,100.1120759,42,0.078420875,-0.32847248,0.32847248,0.078420875,1.0,1.428571429,1.571428571,15.31273207,10.39358405,2.193025334,-2.212907217,2.108116483,-2.346949086,4.462536739,-0.877370498,2.399706582,58.58027135,5.328427125,5.27564072,5.27564072,3.207106781,3.026882723,3.026882723,3.090051834,3.090051834,1.776882723,1.776882723,1.191472526,1.191472526,-0.04,42.33669273,5.103678161,1.47805616,1.164181282,45.5279356,4.483030858,0.0,0.0,0.0,0.0,0.0,0.0,0.0,0,0.0,0.0,0.0,12.84164325,27.18485678,4.483030858,0.0,0.0,0.0,12.84164325,27.18485678,0.0,0.0,0.0,0.0,0.0,0.0,31.66788763,0.0,0.0,12.84164325,0.0,0.0,0.0,0.0,0.0,0,0.0,0.0,0.0,30.41418692,0.0,0.0,14.09534397,0.0,1.25,0.0,0.0,0.0,0.0,0.0,2.875,2.777777778,4.597222222,1.0,7,0,1,0,1,1,0,0,0,0,0,1,0,0,1,1,1,0.8566,31.0764,0,0,0,1,0,0,0,0,1,0,0,0,0,0,0,0,0,0,0,0,0,0,0,0,0,0,0,1,0,6.0,160,0.0,1.0,37.1,50.0,0.8929604736666666,0.5410161366666667,0.9406897980000001,1
C1CC[N+]2(C1)CCCC2,8,1,0,0,0,1,1.0,1.5,1.5,1.5,0.430223716,126.223,110.095,126.1277259,52,0.078834538,-0.323595847,0.323595847,0.078834538,0.555555556,0.888888889,1.222222222,15.37240684,10.39358405,2.339417952,-2.274315447,2.253415342,-2.412139329,4.599106063,-0.904464405,2.040939774,79.62548783,6.156854249,6.104067845,6.104067845,4.414213562,4.264911064,4.264911064,3.65028154,3.65028154,3.029822128,3.029822128,2.459674775,2.459674775,-0.04,257.6738012,5.722890921,1.978612327,0.876582755,57.25198868,4.483030858,0.0,0.0,0.0,0.0,0.0,0.0,0.0,0,0.0,0.0,0.0,25.68328649,26.17902562,4.483030858,0.0,0.0,0.0,25.68328649,26.17902562,0.0,0.0,0.0,0.0,0.0,0.0,30.66205648,0.0,0.0,25.68328649,0.0,0.0,0.0,0.0,0.0,0,0.0,0.0,0.0,56.34534297,0.0,0.0,0.0,0.0,1.5,0.0,0.0,0.0,0.0,0.0,6.0,6.0,0.0,1.0,9,0,1,0,2,2,0,0,0,0,0,1,0,0,2,2,2,1.3908,38.1964,0,0,0,1,0,0,0,0,0,0,0,0,0,0,0,0,0,0,0,0,0,0,0,0,0,0,0,1,0,6.0,160,0.0,1.0,28.4,50.0,0.89697032575,0.35809252275000003,0.97675025925,1
CCC[N+](CCC)(CCC)CCC,12,1,0,0,0,1,1.0,1.333333333,2.313472222,1.333333333,0.509390221,186.363,158.139,186.2216263,80,0.078345403,-0.323644223,0.323644223,0.078345403,0.538461538,0.769230769,0.923076923,15.34323287,10.18500967,2.221575821,-2.379343665,2.119825335,-2.496830805,4.434466823,-0.927970819,4.185611645,80.18232914,10.15685425,10.10406784,10.10406784,6.242640687,6.093338189,6.093338189,4.236067977,4.236067977,2.791793787,2.791793787,2.568186989,2.568186989,-0.04,611.2082328,12.96,7.371934221,4.657834813,84.72341944,4.483030858,0.0,0.0,0.0,0.0,0.0,0.0,0.0,0,0.0,27.6949488,25.68328649,0.0,26.17902562,4.483030858,0.0,0.0,0.0,53.37823529,26.17902562,0.0,0.0,0.0,0.0,0.0,0.0,30.66205648,0.0,0.0,53.37823529,0.0,0.0,0.0,0.0,0.0,0,0.0,0.0,0.0,56.34534297,0.0,0.0,27.6949488,0.0,1.375,0.0,0.0,0.0,0.0,0.0,5.333333333,14.79166667,0.0,1.0,13,0,1,0,0,0,0,0,0,0,0,1,8,0,0,0,0,3.4432,60.8924,0,0,0,1,0,0,0,0,0,0,0,0,0,0,0,0,0,0,0,0,0,0,0,0,0,0,0,1,0,6.0,160,0.0,1.0,7.19,50.0,1.243955149,0.608837231,0.880913196,1
CCCCCC[N+]1(CCCCCC)CCCC1,16,1,0,0,0,2,1.0,1.371527778,2.310458998,1.371527778,0.3814452,240.455,206.183,240.2685765,102,0.07883449,-0.323602464,0.323602464,0.07883449,0.647058824,1.117647059,1.529411765,15.35880033,10.12634972,2.298151016,-2.342545708,2.221114484,-2.46226614,4.563381723,-0.916784869,2.191727737,156.3639921,12.39949494,12.34670853,12.34670853,8.328427125,8.179124626,8.179124626,6.064495102,6.064495102,4.486928909,4.486928909,3.313228166,3.313228166,-0.04,9062.104791,15.01896226,8.965510018,5.900107929,109.1773567,4.483030858,0.0,0.0,0.0,0.0,0.0,0.0,0.0,0,0.0,39.53076089,25.68328649,12.84164325,26.17902562,4.483030858,0.0,0.0,0.0,78.05569063,26.17902562,0.0,0.0,0.0,0.0,0.0,0.0,30.66205648,0.0,0.0,78.05569063,0.0,0.0,0.0,0.0,0.0,0,0.0,0.0,0.0,94.87027271,0.0,0.0,13.8474744,0.0,1.479591837,0.0,0.0,0.0,0.0,0.0,14.47414294,10.54626522,0.0,1.0,17,0,1,0,1,1,0,0,0,0,0,1,10,0,1,1,1,4.7576,77.2464,0,0,0,1,0,0,0,0,1,0,0,0,0,0,0,0,0,0,0,0,0,0,0,0,0,0,0,1,4,8.0,80,0.5,0.5,216.0,60.49,0.921878259,0.353342579,0.746912393,0
CCCCCC[N+]1(CCCCCC[N+]2(CCCCCC)CCCC2)CCCC1,26,2,0,0,0,2,1.0,1.373614958,2.333152995,1.373614958,0.185260374,394.732,340.3,394.4276026,166,0.07883449,-0.323602464,0.323602464,0.07883449,0.392857143,0.678571429,0.964285714,15.36539955,10.10325616,2.315296867,-2.351253043,2.243657591,-2.467245171,4.588169491,-0.917419197,1.584697083,330.6291052,19.97056275,19.86498994,19.86498994,13.74264069,13.44403569,13.44403569,10.42188342,10.42188342,8.016751037,8.016751037,6.126456332,6.126456332,-0.08,2652390.988,24.19184258,14.01755904,8.737992077,177.7907519,8.966061715,0.0,0.0,0.0,0.0,0.0,0.0,0.0,0,0.0,39.53076089,51.36657298,25.68328649,52.35805125,8.966061715,0.0,0.0,0.0,116.5806204,52.35805125,0.0,0.0,0.0,0.0,0.0,0.0,61.32411296,0.0,0.0,116.5806204,0.0,0.0,0.0,0.0,0.0,0,0.0,0.0,0.0,164.0572589,0.0,0.0,13.8474744,0.0,2.974489796,0.0,0.0,0.0,0.0,0.0,23.45310748,16.57240272,0.0,1.0,28,0,2,0,2,2,0,0,0,0,0,2,17,0,2,2,2,6.9286,124.6768,0,0,0,2,0,0,0,0,2,0,0,0,0,0,0,0,0,0,0,0,0,0,0,0,0,0,0,2,7,8.0,80,0.5,0.5,216.0,50.52,1.007301259,0.191182538,0.86663009,0
CCCCCCCC[N+]1(CCCCCCC)CCCC1,19,1,0,0,0,2,1.0,1.372777778,2.312565821,1.372777778,0.29006179,282.536,242.216,282.3155267,120,0.07883449,-0.323602464,0.323602464,0.07883449,0.55,0.95,1.4,15.35881926,10.09461557,2.298678185,-2.342863055,2.224660716,-2.46230577,4.56784325,-0.916785359,2.108079486,205.8117891,14.52081528,14.46802888,14.46802888,9.828427125,9.679124626,9.679124626,7.125155274,7.125155274,5.236928909,5.236928909,3.843558252,3.843558252,-0.04,39948.31684,18.0101002,11.6013153,7.665644099,128.2721831,4.483030858,0.0,0.0,0.0,0.0,0.0,0.0,0.0,0,0.0,58.79322576,25.68328649,12.84164325,26.17902562,4.483030858,0.0,0.0,0.0,97.3181555,26.17902562,0.0,0.0,0.0,0.0,0.0,0.0,30.66205648,0.0,0.0,97.3181555,0.0,0.0,0.0,0.0,0.0,0,0.0,0.0,0.0,114.1327376,0.0,0.0,13.8474744,0.0,1.48601466,0.0,0.0,0.0,0.0,0.0,18.94447001,10.56951533,0.0,1.0,20,0,1,0,1,1,0,0,0,0,0,1,13,0,1,1,1,5.9279,91.0974,0,0,0,1,0,0,0,0,1,0,0,0,0,0,0,0,0,0,0,0,0,0,0,0,0,0,0,1,7,8.0,80,0.5,0.5,216.0,51.22,1.16068,0.224251157,0.911419229,0
CCCCCCCC[N+]1(CCCCCCCC[N+]2(CCCCCCCC)CCCC2)CCCC1,32,2,0,0,0,2,1.0,1.3742,2.326396248,1.3742,0.101317816,478.894,412.366,478.521503,202,0.07883449,-0.323602464,0.323602464,0.07883449,0.323529412,0.558823529,0.823529412,15.36479351,10.07518813,2.311760322,-2.345997369,2.244580701,-2.463483891,4.589730873,-0.916857896,1.491522527,405.9284001,24.21320344,24.10763063,24.10763063,16.74264069,16.44403569,16.44403569,12.54320377,12.54320377,9.516751037,9.516751037,7.187116503,7.187116503,-0.08,49626836.42,30.14581479,19.08723603,12.75172553,215.9804046,8.966061715,0.0,0.0,0.0,0.0,0.0,0.0,0.0,0,0.0,78.05569063,51.36657298,25.68328649,52.35805125,8.966061715,0.0,0.0,0.0,155.1055501,52.35805125,0.0,0.0,0.0,0.0,0.0,0.0,61.32411296,0.0,0.0,155.1055501,0.0,0.0,0.0,0.0,0.0,0,0.0,0.0,0.0,202.5821887,0.0,0.0,13.8474744,0.0,2.984567901,0.0,0.0,0.0,0.0,0.0,32.42003506,16.59539704,0.0,1.0,34,0,2,0,2,2,0,0,0,0,0,2,23,0,2,2,2,9.2692,152.3788,0,0,0,2,0,0,0,0,2,0,0,0,0,0,0,0,0,0,0,0,0,0,0,0,0,0,0,2,13,8.0,80,0.5,0.5,216.0,63.98,1.238711748,0.128125824,0.943673411,0
CCCCCCCCCC[N+]1(CCCCCCCCCC)CCCC1,24,1,0,0,0,2,1.0,1.37375,2.310943226,1.37375,0.173729782,352.671,302.271,352.393777,150,0.07883449,-0.323602464,0.323602464,0.07883449,0.44,0.76,1.12,15.35884258,10.06701051,2.299031353,-2.342954316,2.227891193,-2.462312434,4.572045352,-0.916785386,2.011619052,245.2691804,18.05634919,18.00356278,18.00356278,12.32842712,12.17912463,12.17912463,8.892922227,8.892922227,6.486928909,6.486928909,4.727441728,4.727441728,-0.04,468736.0432,23.0000641,16.15683341,12.05451055,160.0968937,4.483030858,0.0,0.0,0.0,0.0,0.0,0.0,0.0,0,0.0,90.89733387,25.68328649,12.84164325,26.17902562,4.483030858,0.0,0.0,0.0,129.4222636,26.17902562,0.0,0.0,0.0,0.0,0.0,0.0,30.66205648,0.0,0.0,129.4222636,0.0,0.0,0.0,0.0,0.0,0,0.0,0.0,0.0,146.2368457,0.0,0.0,13.8474744,0.0,1.491735537,0.0,0.0,0.0,0.0,0.0,26.41721134,10.59105312,0.0,1.0,25,0,1,0,1,1,0,0,0,0,0,1,18,0,1,1,1,7.8784,114.1824,0,0,0,1,0,0,0,0,1,0,0,0,0,0,0,0,0,0,0,0,0,0,0,0,0,0,0,1,12,8.0,80,0.5,0.5,216.0,47.57,1.036562306,0.177673085,0.888782652,0
CCCCCCCCCC[N+]1(CCCCCCCCCC[N+]2(CCCCCCCCCC)CCCC2)CCCC1,38,2,0,0,0,2,1.0,1.374479709,2.323083425,1.374479709,0.062784247,563.056,484.432,562.6154033,238,0.07883449,-0.323602464,0.323602464,0.07883449,0.275,0.475,0.7,15.36477436,10.05853556,2.310924677,-2.344062352,2.245837947,-2.462648464,4.591520624,-0.916799351,1.424383257,483.6122784,28.45584412,28.35027131,28.35027131,19.74264069,19.44403569,19.44403569,14.66452411,14.66452411,11.01675104,11.01675104,8.247776675,8.247776675,-0.08,921729043.4,36.11311457,24.37114144,17.13683662,254.1700573,8.966061715,0.0,0.0,0.0,0.0,0.0,0.0,0.0,0,0.0,116.5806204,51.36657298,25.68328649,52.35805125,8.966061715,0.0,0.0,0.0,193.6304798,52.35805125,0.0,0.0,0.0,0.0,0.0,0.0,61.32411296,0.0,0.0,193.6304798,0.0,0.0,0.0,0.0,0.0,0,0.0,0.0,0.0,241.1071184,0.0,0.0,13.8474744,0.0,2.989669421,0.0,0.0,0.0,0.0,0.0,41.40293571,16.60739486,0.0,1.0,40,0,2,0,2,2,0,0,0,0,0,2,29,0,2,2,2,11.6098,180.0808,0,0,0,2,0,0,0,0,2,0,0,0,0,0,0,0,0,0,0,0,0,0,0,0,0,0,0,2,19,8.0,80,0.5,0.5,216.0,67.39,1.341584502,0.064985666,0.994318793,0
C[N+]1(C)CCC2=CC=CC=C2C1,11,1,0,0,0,1,0.454545455,1.135925926,2.301527778,1.135925926,0.510414594,162.256,146.128,162.1277259,64,0.104229544,-0.324445264,0.324445264,0.104229544,1.083333333,1.75,2.5,15.30368397,9.989488711,2.22308132,-2.341824629,2.204333349,-2.430375972,5.271052711,-0.905086855,2.351336763,288.8105161,8.604448007,7.877935016,7.877935016,5.673433276,4.561339773,4.561339773,4.336162467,4.336162467,2.70323125,2.70323125,1.918947026,1.918947026,-0.82,623.5245549,7.809851624,2.595645525,1.369296118,74.22008769,4.483030858,6.544756406,0.0,0.0,0.0,0.0,0.0,0.0,0,0.0,24.26546827,5.563451492,11.98427311,20.64010037,4.483030858,0.0,0.0,0.0,12.96557803,20.64010037,35.39237126,0.0,0.0,0.0,0.0,0.0,25.12313123,12.96557803,0.0,11.12690298,24.26546827,0.0,0.0,0.0,0.0,0,0.0,0.0,4.483030858,25.07378593,5.563451492,0.0,38.36081224,0.0,1.135925926,0.0,0.0,3.086759259,0.0,8.80287037,1.239259259,2.465462963,4.603055556,0.454545455,12,0,1,0,1,1,1,0,1,0,0,1,0,0,0,0,2,1.8191,50.8254,0,0,0,1,0,0,0,1,0,0,0,0,1,1,0,0,0,0,0,0,0,0,0,0,0,0,0,1,0,3.0,80,0.9,0.1,5.0,50.0,0.6172627159999999,0.27887391899999997,0.8527899556666667,1
C1=CC=C2C[N+]3(CCCCC3)CCC2=C1,14,1,0,0,0,1,0.571428571,1.301759259,2.336407785,1.301759259,0.567465962,202.321,182.161,202.1590261,80,0.104643332,-0.319576345,0.319576345,0.104643332,0.8,1.533333333,2.333333333,15.35517293,9.946200475,2.330353458,-2.442298988,2.285266667,-2.533442921,5.272887673,-0.946423353,1.87003558,350.1112625,10.13998191,9.413468922,9.413468922,7.380540058,6.299368114,6.299368114,5.249945563,5.249945563,4.244535517,4.244535517,3.318396852,3.318396852,-0.82,5030.138529,9.40914187,3.639008949,1.694520377,92.30908288,4.483030858,6.544756406,0.0,0.0,0.0,0.0,0.0,0.0,0,0.0,24.26546827,24.82591636,11.98427311,19.63426922,4.483030858,0.0,0.0,0.0,32.2280429,19.63426922,35.39237126,0.0,0.0,0.0,0.0,0.0,24.11730008,12.96557803,0.0,30.38936785,24.26546827,0.0,0.0,0.0,0.0,0,0.0,0.0,0.0,56.34534297,11.12690298,0.0,24.26546827,0.0,1.385925926,0.0,0.0,3.219882842,0.0,9.035055115,5.654914651,5.5375548,0.0,0.571428571,15,0,1,0,2,2,1,0,1,0,0,1,0,0,1,1,3,2.7434,62.5624,0,0,0,1,0,0,0,0,0,0,0,0,1,1,0,0,0,0,0,0,0,0,0,0,1,0,0,1,0,3.0,80,0.9,0.1,5.0,50.0,0.8814846986666667,0.23688501800000003,0.9326881673333333,1
C[N+](C)(C)Cc1ccccc1,10,1,0,0,0,1,0.4,0.990092593,2.201388889,0.990092593,0.564733409,150.245,134.117,150.1277259,60,0.10374051,-0.327164983,0.327164983,0.10374051,1.0,1.545454545,2.0,15.2727943,10.18617015,2.059732163,-2.231752379,2.044948953,-2.326798315,5.127404025,-0.883503644,2.657660985,208.0644284,8.319990956,7.541071723,7.541071723,5.078298262,3.922105546,3.922105546,3.934036527,3.934036527,1.499740497,1.499740497,1.131142384,1.131142384,-0.82,244.8579632,8.278231827,3.054898793,3.190046349,68.86097673,4.483030858,6.544756406,0.0,0.0,0.0,0.0,0.0,0.0,0,0.0,30.33183534,0.0,5.563451492,21.14301595,4.483030858,0.0,0.0,0.0,6.544756406,21.14301595,35.89528683,0.0,0.0,0.0,0.0,0.0,25.62604681,6.544756406,0.0,5.563451492,30.33183534,0.0,0.0,0.0,0.0,0,0.0,0.0,11.02778726,5.563451492,0.0,0.0,51.47485129,0.0,0.990092593,0.0,0.0,1.402777778,0.0,10.57157407,0.0,1.098055556,6.604166667,0.4,11,0,1,0,0,0,1,0,1,0,0,1,2,0,0,0,1,1.8928,48.1784,0,0,0,1,0,0,0,0,0,0,0,0,1,0,0,0,0,0,0,0,0,0,0,0,0,0,0,1,0,3.0,80,0.9,0.1,171.6,50.0,0.7445308335,0.24762724886,0.9092085232799999,1
C[N+]1(CC2=CC=CC=C2)CCCCC1,13,1,0,0,0,1,0.538461538,1.209166667,2.395,1.209166667,0.629058375,190.31,170.15,190.1590261,76,0.104154064,-0.322295086,0.322295086,0.104154064,1.0,1.642857143,2.285714286,15.32741476,10.06976967,2.238924768,-2.374127779,2.192368797,-2.464159809,5.129054693,-0.926460391,2.020245375,272.546854,9.855524862,9.076605629,9.076605629,6.785405043,5.660133887,5.660133887,4.771089901,4.771089901,3.303016422,3.303016422,2.457935039,2.457935039,-0.82,2070.989944,9.724281562,4.138411667,2.355126699,86.94997192,4.483030858,6.544756406,0.0,0.0,0.0,0.0,0.0,0.0,0,0.0,30.33183534,19.26246487,5.563451492,20.13718479,4.483030858,0.0,0.0,0.0,25.80722127,20.13718479,35.89528683,0.0,0.0,0.0,0.0,0.0,24.62021565,6.544756406,0.0,24.82591636,30.33183534,0.0,0.0,0.0,0.0,0,0.0,0.0,0.0,48.94321644,0.0,0.0,37.37950732,0.0,1.240092593,0.0,0.0,1.483240741,0.0,10.88174068,4.245334152,3.921258503,2.395,0.538461538,14,0,1,0,1,1,1,0,1,0,0,1,2,0,1,1,2,2.8171,59.9154,0,0,0,1,0,0,0,0,1,0,0,0,1,0,0,0,0,0,0,0,0,0,0,0,1,0,0,1,0,3.0,80,0.9,0.1,281.0,50.0,0.8523135852857143,0.21687114642857144,0.93113035,1
C[N+]1(C)CCOCC1,6,1,1,0,0,1,1.0,0.9375,5.189444444,0.9375,0.407601455,116.184,102.072,116.1069905,48,0.102048631,-0.369750505,0.369750505,0.102048631,1.125,1.625,1.875,16.47826224,10.38719607,2.176003361,-2.325119993,2.004810893,-2.478462536,4.402193252,-0.897564438,2.327882879,72.59772061,6.035533906,5.683889011,5.683889011,3.707106781,3.104232992,3.104232992,2.995317489,2.995317489,1.681904277,1.681904277,0.837212733,0.837212733,-0.08,59.4111508,6.046262626,2.033781213,1.456225286,50.64148083,9.219893811,13.08951281,0.0,0.0,0.0,0.0,0.0,0.0,0,0.0,0.0,0.0,0.0,27.30910789,9.219893811,0.0,0.0,0.0,0.0,40.39862071,0.0,0.0,0.0,0.0,0.0,0.0,44.88165156,4.736862954,0.0,0.0,0.0,0.0,9.23,0.0,0.0,0,0.0,0.0,17.69679479,13.08951281,0.0,0.0,14.09534397,4.736862954,6.314444444,0.0,0.0,0.0,0.0,0.0,0.0,4.208333333,4.477222222,1.0,8,0,2,0,1,1,0,0,0,1,0,2,0,0,1,1,1,0.093,32.6614,0,0,0,1,0,0,0,1,0,0,0,0,0,0,1,0,0,0,0,1,0,0,0,0,0,0,0,1,0,3.0,80,0.9,0.1,366.0,50.0,0.8633058290000001,0.48311638966666665,0.8837786333333334,1
C1CC[N+]2(CC1)CCOCC2,9,1,1,0,0,1,1.0,1.0,5.381371882,1.0,0.475720485,156.249,138.105,156.1382906,64,0.102461847,-0.36974986,0.36974986,0.102461847,0.727272727,1.363636364,2.0,16.47841808,10.07544352,2.309403025,-2.433103834,2.196446263,-2.56916372,4.56459842,-0.938764327,1.94320678,104.0146478,7.571067812,7.219422917,7.219422917,5.414213562,4.842261333,4.842261333,3.909100585,3.909100585,3.184843683,3.184843683,2.360484132,2.360484132,-0.08,530.0382769,7.562989055,3.114262771,1.568134708,68.73047602,9.219893811,13.08951281,0.0,0.0,0.0,0.0,0.0,0.0,0,0.0,0.0,19.26246487,0.0,26.30327674,9.219893811,0.0,0.0,0.0,19.26246487,39.39278955,0.0,0.0,0.0,0.0,0.0,0.0,43.87582041,4.736862954,0.0,19.26246487,0.0,0.0,9.23,0.0,0.0,0,0.0,0.0,13.21376393,49.92452135,0.0,0.0,0.0,4.736862954,6.756371882,0.0,0.0,0.0,0.0,0.0,4.348072562,7.395555556,0.0,1.0,11,0,2,0,2,2,0,0,0,1,0,2,0,0,2,2,2,1.0173,44.3984,0,0,0,1,0,0,0,0,0,0,0,0,0,0,1,0,0,0,0,1,0,0,0,0,1,0,0,1,0,3.0,80,0.9,0.1,1157.0,50.0,0.9145757080000001,0.31269790933333336,0.9360428500000001,1
CC1(C)CCCC(C)(C)[N+]1(C)C,11,1,0,0,0,1,1.0,0.446180556,2.396736111,0.446180556,0.490395537,170.32,146.128,170.1903262,72,0.093506156,-0.319711705,0.319711705,0.093506156,0.833333333,1.166666667,1.416666667,15.41352299,9.775198926,2.497006608,-2.575176286,2.416417591,-2.682510264,4.835270038,-0.986642655,2.985400403,159.443134,9.621320344,9.568533939,9.568533939,5.207106781,5.048747568,5.048747568,5.931866095,5.931866095,4.603797581,4.603797581,2.331969067,2.331969067,-0.04,263.1169896,10.04361204,2.474837422,1.186495189,77.35264618,4.483030858,0.0,0.0,0.0,0.0,0.0,0.0,0.0,0,0.0,0.0,34.11577042,12.84164325,25.17319447,4.483030858,0.0,0.0,0.0,58.03526417,14.09534397,0.0,0.0,0.0,0.0,0.0,0.0,29.65622533,0.0,0.0,46.95741367,0.0,0.0,0.0,0.0,0.0,0,0.0,11.0778505,4.483030858,19.26246487,0.0,0.0,41.79029276,0.0,1.152777778,0.0,0.0,0.892361111,0.0,0.0,4.119583333,9.586944444,4.748333333,1.0,12,0,1,0,1,1,0,0,0,0,0,1,0,0,1,1,1,2.8039,54.1174,0,0,0,1,0,0,0,0,1,0,0,0,0,0,0,0,0,0,0,0,0,0,0,0,1,0,0,1,0,3.0,80,0.9,0.1,1570.0,50.0,1.085156378,0.6549789439999999,0.8610853186666666,1
CCCCCC[N+](C)(C)C,9,1,0,0,0,2,1.0,1.114795918,2.255898526,1.114795918,0.410006209,144.282,122.106,144.1746761,62,0.077992826,-0.330914819,0.330914819,0.077992826,0.9,1.5,1.9,15.271693,10.17456761,2.036878724,-2.230145615,2.014750642,-2.346346514,4.378235101,-0.870130179,3.043758409,71.28767654,8.035533906,7.982747501,7.982747501,4.560660172,4.364975334,4.364975334,4.074591054,4.074591054,1.682487667,1.682487667,1.012921743,1.012921743,-0.04,106.9253229,9.96,4.72621024,7.96,65.6285931,4.483030858,0.0,0.0,0.0,0.0,0.0,0.0,0.0,0,0.0,19.76538045,12.84164325,0.0,27.68777235,4.483030858,0.0,0.0,0.0,32.60702369,27.68777235,0.0,0.0,0.0,0.0,0.0,0.0,32.17080321,0.0,0.0,32.60702369,0.0,0.0,0.0,0.0,0.0,0,0.0,0.0,4.483030858,32.2280429,0.0,0.0,28.06675315,0.0,1.114795918,0.0,0.0,0.0,0.0,0.0,5.542165533,3.575342971,6.767695578,1.0,10,0,1,0,0,0,0,0,0,0,0,1,5,0,0,0,0,2.2729,47.0414,0,0,0,1,0,0,0,0,0,0,0,0,0,0,0,0,0,0,0,0,0,0,0,0,0,0,0,1,2,3.0,80,0.9,0.1,2046.0,50.0,0.817407571,0.17101484275,0.961551835,1
CC(C)(C)C1=CC=C(C2(C3=CC=C(C(C)(C)C)C=C3)CC[N+](C)(C)CC2)C=C1,27,1,0,0,0,1,0.555555556,0.13948271,2.406322397,0.13948271,0.527639488,378.624,338.304,378.3155267,152,0.079396835,-0.328403221,0.328403221,0.079396835,0.607142857,0.928571429,1.214285714,15.30708171,9.666101581,2.414262954,-2.452969597,2.43368343,-2.511746344,5.430343881,-0.895906377,2.041557018,725.8261701,20.79468245,19.39444287,19.39444287,12.83490042,10.87672391,10.87672391,11.61975237,11.61975237,6.894838027,6.894838027,4.546395416,4.546395416,-1.6,992109.8826,21.11711962,7.023885256,4.200135808,172.926603,4.483030858,0.0,0.0,0.0,0.0,0.0,0.0,0.0,0,0.0,90.07335975,33.08378691,18.25663372,27.18485678,4.483030858,0.0,0.0,0.0,70.62903785,27.18485678,70.78474251,0.0,0.0,0.0,0.0,0.0,31.66788763,16.24497141,0.0,76.63787241,48.53093655,0.0,0.0,0.0,0.0,0,16.24497141,0.0,4.483030858,48.18496202,0.0,0.0,104.1687037,0.0,1.126884291,0.0,0.0,6.354292545,0.0,19.05073554,2.424065571,16.21996855,4.740720165,0.555555556,28,0,1,0,1,1,2,0,2,0,0,1,2,0,1,1,3,6.4379,122.1404,0,0,0,1,0,0,0,0,1,0,0,0,2,0,0,0,0,0,0,0,0,0,0,0,1,0,0,1,0,3.0,80,0.9,0.1,2078.0,50.0,1.10030545,0.424640432,0.676180757,1
C[N+](C)(C)C,4,1,0,0,0,1,1.0,1.0,2.125,1.0,0.362983639,74.147,62.051,74.0964258,32,0.06746072,-0.333351019,0.333351019,0.06746072,0.8,0.8,0.8,15.24500492,10.77599508,1.87872051,-2.141610809,1.731158935,-2.271258935,3.865530024,-0.849130024,3.023715784,19.11941548,4.5,4.447213595,4.447213595,2.0,1.788854382,1.788854382,2.683281573,2.683281573,0.0,0.0,0.0,0.0,-0.04,3.609640474,4.96,0.976756002,9507.96,33.80388253,4.483030858,0.0,0.0,0.0,0.0,0.0,0.0,0.0,0,0.0,0.0,0.0,0.0,28.19068793,4.483030858,0.0,0.0,0.0,0.0,28.19068793,0.0,0.0,0.0,0.0,0.0,0.0,32.67371879,0.0,0.0,0.0,0.0,0.0,0.0,0.0,0.0,0,0.0,0.0,4.483030858,0.0,0.0,0.0,28.19068793,0.0,1.0,0.0,0.0,0.0,0.0,0.0,0.0,0.0,8.5,1.0,5,0,1,0,0,0,0,0,0,0,0,1,0,0,0,0,0,0.3224,23.9564,0,0,0,1,0,0,0,0,0,0,0,0,0,0,0,0,0,0,0,0,0,0,0,0,0,0,0,1,0,3.0,80,0.9,0.1,2412.0,50.0,0.9428536206,0.9999993602,0.9999997453,1
CC1CC(C)C[N+](C)(C)C1,9,1,0,0,0,1,1.0,0.929398148,2.370694444,0.929398148,0.451902619,142.266,122.106,142.1590261,60,0.080811301,-0.328037134,0.328037134,0.080811301,1.0,1.4,1.7,15.31059724,9.907377512,2.28330949,-2.395227421,2.229959774,-2.49457539,4.635160003,-0.90163416,2.509938884,105.8966738,7.776020882,7.723234477,7.723234477,4.494800481,4.314576423,4.314576423,4.74692552,4.74692552,2.416580749,2.416580749,2.59796112,2.59796112,-0.04,106.4562509,8.060401606,2.536710801,1.978612327,64.62276195,4.483030858,0.0,0.0,0.0,0.0,0.0,0.0,0.0,0,0.0,13.8474744,6.420821623,11.83581209,27.18485678,4.483030858,0.0,0.0,11.83581209,20.26829602,27.18485678,0.0,0.0,0.0,0.0,0.0,0.0,31.66788763,0.0,11.83581209,20.26829602,0.0,0.0,0.0,0.0,0.0,0,0.0,0.0,11.83581209,23.99336529,0.0,0.0,27.94281836,0.0,1.224537037,0.0,0.0,0.0,1.858796296,0.0,1.432222222,7.472222222,4.678888889,1.0,10,0,1,0,1,1,0,0,0,0,0,1,0,0,1,1,1,1.7387,44.7874,0,0,0,1,0,0,0,0,1,0,0,0,0,0,0,0,0,0,0,0,0,0,0,0,1,0,0,1,0,3.0,80,0.9,0.1,3086.0,50.0,0.781318141,0.5729620333333334,0.638423202,1
OC1CC[N+]2(CCCCC2)CC1,10,1,1,0,0,1,1.0,0.009885676,9.413152636,0.009885676,0.540541696,170.276,150.116,170.1539407,70,0.081119567,-0.392663591,0.392663591,0.081119567,0.833333333,1.416666667,2.0,16.2664024,9.994016502,2.335152939,-2.447466207,2.244780584,-2.55946931,4.64830312,-0.937183164,1.921173736,141.9175691,8.4413113,7.835738491,7.835738491,5.808060412,5.339606535,5.339606535,4.527901925,4.527901925,3.638240432,3.638240432,2.732128644,2.732128644,-0.08,782.2823154,8.51523239,3.346339286,1.642707656,74.77610666,9.589558253,0.0,0.0,0.0,0.0,0.0,0.0,0.0,0,0.0,0.0,19.26246487,12.84164325,32.28299201,9.589558253,0.0,0.0,0.0,38.2080745,26.17902562,0.0,0.0,0.0,0.0,0.0,0.0,41.87255026,0.0,0.0,32.10410811,0.0,0.0,20.23,0.0,5.106527395,0,6.103966388,0.0,12.84164325,49.92452135,0.0,0.0,0.0,0.0,1.330416667,0.0,9.413152636,0.0,0.0,0.0,6.35189366,5.23787037,0.0,1.0,12,1,2,0,2,2,0,0,0,1,1,2,0,0,2,2,2,1.1418,48.8202,1,1,0,1,0,0,0,0,0,0,0,0,0,0,0,0,0,0,0,0,0,0,0,0,2,0,0,1,0,3.0,80,0.9,0.1,3433.0,50.0,0.9109055549999999,0.2633813443333333,0.9456587746666667,1
C[N+]1(C)CCC(O)CC1,7,1,1,0,0,1,1.0,-0.017453704,9.131388889,0.017453704,0.46495255,130.211,114.083,130.1226406,54,0.080705992,-0.392663596,0.392663596,0.080705992,1.222222222,1.666666667,2.0,16.26636441,10.07683867,2.233840059,-2.348656889,2.12597567,-2.468549728,4.589743292,-0.895652014,2.348714142,91.08927323,6.905777394,6.300204585,6.300204585,4.100953631,3.601578194,3.601578194,3.614118828,3.614118828,2.135301027,2.135301027,1.253157171,1.253157171,-0.08,92.36474704,7.032107623,2.27202101,1.953512004,56.68711147,9.589558253,0.0,0.0,0.0,0.0,0.0,0.0,0.0,0,0.0,0.0,0.0,12.84164325,33.28882316,9.589558253,0.0,0.0,0.0,18.94560963,27.18485678,0.0,0.0,0.0,0.0,0.0,0.0,42.87838142,0.0,0.0,12.84164325,0.0,0.0,20.23,0.0,0.0,0,6.103966388,0.0,30.41418692,0.0,0.0,0.0,14.09534397,5.106527395,1.080416667,0.0,9.131388889,0.0,0.0,0.0,1.94087963,2.252314815,4.428333333,1.0,9,1,2,0,1,1,0,0,0,1,1,2,0,0,1,1,1,0.2175,37.0832,1,1,0,1,0,0,0,0,1,0,0,0,0,0,0,0,0,0,0,0,0,0,0,0,1,0,0,1,0,3.0,80,0.9,0.1,3526.0,50.0,0.8702833136666667,0.40254498899999996,0.9370719323333333,1
CC(C)(C)C1=CC=C(C2(C3=CC=C(C(C)(C)C)C=C3)CC[N+]3(CCCCC3)CC2)C=C1,30,1,0,0,0,1,0.6,0.16049178,2.4485284,0.16049178,0.446825439,418.689,374.337,418.3468268,168,0.079810431,-0.32353315,0.32353315,0.079810431,0.548387097,0.935483871,1.290322581,15.35803884,9.662084599,2.447700232,-2.50453684,2.448924427,-2.583327007,5.430823609,-0.937437026,1.709524301,798.4943014,22.33021636,20.92997678,20.92997678,14.54200721,12.61475226,12.61475226,12.53353547,12.53353547,8.397777432,8.397777432,6.045630468,6.045630468,-1.6,7383027.45,22.58884316,8.07036594,4.489417913,191.0155982,4.483030858,0.0,0.0,0.0,0.0,0.0,0.0,0.0,0,0.0,90.07335975,52.34625177,18.25663372,26.17902562,4.483030858,0.0,0.0,0.0,89.89150272,26.17902562,70.78474251,0.0,0.0,0.0,0.0,0.0,30.66205648,16.24497141,0.0,95.90033728,48.53093655,0.0,0.0,0.0,0.0,0,16.24497141,0.0,0.0,85.01997056,0.0,0.0,90.07335975,0.0,1.376884291,0.0,0.0,6.492047107,0.0,19.35144227,6.835565702,19.3607273,0.0,0.6,31,0,1,0,2,2,2,0,2,0,0,1,2,0,2,2,4,7.3622,133.8774,0,0,0,1,0,0,0,0,0,0,0,0,2,0,0,0,0,0,0,0,0,0,0,0,2,0,0,1,0,3.0,80,0.9,0.1,3777.0,50.0,1.06030871,0.534920317,0.547219368,1
C[N+]1(C)CCC(CC2=CC=CC=C2)CC1,14,1,0,0,0,1,0.571428571,0.915324074,2.345969388,0.915324074,0.649800881,204.337,182.161,204.1746761,82,0.078483562,-0.328461018,0.328461018,0.078483562,1.066666667,1.666666667,2.266666667,15.30433633,9.893996437,2.252481893,-2.368054332,2.231100531,-2.458732202,5.14739285,-0.895791506,1.875945528,292.374556,10.72576835,9.946849117,9.946849117,7.156596524,6.015864588,6.015864588,5.516043431,5.516043431,3.652552485,3.652552485,2.471812116,2.471812116,-0.82,2960.765233,10.68965055,4.358711008,3.066000025,93.31491404,4.483030858,0.0,0.0,0.0,0.0,0.0,0.0,0.0,0,0.0,30.33183534,30.74382241,0.0,27.18485678,4.483030858,0.0,0.0,5.917906046,19.26246487,27.18485678,35.89528683,0.0,0.0,0.0,0.0,0.0,31.66788763,6.420821623,5.917906046,18.40509474,30.33183534,0.0,0.0,0.0,0.0,0,0.0,0.0,5.917906046,42.39846003,0.0,0.0,44.42717931,0.0,1.213581034,0.0,0.0,1.50898715,0.915324074,10.92053697,4.060147392,2.689484599,4.691938776,0.571428571,15,0,1,0,1,1,1,0,1,0,0,1,2,0,1,1,2,2.7155,64.7124,0,0,0,1,0,0,0,0,1,0,0,0,1,0,0,0,0,0,0,0,0,0,0,0,1,0,0,1,0,3.0,80,0.9,0.1,5585.0,50.0,0.9998611346666667,0.176933255,0.97995053,1
C1=CC=C(CC2CC[N+]3(CCCCC3)CC2)C=C1,17,1,0,0,0,1,0.647058824,0.942663454,2.291508094,0.942663454,0.696806334,244.402,218.194,244.2059763,98,0.078897173,-0.323590949,0.323590949,0.078897173,0.833333333,1.5,2.166666667,15.35570998,9.874869122,2.341954653,-2.457558775,2.29398194,-2.55314802,5.147706643,-0.937340134,1.535595671,354.4562989,12.26130226,11.48238302,11.48238302,8.863703305,7.753892929,7.753892929,6.429826527,6.429826527,5.15549189,5.15549189,3.950783589,3.950783589,-0.82,22952.80718,12.2259605,5.439798037,2.772499458,111.4039092,4.483030858,0.0,0.0,0.0,0.0,0.0,0.0,0.0,0,0.0,30.33183534,50.00628728,0.0,26.17902562,4.483030858,0.0,0.0,5.917906046,38.52492974,26.17902562,35.89528683,0.0,0.0,0.0,0.0,0.0,30.66205648,6.420821623,5.917906046,37.66755961,30.33183534,0.0,0.0,0.0,0.0,0,0.0,0.0,5.917906046,74.75043771,0.0,0.0,30.33183534,0.0,1.463581034,0.0,0.0,1.53666126,0.942663454,11.06117084,8.643627338,5.852296076,0.0,0.647058824,18,0,1,0,2,2,1,0,1,0,0,1,2,0,2,2,3,3.6398,76.4494,0,0,0,1,0,0,0,0,0,0,0,0,1,0,0,0,0,0,0,0,0,0,0,0,2,0,0,1,0,3.0,80,0.9,0.1,7953.0,50.0,1.0373747336666668,0.2443424826666667,0.9262715256666666,1
CC1CC(C)C[N+]2(CCCCC2)C1,12,1,0,0,0,1,1.0,0.973935185,2.448676304,0.973935185,0.505260521,182.331,158.139,182.1903262,76,0.081224872,-0.323167117,0.323167117,0.081224872,0.846153846,1.384615385,1.923076923,15.36119891,9.87627792,2.368058796,-2.478497673,2.303161369,-2.579540164,4.683393824,-0.942612399,2.022829771,157.9632901,9.311554788,9.258768383,9.258768383,6.201907263,6.052604764,6.052604764,5.660708617,5.660708617,3.967592849,3.967592849,3.780968405,3.780968405,-0.04,994.123952,9.51254062,3.606045598,2.06669424,82.71175714,4.483030858,0.0,0.0,0.0,0.0,0.0,0.0,0.0,0,0.0,13.8474744,25.68328649,11.83581209,26.17902562,4.483030858,0.0,0.0,11.83581209,39.53076089,26.17902562,0.0,0.0,0.0,0.0,0.0,0.0,30.66205648,0.0,11.83581209,39.53076089,0.0,0.0,0.0,0.0,0.0,0,0.0,0.0,11.83581209,56.34534297,0.0,0.0,13.8474744,0.0,1.474537037,0.0,0.0,0.0,1.94787037,0.0,5.932184429,10.81207483,0.0,1.0,13,0,1,0,2,2,0,0,0,0,0,1,0,0,2,2,2,2.663,56.5244,0,0,0,1,0,0,0,0,0,0,0,0,0,0,0,0,0,0,0,0,0,0,0,0,2,0,0,1,0,3.0,80,0.9,0.1,6656.0,50.0,0.8826767836666667,0.39720004466666664,0.8097189943333333,1
C[N+]1(C)CCCCC1,7,1,0,0,0,1,1.0,1.25,2.318611111,1.25,0.415670172,114.212,98.084,114.1277259,48,0.078203355,-0.328479043,0.328479043,0.078203355,0.875,1.375,1.625,15.30247403,10.11676649,2.1706702,-2.326855474,2.114976763,-2.430848884,4.471585491,-0.89445777,2.327882879,68.45601116,6.035533906,5.982747501,5.982747501,3.707106781,3.526882723,3.526882723,3.443605225,3.443605225,2.026882723,2.026882723,1.368249222,1.368249222,-0.04,59.4111508,6.085628141,2.058167191,1.47805616,51.89287772,4.483030858,0.0,0.0,0.0,0.0,0.0,0.0,0.0,0,0.0,0.0,19.26246487,0.0,27.18485678,4.483030858,0.0,0.0,0.0,19.26246487,27.18485678,0.0,0.0,0.0,0.0,0.0,0.0,31.66788763,0.0,0.0,19.26246487,0.0,0.0,0.0,0.0,0.0,0,0.0,0.0,0.0,36.83500854,0.0,0.0,14.09534397,0.0,1.25,0.0,0.0,0.0,0.0,0.0,4.335,2.777777778,4.637222222,1.0,8,0,1,0,1,1,0,0,0,0,0,1,0,0,1,1,1,1.2467,35.6934,0,0,0,1,0,0,0,0,1,0,0,0,0,0,0,0,0,0,0,0,0,0,0,0,1,0,0,1,0,3.0,80,0.9,0.1,13256.0,50.0,0.8178609569999999,0.49637977099999997,0.87417168175,1
CC1CCCC[N+]1(C)C,8,1,0,0,0,1,1.0,0.887731481,2.360277778,0.887731481,0.434971957,128.239,110.095,128.143376,54,0.085721171,-0.326281684,0.326281684,0.085721171,1.222222222,1.888888889,2.222222222,15.32941061,10.02263748,2.260644675,-2.392255335,2.195713267,-2.497021038,4.573006152,-0.917563002,2.490858959,96.74075768,6.905777394,6.852990989,6.852990989,4.127827085,3.954452406,3.954452406,3.847051172,3.847051172,2.79954543,2.79954543,1.528939584,1.528939584,-0.04,95.48205236,7.071607143,2.295733882,1.450890879,58.25781983,4.483030858,0.0,0.0,0.0,0.0,0.0,0.0,0.0,0,0.0,0.0,26.18620207,0.0,26.6819412,4.483030858,0.0,0.0,0.0,32.2280429,20.64010037,0.0,0.0,0.0,0.0,0.0,0.0,31.16497206,0.0,0.0,26.18620207,0.0,0.0,0.0,0.0,0.0,0,0.0,0.0,6.041840829,30.29025213,0.0,0.0,21.01908117,0.0,1.236111111,0.0,0.0,0.0,0.0,0.887731481,4.298796296,3.736435185,4.674259259,1.0,9,0,1,0,1,1,0,0,0,0,0,1,0,0,1,1,1,1.6352,40.2884,0,0,0,1,0,0,0,0,1,0,0,0,0,0,0,0,0,0,0,0,0,0,0,0,1,0,0,1,0,3.0,80,0.9,0.1,2000.0,50.0,0.854394124,0.58331763,0.745731407,1
CC1CCC[N+](C)(C)C1,8,1,0,0,0,1,1.0,0.952546296,2.360277778,0.952546296,0.4335759,128.239,110.095,128.143376,54,0.080793437,-0.328258088,0.328258088,0.080793437,1.333333333,2.0,2.333333333,15.30650501,9.991766023,2.23079513,-2.361785907,2.178030711,-2.463034234,4.566068629,-0.898014162,2.410837013,96.74075768,6.905777394,6.852990989,6.852990989,4.100953631,3.920729573,3.920729573,4.089312682,4.089312682,2.266286234,2.266286234,1.894087955,1.894087955,-0.04,80.13469119,7.071607143,2.295733882,1.976711222,58.25781983,4.483030858,0.0,0.0,0.0,0.0,0.0,0.0,0.0,0,0.0,6.9237372,12.84164325,5.917906046,27.18485678,4.483030858,0.0,0.0,5.917906046,19.76538045,27.18485678,0.0,0.0,0.0,0.0,0.0,0.0,31.66788763,0.0,5.917906046,19.76538045,0.0,0.0,0.0,0.0,0.0,0,0.0,0.0,5.917906046,30.41418692,0.0,0.0,21.01908117,0.0,1.237268519,0.0,0.0,0.0,0.952546296,0.0,2.87087963,5.114583333,4.658055556,1.0,9,0,1,0,1,1,0,0,0,0,0,1,0,0,1,1,1,1.4927,40.2404,0,0,0,1,0,0,0,0,1,0,0,0,0,0,0,0,0,0,0,0,0,0,0,0,1,0,0,1,0,3.0,80,0.9,0.1,5589.0,50.0,0.808482068,0.45638276,0.811239672,1
CC1CC[N+](C)(C)CC1,8,1,0,0,0,1,1.0,0.982546296,2.360277778,0.982546296,0.4335759,128.239,110.095,128.143376,54,0.078461617,-0.328461649,0.328461649,0.078461617,1.111111111,1.555555556,1.888888889,15.30403568,9.982251705,2.221404171,-2.354938939,2.180742492,-2.450917369,4.567663995,-0.895695478,2.348714142,86.74075768,6.905777394,6.852990989,6.852990989,4.100953631,3.920729573,3.920729573,4.065467038,4.065467038,2.454452406,2.454452406,1.395886007,1.395886007,-0.04,92.36474704,7.071607143,2.295733882,1.976711222,58.25781983,4.483030858,0.0,0.0,0.0,0.0,0.0,0.0,0.0,0,0.0,6.9237372,18.75954929,0.0,27.18485678,4.483030858,0.0,0.0,5.917906046,19.76538045,27.18485678,0.0,0.0,0.0,0.0,0.0,0.0,31.66788763,0.0,5.917906046,19.76538045,0.0,0.0,0.0,0.0,0.0,0,0.0,0.0,5.917906046,30.41418692,0.0,0.0,21.01908117,0.0,1.240416667,0.0,0.0,0.0,0.982546296,0.0,2.847222222,5.112592593,4.650555556,1.0,9,0,1,0,1,1,0,0,0,0,0,1,0,0,1,1,1,1.4927,40.2404,0,0,0,1,0,0,0,0,1,0,0,0,0,0,0,0,0,0,0,0,0,0,0,0,1,0,0,1,0,3.0,80,0.9,0.1,14212.0,50.0,0.831405261,0.346279867,0.914228995,1
C1CC[N+]2(CC1)CCCCC2,10,1,0,0,0,1,1.0,1.5,1.5,1.5,0.469065256,154.277,134.117,154.1590261,64,0.07861697,-0.323608975,0.323608975,0.07861697,0.454545455,0.818181818,1.181818182,15.35411576,10.01190874,2.303626033,-2.436709549,2.241062256,-2.53722828,4.58638158,-0.936180066,1.94320678,99.32469185,7.571067812,7.518281407,7.518281407,5.414213562,5.264911064,5.264911064,4.357388321,4.357388321,3.529822128,3.529822128,2.813228166,2.813228166,-0.04,530.0382769,7.600932428,3.139132041,1.584033638,69.98187291,4.483030858,0.0,0.0,0.0,0.0,0.0,0.0,0.0,0,0.0,0.0,38.52492974,0.0,26.17902562,4.483030858,0.0,0.0,0.0,38.52492974,26.17902562,0.0,0.0,0.0,0.0,0.0,0.0,30.66205648,0.0,0.0,38.52492974,0.0,0.0,0.0,0.0,0.0,0,0.0,0.0,0.0,69.18698622,0.0,0.0,0.0,0.0,1.5,0.0,0.0,0.0,0.0,0.0,9.0,6.0,0.0,1.0,11,0,1,0,2,2,0,0,0,0,0,1,0,0,2,2,2,2.171,47.4304,0,0,0,1,0,0,0,0,0,0,0,0,0,0,0,0,0,0,0,0,0,0,0,0,2,0,0,1,0,3.0,80,0.9,0.1,22864.0,50.0,0.926179512111111,0.32489621266666663,0.9472390226111111,1
C[N+]1(C)CCC2=CC=CC=C2C1,11,1,0,0,0,1,0.454545455,1.135925926,2.301527778,1.135925926,0.510414594,162.256,146.128,162.1277259,64,0.104229544,-0.324445264,0.324445264,0.104229544,1.083333333,1.75,2.5,15.30368397,9.989488711,2.22308132,-2.341824629,2.204333349,-2.430375972,5.271052711,-0.905086855,2.351336763,288.8105161,8.604448007,7.877935016,7.877935016,5.673433276,4.561339773,4.561339773,4.336162467,4.336162467,2.70323125,2.70323125,1.918947026,1.918947026,-0.82,623.5245549,7.809851624,2.595645525,1.369296118,74.22008769,4.483030858,6.544756406,0.0,0.0,0.0,0.0,0.0,0.0,0,0.0,24.26546827,5.563451492,11.98427311,20.64010037,4.483030858,0.0,0.0,0.0,12.96557803,20.64010037,35.39237126,0.0,0.0,0.0,0.0,0.0,25.12313123,12.96557803,0.0,11.12690298,24.26546827,0.0,0.0,0.0,0.0,0,0.0,0.0,4.483030858,25.07378593,5.563451492,0.0,38.36081224,0.0,1.135925926,0.0,0.0,3.086759259,0.0,8.80287037,1.239259259,2.465462963,4.603055556,0.454545455,12,0,1,0,1,1,1,0,1,0,0,1,0,0,0,0,2,1.8191,50.8254,0,0,0,1,0,0,0,1,0,0,0,0,1,1,0,0,0,0,0,0,0,0,0,0,0,0,0,1,0,3.0,80,0.7638268,0.2361732,5.0,50.0,0.6172627159999999,0.27887391899999997,0.8527899556666667,1
C1=CC=C2C[N+]3(CCCCC3)CCC2=C1,14,1,0,0,0,1,0.571428571,1.301759259,2.336407785,1.301759259,0.567465962,202.321,182.161,202.1590261,80,0.104643332,-0.319576345,0.319576345,0.104643332,0.8,1.533333333,2.333333333,15.35517293,9.946200475,2.330353458,-2.442298988,2.285266667,-2.533442921,5.272887673,-0.946423353,1.87003558,350.1112625,10.13998191,9.413468922,9.413468922,7.380540058,6.299368114,6.299368114,5.249945563,5.249945563,4.244535517,4.244535517,3.318396852,3.318396852,-0.82,5030.138529,9.40914187,3.639008949,1.694520377,92.30908288,4.483030858,6.544756406,0.0,0.0,0.0,0.0,0.0,0.0,0,0.0,24.26546827,24.82591636,11.98427311,19.63426922,4.483030858,0.0,0.0,0.0,32.2280429,19.63426922,35.39237126,0.0,0.0,0.0,0.0,0.0,24.11730008,12.96557803,0.0,30.38936785,24.26546827,0.0,0.0,0.0,0.0,0,0.0,0.0,0.0,56.34534297,11.12690298,0.0,24.26546827,0.0,1.385925926,0.0,0.0,3.219882842,0.0,9.035055115,5.654914651,5.5375548,0.0,0.571428571,15,0,1,0,2,2,1,0,1,0,0,1,0,0,1,1,3,2.7434,62.5624,0,0,0,1,0,0,0,0,0,0,0,0,1,1,0,0,0,0,0,0,0,0,0,0,1,0,0,1,0,3.0,80,0.7638268,0.2361732,5.0,50.0,0.8814846986666667,0.23688501800000003,0.9326881673333333,1
C[N+](C)(C)Cc1ccccc1,10,1,0,0,0,1,0.4,0.990092593,2.201388889,0.990092593,0.564733409,150.245,134.117,150.1277259,60,0.10374051,-0.327164983,0.327164983,0.10374051,1.0,1.545454545,2.0,15.2727943,10.18617015,2.059732163,-2.231752379,2.044948953,-2.326798315,5.127404025,-0.883503644,2.657660985,208.0644284,8.319990956,7.541071723,7.541071723,5.078298262,3.922105546,3.922105546,3.934036527,3.934036527,1.499740497,1.499740497,1.131142384,1.131142384,-0.82,244.8579632,8.278231827,3.054898793,3.190046349,68.86097673,4.483030858,6.544756406,0.0,0.0,0.0,0.0,0.0,0.0,0,0.0,30.33183534,0.0,5.563451492,21.14301595,4.483030858,0.0,0.0,0.0,6.544756406,21.14301595,35.89528683,0.0,0.0,0.0,0.0,0.0,25.62604681,6.544756406,0.0,5.563451492,30.33183534,0.0,0.0,0.0,0.0,0,0.0,0.0,11.02778726,5.563451492,0.0,0.0,51.47485129,0.0,0.990092593,0.0,0.0,1.402777778,0.0,10.57157407,0.0,1.098055556,6.604166667,0.4,11,0,1,0,0,0,1,0,1,0,0,1,2,0,0,0,1,1.8928,48.1784,0,0,0,1,0,0,0,0,0,0,0,0,1,0,0,0,0,0,0,0,0,0,0,0,0,0,0,1,0,3.0,80,0.7638268,0.2361732,282.0,50.0,0.7445308335,0.24762724886,0.9092085232799999,1
C[N+]1(CC2=CC=CC=C2)CCCCC1,13,1,0,0,0,1,0.538461538,1.209166667,2.395,1.209166667,0.629058375,190.31,170.15,190.1590261,76,0.104154064,-0.322295086,0.322295086,0.104154064,1.0,1.642857143,2.285714286,15.32741476,10.06976967,2.238924768,-2.374127779,2.192368797,-2.464159809,5.129054693,-0.926460391,2.020245375,272.546854,9.855524862,9.076605629,9.076605629,6.785405043,5.660133887,5.660133887,4.771089901,4.771089901,3.303016422,3.303016422,2.457935039,2.457935039,-0.82,2070.989944,9.724281562,4.138411667,2.355126699,86.94997192,4.483030858,6.544756406,0.0,0.0,0.0,0.0,0.0,0.0,0,0.0,30.33183534,19.26246487,5.563451492,20.13718479,4.483030858,0.0,0.0,0.0,25.80722127,20.13718479,35.89528683,0.0,0.0,0.0,0.0,0.0,24.62021565,6.544756406,0.0,24.82591636,30.33183534,0.0,0.0,0.0,0.0,0,0.0,0.0,0.0,48.94321644,0.0,0.0,37.37950732,0.0,1.240092593,0.0,0.0,1.483240741,0.0,10.88174068,4.245334152,3.921258503,2.395,0.538461538,14,0,1,0,1,1,1,0,1,0,0,1,2,0,1,1,2,2.8171,59.9154,0,0,0,1,0,0,0,0,1,0,0,0,1,0,0,0,0,0,0,0,0,0,0,0,1,0,0,1,0,3.0,80,0.7638268,0.2361732,549.0,50.0,0.8523135852857143,0.21687114642857144,0.93113035,1
C[N+]1(C)CCOCC1,6,1,1,0,0,1,1.0,0.9375,5.189444444,0.9375,0.407601455,116.184,102.072,116.1069905,48,0.102048631,-0.369750505,0.369750505,0.102048631,1.125,1.625,1.875,16.47826224,10.38719607,2.176003361,-2.325119993,2.004810893,-2.478462536,4.402193252,-0.897564438,2.327882879,72.59772061,6.035533906,5.683889011,5.683889011,3.707106781,3.104232992,3.104232992,2.995317489,2.995317489,1.681904277,1.681904277,0.837212733,0.837212733,-0.08,59.4111508,6.046262626,2.033781213,1.456225286,50.64148083,9.219893811,13.08951281,0.0,0.0,0.0,0.0,0.0,0.0,0,0.0,0.0,0.0,0.0,27.30910789,9.219893811,0.0,0.0,0.0,0.0,40.39862071,0.0,0.0,0.0,0.0,0.0,0.0,44.88165156,4.736862954,0.0,0.0,0.0,0.0,9.23,0.0,0.0,0,0.0,0.0,17.69679479,13.08951281,0.0,0.0,14.09534397,4.736862954,6.314444444,0.0,0.0,0.0,0.0,0.0,0.0,4.208333333,4.477222222,1.0,8,0,2,0,1,1,0,0,0,1,0,2,0,0,1,1,1,0.093,32.6614,0,0,0,1,0,0,0,1,0,0,0,0,0,0,1,0,0,0,0,1,0,0,0,0,0,0,0,1,0,3.0,80,0.7638268,0.2361732,684.0,50.0,0.8633058290000001,0.48311638966666665,0.8837786333333334,1
C1CC[N+]2(CC1)CCOCC2,9,1,1,0,0,1,1.0,1.0,5.381371882,1.0,0.475720485,156.249,138.105,156.1382906,64,0.102461847,-0.36974986,0.36974986,0.102461847,0.727272727,1.363636364,2.0,16.47841808,10.07544352,2.309403025,-2.433103834,2.196446263,-2.56916372,4.56459842,-0.938764327,1.94320678,104.0146478,7.571067812,7.219422917,7.219422917,5.414213562,4.842261333,4.842261333,3.909100585,3.909100585,3.184843683,3.184843683,2.360484132,2.360484132,-0.08,530.0382769,7.562989055,3.114262771,1.568134708,68.73047602,9.219893811,13.08951281,0.0,0.0,0.0,0.0,0.0,0.0,0,0.0,0.0,19.26246487,0.0,26.30327674,9.219893811,0.0,0.0,0.0,19.26246487,39.39278955,0.0,0.0,0.0,0.0,0.0,0.0,43.87582041,4.736862954,0.0,19.26246487,0.0,0.0,9.23,0.0,0.0,0,0.0,0.0,13.21376393,49.92452135,0.0,0.0,0.0,4.736862954,6.756371882,0.0,0.0,0.0,0.0,0.0,4.348072562,7.395555556,0.0,1.0,11,0,2,0,2,2,0,0,0,1,0,2,0,0,2,2,2,1.0173,44.3984,0,0,0,1,0,0,0,0,0,0,0,0,0,0,1,0,0,0,0,1,0,0,0,0,1,0,0,1,0,3.0,80,0.7638268,0.2361732,2144.0,50.0,0.9145757080000001,0.31269790933333336,0.9360428500000001,1
CC1(C)CCCC(C)(C)[N+]1(C)C,11,1,0,0,0,1,1.0,0.446180556,2.396736111,0.446180556,0.490395537,170.32,146.128,170.1903262,72,0.093506156,-0.319711705,0.319711705,0.093506156,0.833333333,1.166666667,1.416666667,15.41352299,9.775198926,2.497006608,-2.575176286,2.416417591,-2.682510264,4.835270038,-0.986642655,2.985400403,159.443134,9.621320344,9.568533939,9.568533939,5.207106781,5.048747568,5.048747568,5.931866095,5.931866095,4.603797581,4.603797581,2.331969067,2.331969067,-0.04,263.1169896,10.04361204,2.474837422,1.186495189,77.35264618,4.483030858,0.0,0.0,0.0,0.0,0.0,0.0,0.0,0,0.0,0.0,34.11577042,12.84164325,25.17319447,4.483030858,0.0,0.0,0.0,58.03526417,14.09534397,0.0,0.0,0.0,0.0,0.0,0.0,29.65622533,0.0,0.0,46.95741367,0.0,0.0,0.0,0.0,0.0,0,0.0,11.0778505,4.483030858,19.26246487,0.0,0.0,41.79029276,0.0,1.152777778,0.0,0.0,0.892361111,0.0,0.0,4.119583333,9.586944444,4.748333333,1.0,12,0,1,0,1,1,0,0,0,0,0,1,0,0,1,1,1,2.8039,54.1174,0,0,0,1,0,0,0,0,1,0,0,0,0,0,0,0,0,0,0,0,0,0,0,0,1,0,0,1,0,3.0,80,0.7638268,0.2361732,440.0,50.0,1.085156378,0.6549789439999999,0.8610853186666666,1
CCCCCC[N+](C)(C)C,9,1,0,0,0,2,1.0,1.114795918,2.255898526,1.114795918,0.410006209,144.282,122.106,144.1746761,62,0.077992826,-0.330914819,0.330914819,0.077992826,0.9,1.5,1.9,15.271693,10.17456761,2.036878724,-2.230145615,2.014750642,-2.346346514,4.378235101,-0.870130179,3.043758409,71.28767654,8.035533906,7.982747501,7.982747501,4.560660172,4.364975334,4.364975334,4.074591054,4.074591054,1.682487667,1.682487667,1.012921743,1.012921743,-0.04,106.9253229,9.96,4.72621024,7.96,65.6285931,4.483030858,0.0,0.0,0.0,0.0,0.0,0.0,0.0,0,0.0,19.76538045,12.84164325,0.0,27.68777235,4.483030858,0.0,0.0,0.0,32.60702369,27.68777235,0.0,0.0,0.0,0.0,0.0,0.0,32.17080321,0.0,0.0,32.60702369,0.0,0.0,0.0,0.0,0.0,0,0.0,0.0,4.483030858,32.2280429,0.0,0.0,28.06675315,0.0,1.114795918,0.0,0.0,0.0,0.0,0.0,5.542165533,3.575342971,6.767695578,1.0,10,0,1,0,0,0,0,0,0,0,0,1,5,0,0,0,0,2.2729,47.0414,0,0,0,1,0,0,0,0,0,0,0,0,0,0,0,0,0,0,0,0,0,0,0,0,0,0,0,1,2,3.0,80,0.7638268,0.2361732,6127.0,50.0,0.817407571,0.17101484275,0.961551835,1
C[N+]1(C)CCC(CCCC2CC[N+](C)(C)CC2)CC1,17,2,0,0,0,1,1.0,1.043484059,2.387150386,1.043484059,0.687302461,268.489,232.201,268.286752,112,0.078471946,-0.328461347,0.328461347,0.078471946,0.631578947,0.947368421,1.263157895,15.30947695,9.860072346,2.275132993,-2.380475133,2.285785003,-2.459932076,4.678036158,-0.895941574,1.576681309,234.9866522,13.93287513,13.82730232,13.82730232,8.863703305,8.503255189,8.503255189,8.583545111,8.583545111,5.795445727,5.795445727,3.913074275,3.913074275,-0.08,15045.61027,15.31152594,6.133977032,5.073421602,120.5062729,8.966061715,0.0,0.0,0.0,0.0,0.0,0.0,0.0,0,0.0,19.26246487,37.51909858,0.0,54.36971355,8.966061715,0.0,0.0,11.83581209,44.94575136,54.36971355,0.0,0.0,0.0,0.0,0.0,0.0,63.33577527,0.0,11.83581209,44.94575136,0.0,0.0,0.0,0.0,0.0,0,0.0,0.0,11.83581209,80.0908387,0.0,0.0,28.19068793,0.0,2.512152778,0.0,0.0,0.0,2.086968117,0.0,10.40876701,5.610177221,9.548601544,1.0,19,0,2,0,2,2,0,0,0,0,0,2,4,0,2,2,2,3.1295,82.9838,0,0,0,2,0,0,0,0,2,0,0,0,0,0,0,0,0,0,0,0,0,0,0,0,2,0,0,2,0,3.0,80,0.7638268,0.2361732,35170.0,50.0,0.934991,0.079104214,0.992830226,1
C[N+](C)(C)C,4,1,0,0,0,1,1.0,1.0,2.125,1.0,0.362983639,74.147,62.051,74.0964258,32,0.06746072,-0.333351019,0.333351019,0.06746072,0.8,0.8,0.8,15.24500492,10.77599508,1.87872051,-2.141610809,1.731158935,-2.271258935,3.865530024,-0.849130024,3.023715784,19.11941548,4.5,4.447213595,4.447213595,2.0,1.788854382,1.788854382,2.683281573,2.683281573,0.0,0.0,0.0,0.0,-0.04,3.609640474,4.96,0.976756002,9507.96,33.80388253,4.483030858,0.0,0.0,0.0,0.0,0.0,0.0,0.0,0,0.0,0.0,0.0,0.0,28.19068793,4.483030858,0.0,0.0,0.0,0.0,28.19068793,0.0,0.0,0.0,0.0,0.0,0.0,32.67371879,0.0,0.0,0.0,0.0,0.0,0.0,0.0,0.0,0,0.0,0.0,4.483030858,0.0,0.0,0.0,28.19068793,0.0,1.0,0.0,0.0,0.0,0.0,0.0,0.0,0.0,8.5,1.0,5,0,1,0,0,0,0,0,0,0,0,1,0,0,0,0,0,0.3224,23.9564,0,0,0,1,0,0,0,0,0,0,0,0,0,0,0,0,0,0,0,0,0,0,0,0,0,0,0,1,0,3.0,80,0.7638268,0.2361732,7788.0,50.0,0.9428536206,0.9999993602,0.9999997453,1
CC1CC(C)C[N+](C)(C)C1,9,1,0,0,0,1,1.0,0.929398148,2.370694444,0.929398148,0.451902619,142.266,122.106,142.1590261,60,0.080811301,-0.328037134,0.328037134,0.080811301,1.0,1.4,1.7,15.31059724,9.907377512,2.28330949,-2.395227421,2.229959774,-2.49457539,4.635160003,-0.90163416,2.509938884,105.8966738,7.776020882,7.723234477,7.723234477,4.494800481,4.314576423,4.314576423,4.74692552,4.74692552,2.416580749,2.416580749,2.59796112,2.59796112,-0.04,106.4562509,8.060401606,2.536710801,1.978612327,64.62276195,4.483030858,0.0,0.0,0.0,0.0,0.0,0.0,0.0,0,0.0,13.8474744,6.420821623,11.83581209,27.18485678,4.483030858,0.0,0.0,11.83581209,20.26829602,27.18485678,0.0,0.0,0.0,0.0,0.0,0.0,31.66788763,0.0,11.83581209,20.26829602,0.0,0.0,0.0,0.0,0.0,0,0.0,0.0,11.83581209,23.99336529,0.0,0.0,27.94281836,0.0,1.224537037,0.0,0.0,0.0,1.858796296,0.0,1.432222222,7.472222222,4.678888889,1.0,10,0,1,0,1,1,0,0,0,0,0,1,0,0,1,1,1,1.7387,44.7874,0,0,0,1,0,0,0,0,1,0,0,0,0,0,0,0,0,0,0,0,0,0,0,0,1,0,0,1,0,3.0,80,0.7638268,0.2361732,6201.0,50.0,0.781318141,0.5729620333333334,0.638423202,1
OC1CC[N+]2(CCCCC2)CC1,10,1,1,0,0,1,1.0,0.009885676,9.413152636,0.009885676,0.540541696,170.276,150.116,170.1539407,70,0.081119567,-0.392663591,0.392663591,0.081119567,0.833333333,1.416666667,2.0,16.2664024,9.994016502,2.335152939,-2.447466207,2.244780584,-2.55946931,4.64830312,-0.937183164,1.921173736,141.9175691,8.4413113,7.835738491,7.835738491,5.808060412,5.339606535,5.339606535,4.527901925,4.527901925,3.638240432,3.638240432,2.732128644,2.732128644,-0.08,782.2823154,8.51523239,3.346339286,1.642707656,74.77610666,9.589558253,0.0,0.0,0.0,0.0,0.0,0.0,0.0,0,0.0,0.0,19.26246487,12.84164325,32.28299201,9.589558253,0.0,0.0,0.0,38.2080745,26.17902562,0.0,0.0,0.0,0.0,0.0,0.0,41.87255026,0.0,0.0,32.10410811,0.0,0.0,20.23,0.0,5.106527395,0,6.103966388,0.0,12.84164325,49.92452135,0.0,0.0,0.0,0.0,1.330416667,0.0,9.413152636,0.0,0.0,0.0,6.35189366,5.23787037,0.0,1.0,12,1,2,0,2,2,0,0,0,1,1,2,0,0,2,2,2,1.1418,48.8202,1,1,0,1,0,0,0,0,0,0,0,0,0,0,0,0,0,0,0,0,0,0,0,0,2,0,0,1,0,3.0,80,0.7638268,0.2361732,5328.0,50.0,0.9109055549999999,0.2633813443333333,0.9456587746666667,1
C[N+]1(C)CCC(O)CC1,7,1,1,0,0,1,1.0,-0.017453704,9.131388889,0.017453704,0.46495255,130.211,114.083,130.1226406,54,0.080705992,-0.392663596,0.392663596,0.080705992,1.222222222,1.666666667,2.0,16.26636441,10.07683867,2.233840059,-2.348656889,2.12597567,-2.468549728,4.589743292,-0.895652014,2.348714142,91.08927323,6.905777394,6.300204585,6.300204585,4.100953631,3.601578194,3.601578194,3.614118828,3.614118828,2.135301027,2.135301027,1.253157171,1.253157171,-0.08,92.36474704,7.032107623,2.27202101,1.953512004,56.68711147,9.589558253,0.0,0.0,0.0,0.0,0.0,0.0,0.0,0,0.0,0.0,0.0,12.84164325,33.28882316,9.589558253,0.0,0.0,0.0,18.94560963,27.18485678,0.0,0.0,0.0,0.0,0.0,0.0,42.87838142,0.0,0.0,12.84164325,0.0,0.0,20.23,0.0,0.0,0,6.103966388,0.0,30.41418692,0.0,0.0,0.0,14.09534397,5.106527395,1.080416667,0.0,9.131388889,0.0,0.0,0.0,1.94087963,2.252314815,4.428333333,1.0,9,1,2,0,1,1,0,0,0,1,1,2,0,0,1,1,1,0.2175,37.0832,1,1,0,1,0,0,0,0,1,0,0,0,0,0,0,0,0,0,0,0,0,0,0,0,1,0,0,1,0,3.0,80,0.7638268,0.2361732,4170.0,50.0,0.8702833136666667,0.40254498899999996,0.9370719323333333,1
C[N+]1(C)CCC(CC2=CC=CC=C2)CC1,14,1,0,0,0,1,0.571428571,0.915324074,2.345969388,0.915324074,0.649800881,204.337,182.161,204.1746761,82,0.078483562,-0.328461018,0.328461018,0.078483562,1.066666667,1.666666667,2.266666667,15.30433633,9.893996437,2.252481893,-2.368054332,2.231100531,-2.458732202,5.14739285,-0.895791506,1.875945528,292.374556,10.72576835,9.946849117,9.946849117,7.156596524,6.015864588,6.015864588,5.516043431,5.516043431,3.652552485,3.652552485,2.471812116,2.471812116,-0.82,2960.765233,10.68965055,4.358711008,3.066000025,93.31491404,4.483030858,0.0,0.0,0.0,0.0,0.0,0.0,0.0,0,0.0,30.33183534,30.74382241,0.0,27.18485678,4.483030858,0.0,0.0,5.917906046,19.26246487,27.18485678,35.89528683,0.0,0.0,0.0,0.0,0.0,31.66788763,6.420821623,5.917906046,18.40509474,30.33183534,0.0,0.0,0.0,0.0,0,0.0,0.0,5.917906046,42.39846003,0.0,0.0,44.42717931,0.0,1.213581034,0.0,0.0,1.50898715,0.915324074,10.92053697,4.060147392,2.689484599,4.691938776,0.571428571,15,0,1,0,1,1,1,0,1,0,0,1,2,0,1,1,2,2.7155,64.7124,0,0,0,1,0,0,0,0,1,0,0,0,1,0,0,0,0,0,0,0,0,0,0,0,1,0,0,1,0,3.0,80,0.7638268,0.2361732,8256.0,50.0,0.9998611346666667,0.176933255,0.97995053,1
C1=CC=C(CC2CC[N+]3(CCCCC3)CC2)C=C1,17,1,0,0,0,1,0.647058824,0.942663454,2.291508094,0.942663454,0.696806334,244.402,218.194,244.2059763,98,0.078897173,-0.323590949,0.323590949,0.078897173,0.833333333,1.5,2.166666667,15.35570998,9.874869122,2.341954653,-2.457558775,2.29398194,-2.55314802,5.147706643,-0.937340134,1.535595671,354.4562989,12.26130226,11.48238302,11.48238302,8.863703305,7.753892929,7.753892929,6.429826527,6.429826527,5.15549189,5.15549189,3.950783589,3.950783589,-0.82,22952.80718,12.2259605,5.439798037,2.772499458,111.4039092,4.483030858,0.0,0.0,0.0,0.0,0.0,0.0,0.0,0,0.0,30.33183534,50.00628728,0.0,26.17902562,4.483030858,0.0,0.0,5.917906046,38.52492974,26.17902562,35.89528683,0.0,0.0,0.0,0.0,0.0,30.66205648,6.420821623,5.917906046,37.66755961,30.33183534,0.0,0.0,0.0,0.0,0,0.0,0.0,5.917906046,74.75043771,0.0,0.0,30.33183534,0.0,1.463581034,0.0,0.0,1.53666126,0.942663454,11.06117084,8.643627338,5.852296076,0.0,0.647058824,18,0,1,0,2,2,1,0,1,0,0,1,2,0,2,2,3,3.6398,76.4494,0,0,0,1,0,0,0,0,0,0,0,0,1,0,0,0,0,0,0,0,0,0,0,0,2,0,0,1,0,3.0,80,0.7638268,0.2361732,21681.0,50.0,1.0373747336666668,0.2443424826666667,0.9262715256666666,1
CC1CC(C)C[N+]2(CCCCC2)C1,12,1,0,0,0,1,1.0,0.973935185,2.448676304,0.973935185,0.505260521,182.331,158.139,182.1903262,76,0.081224872,-0.323167117,0.323167117,0.081224872,0.846153846,1.384615385,1.923076923,15.36119891,9.87627792,2.368058796,-2.478497673,2.303161369,-2.579540164,4.683393824,-0.942612399,2.022829771,157.9632901,9.311554788,9.258768383,9.258768383,6.201907263,6.052604764,6.052604764,5.660708617,5.660708617,3.967592849,3.967592849,3.780968405,3.780968405,-0.04,994.123952,9.51254062,3.606045598,2.06669424,82.71175714,4.483030858,0.0,0.0,0.0,0.0,0.0,0.0,0.0,0,0.0,13.8474744,25.68328649,11.83581209,26.17902562,4.483030858,0.0,0.0,11.83581209,39.53076089,26.17902562,0.0,0.0,0.0,0.0,0.0,0.0,30.66205648,0.0,11.83581209,39.53076089,0.0,0.0,0.0,0.0,0.0,0,0.0,0.0,11.83581209,56.34534297,0.0,0.0,13.8474744,0.0,1.474537037,0.0,0.0,0.0,1.94787037,0.0,5.932184429,10.81207483,0.0,1.0,13,0,1,0,2,2,0,0,0,0,0,1,0,0,2,2,2,2.663,56.5244,0,0,0,1,0,0,0,0,0,0,0,0,0,0,0,0,0,0,0,0,0,0,0,0,2,0,0,1,0,3.0,80,0.7638268,0.2361732,17907.0,50.0,0.8826767836666667,0.39720004466666664,0.8097189943333333,1
C[N+]1(C)CCCCC1,7,1,0,0,0,1,1.0,1.25,2.318611111,1.25,0.415670172,114.212,98.084,114.1277259,48,0.078203355,-0.328479043,0.328479043,0.078203355,0.875,1.375,1.625,15.30247403,10.11676649,2.1706702,-2.326855474,2.114976763,-2.430848884,4.471585491,-0.89445777,2.327882879,68.45601116,6.035533906,5.982747501,5.982747501,3.707106781,3.526882723,3.526882723,3.443605225,3.443605225,2.026882723,2.026882723,1.368249222,1.368249222,-0.04,59.4111508,6.085628141,2.058167191,1.47805616,51.89287772,4.483030858,0.0,0.0,0.0,0.0,0.0,0.0,0.0,0,0.0,0.0,19.26246487,0.0,27.18485678,4.483030858,0.0,0.0,0.0,19.26246487,27.18485678,0.0,0.0,0.0,0.0,0.0,0.0,31.66788763,0.0,0.0,19.26246487,0.0,0.0,0.0,0.0,0.0,0,0.0,0.0,0.0,36.83500854,0.0,0.0,14.09534397,0.0,1.25,0.0,0.0,0.0,0.0,0.0,4.335,2.777777778,4.637222222,1.0,8,0,1,0,1,1,0,0,0,0,0,1,0,0,1,1,1,1.2467,35.6934,0,0,0,1,0,0,0,0,1,0,0,0,0,0,0,0,0,0,0,0,0,0,0,0,1,0,0,1,0,3.0,80,0.7638268,0.2361732,38329.0,50.0,0.8178609569999999,0.49637977099999997,0.87417168175,1
C1CC[N+]2(CC1)CCCCC2,10,1,0,0,0,1,1.0,1.5,1.5,1.5,0.469065256,154.277,134.117,154.1590261,64,0.07861697,-0.323608975,0.323608975,0.07861697,0.454545455,0.818181818,1.181818182,15.35411576,10.01190874,2.303626033,-2.436709549,2.241062256,-2.53722828,4.58638158,-0.936180066,1.94320678,99.32469185,7.571067812,7.518281407,7.518281407,5.414213562,5.264911064,5.264911064,4.357388321,4.357388321,3.529822128,3.529822128,2.813228166,2.813228166,-0.04,530.0382769,7.600932428,3.139132041,1.584033638,69.98187291,4.483030858,0.0,0.0,0.0,0.0,0.0,0.0,0.0,0,0.0,0.0,38.52492974,0.0,26.17902562,4.483030858,0.0,0.0,0.0,38.52492974,26.17902562,0.0,0.0,0.0,0.0,0.0,0.0,30.66205648,0.0,0.0,38.52492974,0.0,0.0,0.0,0.0,0.0,0,0.0,0.0,0.0,69.18698622,0.0,0.0,0.0,0.0,1.5,0.0,0.0,0.0,0.0,0.0,9.0,6.0,0.0,1.0,11,0,1,0,2,2,0,0,0,0,0,1,0,0,2,2,2,2.171,47.4304,0,0,0,1,0,0,0,0,0,0,0,0,0,0,0,0,0,0,0,0,0,0,0,0,2,0,0,1,0,3.0,80,0.7638268,0.2361732,80000.0,50.0,0.926179512111111,0.32489621266666663,0.9472390226111111,1
C[N+]1(C)CCC2=CC=CC=C2C1,11,1,0,0,0,1,0.454545455,1.135925926,2.301527778,1.135925926,0.510414594,162.256,146.128,162.1277259,64,0.104229544,-0.324445264,0.324445264,0.104229544,1.083333333,1.75,2.5,15.30368397,9.989488711,2.22308132,-2.341824629,2.204333349,-2.430375972,5.271052711,-0.905086855,2.351336763,288.8105161,8.604448007,7.877935016,7.877935016,5.673433276,4.561339773,4.561339773,4.336162467,4.336162467,2.70323125,2.70323125,1.918947026,1.918947026,-0.82,623.5245549,7.809851624,2.595645525,1.369296118,74.22008769,4.483030858,6.544756406,0.0,0.0,0.0,0.0,0.0,0.0,0,0.0,24.26546827,5.563451492,11.98427311,20.64010037,4.483030858,0.0,0.0,0.0,12.96557803,20.64010037,35.39237126,0.0,0.0,0.0,0.0,0.0,25.12313123,12.96557803,0.0,11.12690298,24.26546827,0.0,0.0,0.0,0.0,0,0.0,0.0,4.483030858,25.07378593,5.563451492,0.0,38.36081224,0.0,1.135925926,0.0,0.0,3.086759259,0.0,8.80287037,1.239259259,2.465462963,4.603055556,0.454545455,12,0,1,0,1,1,1,0,1,0,0,1,0,0,0,0,2,1.8191,50.8254,0,0,0,1,0,0,0,1,0,0,0,0,1,1,0,0,0,0,0,0,0,0,0,0,0,0,0,1,0,3.0,80,0.5836,0.4164,8.0,50.0,0.6172627159999999,0.27887391899999997,0.8527899556666667,1
C1=CC=C2C[N+]3(CCCCC3)CCC2=C1,14,1,0,0,0,1,0.571428571,1.301759259,2.336407785,1.301759259,0.567465962,202.321,182.161,202.1590261,80,0.104643332,-0.319576345,0.319576345,0.104643332,0.8,1.533333333,2.333333333,15.35517293,9.946200475,2.330353458,-2.442298988,2.285266667,-2.533442921,5.272887673,-0.946423353,1.87003558,350.1112625,10.13998191,9.413468922,9.413468922,7.380540058,6.299368114,6.299368114,5.249945563,5.249945563,4.244535517,4.244535517,3.318396852,3.318396852,-0.82,5030.138529,9.40914187,3.639008949,1.694520377,92.30908288,4.483030858,6.544756406,0.0,0.0,0.0,0.0,0.0,0.0,0,0.0,24.26546827,24.82591636,11.98427311,19.63426922,4.483030858,0.0,0.0,0.0,32.2280429,19.63426922,35.39237126,0.0,0.0,0.0,0.0,0.0,24.11730008,12.96557803,0.0,30.38936785,24.26546827,0.0,0.0,0.0,0.0,0,0.0,0.0,0.0,56.34534297,11.12690298,0.0,24.26546827,0.0,1.385925926,0.0,0.0,3.219882842,0.0,9.035055115,5.654914651,5.5375548,0.0,0.571428571,15,0,1,0,2,2,1,0,1,0,0,1,0,0,1,1,3,2.7434,62.5624,0,0,0,1,0,0,0,0,0,0,0,0,1,1,0,0,0,0,0,0,0,0,0,0,1,0,0,1,0,3.0,80,0.5836,0.4164,8.0,50.0,0.8814846986666667,0.23688501800000003,0.9326881673333333,1
C[N+](C)(C)Cc1ccccc1,10,1,0,0,0,1,0.4,0.990092593,2.201388889,0.990092593,0.564733409,150.245,134.117,150.1277259,60,0.10374051,-0.327164983,0.327164983,0.10374051,1.0,1.545454545,2.0,15.2727943,10.18617015,2.059732163,-2.231752379,2.044948953,-2.326798315,5.127404025,-0.883503644,2.657660985,208.0644284,8.319990956,7.541071723,7.541071723,5.078298262,3.922105546,3.922105546,3.934036527,3.934036527,1.499740497,1.499740497,1.131142384,1.131142384,-0.82,244.8579632,8.278231827,3.054898793,3.190046349,68.86097673,4.483030858,6.544756406,0.0,0.0,0.0,0.0,0.0,0.0,0,0.0,30.33183534,0.0,5.563451492,21.14301595,4.483030858,0.0,0.0,0.0,6.544756406,21.14301595,35.89528683,0.0,0.0,0.0,0.0,0.0,25.62604681,6.544756406,0.0,5.563451492,30.33183534,0.0,0.0,0.0,0.0,0,0.0,0.0,11.02778726,5.563451492,0.0,0.0,51.47485129,0.0,0.990092593,0.0,0.0,1.402777778,0.0,10.57157407,0.0,1.098055556,6.604166667,0.4,11,0,1,0,0,0,1,0,1,0,0,1,2,0,0,0,1,1.8928,48.1784,0,0,0,1,0,0,0,0,0,0,0,0,1,0,0,0,0,0,0,0,0,0,0,0,0,0,0,1,0,3.0,80,0.5836,0.4164,1136.0,50.0,0.7445308335,0.24762724886,0.9092085232799999,1
C[N+]1(CC2=CC=CC=C2)CCCCC1,13,1,0,0,0,1,0.538461538,1.209166667,2.395,1.209166667,0.629058375,190.31,170.15,190.1590261,76,0.104154064,-0.322295086,0.322295086,0.104154064,1.0,1.642857143,2.285714286,15.32741476,10.06976967,2.238924768,-2.374127779,2.192368797,-2.464159809,5.129054693,-0.926460391,2.020245375,272.546854,9.855524862,9.076605629,9.076605629,6.785405043,5.660133887,5.660133887,4.771089901,4.771089901,3.303016422,3.303016422,2.457935039,2.457935039,-0.82,2070.989944,9.724281562,4.138411667,2.355126699,86.94997192,4.483030858,6.544756406,0.0,0.0,0.0,0.0,0.0,0.0,0,0.0,30.33183534,19.26246487,5.563451492,20.13718479,4.483030858,0.0,0.0,0.0,25.80722127,20.13718479,35.89528683,0.0,0.0,0.0,0.0,0.0,24.62021565,6.544756406,0.0,24.82591636,30.33183534,0.0,0.0,0.0,0.0,0,0.0,0.0,0.0,48.94321644,0.0,0.0,37.37950732,0.0,1.240092593,0.0,0.0,1.483240741,0.0,10.88174068,4.245334152,3.921258503,2.395,0.538461538,14,0,1,0,1,1,1,0,1,0,0,1,2,0,1,1,2,2.8171,59.9154,0,0,0,1,0,0,0,0,1,0,0,0,1,0,0,0,0,0,0,0,0,0,0,0,1,0,0,1,0,3.0,80,0.5836,0.4164,1161.0,50.0,0.8523135852857143,0.21687114642857144,0.93113035,1
C[N+]1(C)CCOCC1,6,1,1,0,0,1,1.0,0.9375,5.189444444,0.9375,0.407601455,116.184,102.072,116.1069905,48,0.102048631,-0.369750505,0.369750505,0.102048631,1.125,1.625,1.875,16.47826224,10.38719607,2.176003361,-2.325119993,2.004810893,-2.478462536,4.402193252,-0.897564438,2.327882879,72.59772061,6.035533906,5.683889011,5.683889011,3.707106781,3.104232992,3.104232992,2.995317489,2.995317489,1.681904277,1.681904277,0.837212733,0.837212733,-0.08,59.4111508,6.046262626,2.033781213,1.456225286,50.64148083,9.219893811,13.08951281,0.0,0.0,0.0,0.0,0.0,0.0,0,0.0,0.0,0.0,0.0,27.30910789,9.219893811,0.0,0.0,0.0,0.0,40.39862071,0.0,0.0,0.0,0.0,0.0,0.0,44.88165156,4.736862954,0.0,0.0,0.0,0.0,9.23,0.0,0.0,0,0.0,0.0,17.69679479,13.08951281,0.0,0.0,14.09534397,4.736862954,6.314444444,0.0,0.0,0.0,0.0,0.0,0.0,4.208333333,4.477222222,1.0,8,0,2,0,1,1,0,0,0,1,0,2,0,0,1,1,1,0.093,32.6614,0,0,0,1,0,0,0,1,0,0,0,0,0,0,1,0,0,0,0,1,0,0,0,0,0,0,0,1,0,3.0,80,0.5836,0.4164,1861.0,50.0,0.8633058290000001,0.48311638966666665,0.8837786333333334,1
C1CC[N+]2(CC1)CCOCC2,9,1,1,0,0,1,1.0,1.0,5.381371882,1.0,0.475720485,156.249,138.105,156.1382906,64,0.102461847,-0.36974986,0.36974986,0.102461847,0.727272727,1.363636364,2.0,16.47841808,10.07544352,2.309403025,-2.433103834,2.196446263,-2.56916372,4.56459842,-0.938764327,1.94320678,104.0146478,7.571067812,7.219422917,7.219422917,5.414213562,4.842261333,4.842261333,3.909100585,3.909100585,3.184843683,3.184843683,2.360484132,2.360484132,-0.08,530.0382769,7.562989055,3.114262771,1.568134708,68.73047602,9.219893811,13.08951281,0.0,0.0,0.0,0.0,0.0,0.0,0,0.0,0.0,19.26246487,0.0,26.30327674,9.219893811,0.0,0.0,0.0,19.26246487,39.39278955,0.0,0.0,0.0,0.0,0.0,0.0,43.87582041,4.736862954,0.0,19.26246487,0.0,0.0,9.23,0.0,0.0,0,0.0,0.0,13.21376393,49.92452135,0.0,0.0,0.0,4.736862954,6.756371882,0.0,0.0,0.0,0.0,0.0,4.348072562,7.395555556,0.0,1.0,11,0,2,0,2,2,0,0,0,1,0,2,0,0,2,2,2,1.0173,44.3984,0,0,0,1,0,0,0,0,0,0,0,0,0,0,1,0,0,0,0,1,0,0,0,0,1,0,0,1,0,3.0,80,0.5836,0.4164,1964.0,50.0,0.9145757080000001,0.31269790933333336,0.9360428500000001,1
CC1(C)CCCC(C)(C)[N+]1(C)C,11,1,0,0,0,1,1.0,0.446180556,2.396736111,0.446180556,0.490395537,170.32,146.128,170.1903262,72,0.093506156,-0.319711705,0.319711705,0.093506156,0.833333333,1.166666667,1.416666667,15.41352299,9.775198926,2.497006608,-2.575176286,2.416417591,-2.682510264,4.835270038,-0.986642655,2.985400403,159.443134,9.621320344,9.568533939,9.568533939,5.207106781,5.048747568,5.048747568,5.931866095,5.931866095,4.603797581,4.603797581,2.331969067,2.331969067,-0.04,263.1169896,10.04361204,2.474837422,1.186495189,77.35264618,4.483030858,0.0,0.0,0.0,0.0,0.0,0.0,0.0,0,0.0,0.0,34.11577042,12.84164325,25.17319447,4.483030858,0.0,0.0,0.0,58.03526417,14.09534397,0.0,0.0,0.0,0.0,0.0,0.0,29.65622533,0.0,0.0,46.95741367,0.0,0.0,0.0,0.0,0.0,0,0.0,11.0778505,4.483030858,19.26246487,0.0,0.0,41.79029276,0.0,1.152777778,0.0,0.0,0.892361111,0.0,0.0,4.119583333,9.586944444,4.748333333,1.0,12,0,1,0,1,1,0,0,0,0,0,1,0,0,1,1,1,2.8039,54.1174,0,0,0,1,0,0,0,0,1,0,0,0,0,0,0,0,0,0,0,0,0,0,0,0,1,0,0,1,0,3.0,80,0.5836,0.4164,243.0,50.0,1.085156378,0.6549789439999999,0.8610853186666666,1
CCCCCC[N+](C)(C)C,9,1,0,0,0,2,1.0,1.114795918,2.255898526,1.114795918,0.410006209,144.282,122.106,144.1746761,62,0.077992826,-0.330914819,0.330914819,0.077992826,0.9,1.5,1.9,15.271693,10.17456761,2.036878724,-2.230145615,2.014750642,-2.346346514,4.378235101,-0.870130179,3.043758409,71.28767654,8.035533906,7.982747501,7.982747501,4.560660172,4.364975334,4.364975334,4.074591054,4.074591054,1.682487667,1.682487667,1.012921743,1.012921743,-0.04,106.9253229,9.96,4.72621024,7.96,65.6285931,4.483030858,0.0,0.0,0.0,0.0,0.0,0.0,0.0,0,0.0,19.76538045,12.84164325,0.0,27.68777235,4.483030858,0.0,0.0,0.0,32.60702369,27.68777235,0.0,0.0,0.0,0.0,0.0,0.0,32.17080321,0.0,0.0,32.60702369,0.0,0.0,0.0,0.0,0.0,0,0.0,0.0,4.483030858,32.2280429,0.0,0.0,28.06675315,0.0,1.114795918,0.0,0.0,0.0,0.0,0.0,5.542165533,3.575342971,6.767695578,1.0,10,0,1,0,0,0,0,0,0,0,0,1,5,0,0,0,0,2.2729,47.0414,0,0,0,1,0,0,0,0,0,0,0,0,0,0,0,0,0,0,0,0,0,0,0,0,0,0,0,1,2,3.0,80,0.5836,0.4164,7930.0,50.0,0.817407571,0.17101484275,0.961551835,1
C[N+](C)(C)C,4,1,0,0,0,1,1.0,1.0,2.125,1.0,0.362983639,74.147,62.051,74.0964258,32,0.06746072,-0.333351019,0.333351019,0.06746072,0.8,0.8,0.8,15.24500492,10.77599508,1.87872051,-2.141610809,1.731158935,-2.271258935,3.865530024,-0.849130024,3.023715784,19.11941548,4.5,4.447213595,4.447213595,2.0,1.788854382,1.788854382,2.683281573,2.683281573,0.0,0.0,0.0,0.0,-0.04,3.609640474,4.96,0.976756002,9507.96,33.80388253,4.483030858,0.0,0.0,0.0,0.0,0.0,0.0,0.0,0,0.0,0.0,0.0,0.0,28.19068793,4.483030858,0.0,0.0,0.0,0.0,28.19068793,0.0,0.0,0.0,0.0,0.0,0.0,32.67371879,0.0,0.0,0.0,0.0,0.0,0.0,0.0,0.0,0,0.0,0.0,4.483030858,0.0,0.0,0.0,28.19068793,0.0,1.0,0.0,0.0,0.0,0.0,0.0,0.0,0.0,8.5,1.0,5,0,1,0,0,0,0,0,0,0,0,1,0,0,0,0,0,0.3224,23.9564,0,0,0,1,0,0,0,0,0,0,0,0,0,0,0,0,0,0,0,0,0,0,0,0,0,0,0,1,0,3.0,80,0.5836,0.4164,22469.0,50.0,0.9428536206,0.9999993602,0.9999997453,1
CC1CC(C)C[N+](C)(C)C1,9,1,0,0,0,1,1.0,0.929398148,2.370694444,0.929398148,0.451902619,142.266,122.106,142.1590261,60,0.080811301,-0.328037134,0.328037134,0.080811301,1.0,1.4,1.7,15.31059724,9.907377512,2.28330949,-2.395227421,2.229959774,-2.49457539,4.635160003,-0.90163416,2.509938884,105.8966738,7.776020882,7.723234477,7.723234477,4.494800481,4.314576423,4.314576423,4.74692552,4.74692552,2.416580749,2.416580749,2.59796112,2.59796112,-0.04,106.4562509,8.060401606,2.536710801,1.978612327,64.62276195,4.483030858,0.0,0.0,0.0,0.0,0.0,0.0,0.0,0,0.0,13.8474744,6.420821623,11.83581209,27.18485678,4.483030858,0.0,0.0,11.83581209,20.26829602,27.18485678,0.0,0.0,0.0,0.0,0.0,0.0,31.66788763,0.0,11.83581209,20.26829602,0.0,0.0,0.0,0.0,0.0,0,0.0,0.0,11.83581209,23.99336529,0.0,0.0,27.94281836,0.0,1.224537037,0.0,0.0,0.0,1.858796296,0.0,1.432222222,7.472222222,4.678888889,1.0,10,0,1,0,1,1,0,0,0,0,0,1,0,0,1,1,1,1.7387,44.7874,0,0,0,1,0,0,0,0,1,0,0,0,0,0,0,0,0,0,0,0,0,0,0,0,1,0,0,1,0,3.0,80,0.5836,0.4164,30000.0,50.0,0.781318141,0.5729620333333334,0.638423202,1
OC1CC[N+]2(CCCCC2)CC1,10,1,1,0,0,1,1.0,0.009885676,9.413152636,0.009885676,0.540541696,170.276,150.116,170.1539407,70,0.081119567,-0.392663591,0.392663591,0.081119567,0.833333333,1.416666667,2.0,16.2664024,9.994016502,2.335152939,-2.447466207,2.244780584,-2.55946931,4.64830312,-0.937183164,1.921173736,141.9175691,8.4413113,7.835738491,7.835738491,5.808060412,5.339606535,5.339606535,4.527901925,4.527901925,3.638240432,3.638240432,2.732128644,2.732128644,-0.08,782.2823154,8.51523239,3.346339286,1.642707656,74.77610666,9.589558253,0.0,0.0,0.0,0.0,0.0,0.0,0.0,0,0.0,0.0,19.26246487,12.84164325,32.28299201,9.589558253,0.0,0.0,0.0,38.2080745,26.17902562,0.0,0.0,0.0,0.0,0.0,0.0,41.87255026,0.0,0.0,32.10410811,0.0,0.0,20.23,0.0,5.106527395,0,6.103966388,0.0,12.84164325,49.92452135,0.0,0.0,0.0,0.0,1.330416667,0.0,9.413152636,0.0,0.0,0.0,6.35189366,5.23787037,0.0,1.0,12,1,2,0,2,2,0,0,0,1,1,2,0,0,2,2,2,1.1418,48.8202,1,1,0,1,0,0,0,0,0,0,0,0,0,0,0,0,0,0,0,0,0,0,0,0,2,0,0,1,0,3.0,80,0.5836,0.4164,6217.0,50.0,0.9109055549999999,0.2633813443333333,0.9456587746666667,1
C[N+]1(C)CCC(O)CC1,7,1,1,0,0,1,1.0,-0.017453704,9.131388889,0.017453704,0.46495255,130.211,114.083,130.1226406,54,0.080705992,-0.392663596,0.392663596,0.080705992,1.222222222,1.666666667,2.0,16.26636441,10.07683867,2.233840059,-2.348656889,2.12597567,-2.468549728,4.589743292,-0.895652014,2.348714142,91.08927323,6.905777394,6.300204585,6.300204585,4.100953631,3.601578194,3.601578194,3.614118828,3.614118828,2.135301027,2.135301027,1.253157171,1.253157171,-0.08,92.36474704,7.032107623,2.27202101,1.953512004,56.68711147,9.589558253,0.0,0.0,0.0,0.0,0.0,0.0,0.0,0,0.0,0.0,0.0,12.84164325,33.28882316,9.589558253,0.0,0.0,0.0,18.94560963,27.18485678,0.0,0.0,0.0,0.0,0.0,0.0,42.87838142,0.0,0.0,12.84164325,0.0,0.0,20.23,0.0,0.0,0,6.103966388,0.0,30.41418692,0.0,0.0,0.0,14.09534397,5.106527395,1.080416667,0.0,9.131388889,0.0,0.0,0.0,1.94087963,2.252314815,4.428333333,1.0,9,1,2,0,1,1,0,0,0,1,1,2,0,0,1,1,1,0.2175,37.0832,1,1,0,1,0,0,0,0,1,0,0,0,0,0,0,0,0,0,0,0,0,0,0,0,1,0,0,1,0,3.0,80,0.5836,0.4164,6956.0,50.0,0.8702833136666667,0.40254498899999996,0.9370719323333333,1
C[N+]1(C)CCC(CC2=CC=CC=C2)CC1,14,1,0,0,0,1,0.571428571,0.915324074,2.345969388,0.915324074,0.649800881,204.337,182.161,204.1746761,82,0.078483562,-0.328461018,0.328461018,0.078483562,1.066666667,1.666666667,2.266666667,15.30433633,9.893996437,2.252481893,-2.368054332,2.231100531,-2.458732202,5.14739285,-0.895791506,1.875945528,292.374556,10.72576835,9.946849117,9.946849117,7.156596524,6.015864588,6.015864588,5.516043431,5.516043431,3.652552485,3.652552485,2.471812116,2.471812116,-0.82,2960.765233,10.68965055,4.358711008,3.066000025,93.31491404,4.483030858,0.0,0.0,0.0,0.0,0.0,0.0,0.0,0,0.0,30.33183534,30.74382241,0.0,27.18485678,4.483030858,0.0,0.0,5.917906046,19.26246487,27.18485678,35.89528683,0.0,0.0,0.0,0.0,0.0,31.66788763,6.420821623,5.917906046,18.40509474,30.33183534,0.0,0.0,0.0,0.0,0,0.0,0.0,5.917906046,42.39846003,0.0,0.0,44.42717931,0.0,1.213581034,0.0,0.0,1.50898715,0.915324074,10.92053697,4.060147392,2.689484599,4.691938776,0.571428571,15,0,1,0,1,1,1,0,1,0,0,1,2,0,1,1,2,2.7155,64.7124,0,0,0,1,0,0,0,0,1,0,0,0,1,0,0,0,0,0,0,0,0,0,0,0,1,0,0,1,0,3.0,80,0.5836,0.4164,9838.0,50.0,0.9998611346666667,0.176933255,0.97995053,1
C1=CC=C(CC2CC[N+]3(CCCCC3)CC2)C=C1,17,1,0,0,0,1,0.647058824,0.942663454,2.291508094,0.942663454,0.696806334,244.402,218.194,244.2059763,98,0.078897173,-0.323590949,0.323590949,0.078897173,0.833333333,1.5,2.166666667,15.35570998,9.874869122,2.341954653,-2.457558775,2.29398194,-2.55314802,5.147706643,-0.937340134,1.535595671,354.4562989,12.26130226,11.48238302,11.48238302,8.863703305,7.753892929,7.753892929,6.429826527,6.429826527,5.15549189,5.15549189,3.950783589,3.950783589,-0.82,22952.80718,12.2259605,5.439798037,2.772499458,111.4039092,4.483030858,0.0,0.0,0.0,0.0,0.0,0.0,0.0,0,0.0,30.33183534,50.00628728,0.0,26.17902562,4.483030858,0.0,0.0,5.917906046,38.52492974,26.17902562,35.89528683,0.0,0.0,0.0,0.0,0.0,30.66205648,6.420821623,5.917906046,37.66755961,30.33183534,0.0,0.0,0.0,0.0,0,0.0,0.0,5.917906046,74.75043771,0.0,0.0,30.33183534,0.0,1.463581034,0.0,0.0,1.53666126,0.942663454,11.06117084,8.643627338,5.852296076,0.0,0.647058824,18,0,1,0,2,2,1,0,1,0,0,1,2,0,2,2,3,3.6398,76.4494,0,0,0,1,0,0,0,0,0,0,0,0,1,0,0,0,0,0,0,0,0,0,0,0,2,0,0,1,0,3.0,80,0.5836,0.4164,45000.0,50.0,1.0373747336666668,0.2443424826666667,0.9262715256666666,1
CC1CC(C)C[N+]2(CCCCC2)C1,12,1,0,0,0,1,1.0,0.973935185,2.448676304,0.973935185,0.505260521,182.331,158.139,182.1903262,76,0.081224872,-0.323167117,0.323167117,0.081224872,0.846153846,1.384615385,1.923076923,15.36119891,9.87627792,2.368058796,-2.478497673,2.303161369,-2.579540164,4.683393824,-0.942612399,2.022829771,157.9632901,9.311554788,9.258768383,9.258768383,6.201907263,6.052604764,6.052604764,5.660708617,5.660708617,3.967592849,3.967592849,3.780968405,3.780968405,-0.04,994.123952,9.51254062,3.606045598,2.06669424,82.71175714,4.483030858,0.0,0.0,0.0,0.0,0.0,0.0,0.0,0,0.0,13.8474744,25.68328649,11.83581209,26.17902562,4.483030858,0.0,0.0,11.83581209,39.53076089,26.17902562,0.0,0.0,0.0,0.0,0.0,0.0,30.66205648,0.0,11.83581209,39.53076089,0.0,0.0,0.0,0.0,0.0,0,0.0,0.0,11.83581209,56.34534297,0.0,0.0,13.8474744,0.0,1.474537037,0.0,0.0,0.0,1.94787037,0.0,5.932184429,10.81207483,0.0,1.0,13,0,1,0,2,2,0,0,0,0,0,1,0,0,2,2,2,2.663,56.5244,0,0,0,1,0,0,0,0,0,0,0,0,0,0,0,0,0,0,0,0,0,0,0,0,2,0,0,1,0,3.0,80,0.5836,0.4164,30000.0,50.0,0.8826767836666667,0.39720004466666664,0.8097189943333333,1
C[N+]1(C)CCCCC1,7,1,0,0,0,1,1.0,1.25,2.318611111,1.25,0.415670172,114.212,98.084,114.1277259,48,0.078203355,-0.328479043,0.328479043,0.078203355,0.875,1.375,1.625,15.30247403,10.11676649,2.1706702,-2.326855474,2.114976763,-2.430848884,4.471585491,-0.89445777,2.327882879,68.45601116,6.035533906,5.982747501,5.982747501,3.707106781,3.526882723,3.526882723,3.443605225,3.443605225,2.026882723,2.026882723,1.368249222,1.368249222,-0.04,59.4111508,6.085628141,2.058167191,1.47805616,51.89287772,4.483030858,0.0,0.0,0.0,0.0,0.0,0.0,0.0,0,0.0,0.0,19.26246487,0.0,27.18485678,4.483030858,0.0,0.0,0.0,19.26246487,27.18485678,0.0,0.0,0.0,0.0,0.0,0.0,31.66788763,0.0,0.0,19.26246487,0.0,0.0,0.0,0.0,0.0,0,0.0,0.0,0.0,36.83500854,0.0,0.0,14.09534397,0.0,1.25,0.0,0.0,0.0,0.0,0.0,4.335,2.777777778,4.637222222,1.0,8,0,1,0,1,1,0,0,0,0,0,1,0,0,1,1,1,1.2467,35.6934,0,0,0,1,0,0,0,0,1,0,0,0,0,0,0,0,0,0,0,0,0,0,0,0,1,0,0,1,0,3.0,80,0.5836,0.4164,60000.0,50.0,0.8178609569999999,0.49637977099999997,0.87417168175,1
C1CC[N+]2(CC1)CCCCC2,10,1,0,0,0,1,1.0,1.5,1.5,1.5,0.469065256,154.277,134.117,154.1590261,64,0.07861697,-0.323608975,0.323608975,0.07861697,0.454545455,0.818181818,1.181818182,15.35411576,10.01190874,2.303626033,-2.436709549,2.241062256,-2.53722828,4.58638158,-0.936180066,1.94320678,99.32469185,7.571067812,7.518281407,7.518281407,5.414213562,5.264911064,5.264911064,4.357388321,4.357388321,3.529822128,3.529822128,2.813228166,2.813228166,-0.04,530.0382769,7.600932428,3.139132041,1.584033638,69.98187291,4.483030858,0.0,0.0,0.0,0.0,0.0,0.0,0.0,0,0.0,0.0,38.52492974,0.0,26.17902562,4.483030858,0.0,0.0,0.0,38.52492974,26.17902562,0.0,0.0,0.0,0.0,0.0,0.0,30.66205648,0.0,0.0,38.52492974,0.0,0.0,0.0,0.0,0.0,0,0.0,0.0,0.0,69.18698622,0.0,0.0,0.0,0.0,1.5,0.0,0.0,0.0,0.0,0.0,9.0,6.0,0.0,1.0,11,0,1,0,2,2,0,0,0,0,0,1,0,0,2,2,2,2.171,47.4304,0,0,0,1,0,0,0,0,0,0,0,0,0,0,0,0,0,0,0,0,0,0,0,0,2,0,0,1,0,3.0,80,0.5836,0.4164,100000.0,50.0,0.926179512111111,0.32489621266666663,0.9472390226111111,1
CC[N+]1(C)CCCC1,7,1,0,0,0,1,1.0,1.319444444,2.354166667,1.319444444,0.449952788,114.212,98.084,114.1277259,48,0.078619894,-0.326265893,0.326265893,0.078619894,1.25,1.75,2.0,15.33348256,10.39358405,2.23028601,-2.263235674,2.139532621,-2.395984082,4.486020013,-0.895371398,2.399681801,72.45601116,6.035533906,5.982747501,5.982747501,3.767766953,3.603003675,3.603003675,3.090051834,3.090051834,2.409338255,2.409338255,1.415079324,1.415079324,-0.04,88.95348294,6.085628141,2.058167191,1.025055201,51.89287772,4.483030858,0.0,0.0,0.0,0.0,0.0,0.0,0.0,0,0.0,0.0,6.9237372,12.84164325,26.6819412,4.483030858,0.0,0.0,0.0,19.76538045,26.6819412,0.0,0.0,0.0,0.0,0.0,0.0,31.16497206,0.0,0.0,19.76538045,0.0,0.0,0.0,0.0,0.0,0,0.0,0.0,0.0,36.95894332,0.0,0.0,13.97140918,0.0,1.319444444,0.0,0.0,0.0,0.0,0.0,2.8975,6.428888889,2.354166667,1.0,8,0,1,0,1,1,0,0,0,0,0,1,1,0,1,1,1,1.2467,35.6934,0,0,0,1,0,0,0,0,1,0,0,0,0,0,0,0,0,0,0,0,0,0,0,0,0,0,0,1,0,1.0,80,0.9,0.1,96.0,8.16,0.8838486080740742,0.48621441092592593,0.894186241037037,0
CCCCCCCC[N+]1(C)CCCC1,13,1,0,0,0,2,1.0,1.36882716,2.443494977,1.36882716,0.433075035,198.374,170.15,198.2216263,84,0.078627626,-0.326037234,0.326037234,0.078627626,0.857142857,1.428571429,2.071428571,15.33623371,10.11286082,2.249341304,-2.285805979,2.174890219,-2.409498627,4.522839434,-0.897424978,1.924124974,136.1709892,10.27817459,10.22538819,10.22538819,6.767766953,6.603003675,6.603003675,5.265197819,5.265197819,3.697398731,3.697398731,2.596312521,2.596312521,-0.04,1857.369606,12.03163324,6.44489231,4.453891399,90.0825304,4.483030858,0.0,0.0,0.0,0.0,0.0,0.0,0.0,0,0.0,32.60702369,12.84164325,12.84164325,26.6819412,4.483030858,0.0,0.0,0.0,58.29031018,26.6819412,0.0,0.0,0.0,0.0,0.0,0.0,31.16497206,0.0,0.0,58.29031018,0.0,0.0,0.0,0.0,0.0,0,0.0,0.0,0.0,75.48387306,0.0,0.0,13.97140918,0.0,1.36882716,0.0,0.0,0.0,0.0,0.0,11.5840087,6.603669162,2.443494977,1.0,14,0,1,0,1,1,0,0,0,0,0,1,7,0,1,1,1,3.5873,63.3954,0,0,0,1,0,0,0,0,1,0,0,0,0,0,0,0,0,0,0,0,0,0,0,0,0,0,0,1,4,1.0,80,0.9,0.1,96.0,11.48,0.8987253687999999,0.1176688948,0.9768891416000001,0
CC1=[N+](C)C=CN1C,6,2,0,0,0,1,0.5,1.268518519,2.083333333,1.268518519,0.42157426,111.168,100.08,111.0916748,44,0.252282846,-0.237196828,0.252282846,0.237196828,1.625,2.25,2.375,15.1074661,10.67634854,2.001560698,-1.844967415,1.837414484,-2.286614375,4.752575888,-0.676801109,3.194945502,168.9086471,6.14626437,5.549127729,5.549127729,3.715214055,2.691371899,2.691371899,2.067166257,2.067166257,1.534762801,1.534762801,0.664541252,0.664541252,-0.79,75.4050522,5.348696255,1.617020637,0.619399124,49.37498084,0.0,12.39368714,0.0,0.0,5.824404498,0.0,0.0,9.134199296,0,0.0,0.0,0.0,6.9237372,14.09534397,4.567099648,0.0,4.567099648,14.09534397,6.9237372,0.0,18.21809164,0.0,4.567099648,0.0,0.0,0.0,4.567099648,14.09534397,6.9237372,5.824404498,12.39368714,0.0,8.81,0.0,0.0,0,0.0,0.0,0.0,5.824404498,0.0,26.48903111,16.0579365,0.0,4.166666667,0.0,0.0,0.0,1.268518519,0.0,4.074074074,2.083333333,4.074074074,0.5,8,0,2,0,0,0,0,1,1,1,0,2,0,0,0,0,1,0.15802,31.326,0,0,2,2,0,0,0,0,0,0,0,2,0,0,0,0,0,1,0,0,0,0,0,0,0,0,0,0,0,1.0,80,0.9,0.1,96.0,37.62,0.324813324,0.39008869166666665,0.6349172278333334,0
C[N+](C)(C)Cc1ccccc1,10,1,0,0,0,1,0.4,0.990092593,2.201388889,0.990092593,0.564733409,150.245,134.117,150.1277259,60,0.10374051,-0.327164983,0.327164983,0.10374051,1.0,1.545454545,2.0,15.2727943,10.18617015,2.059732163,-2.231752379,2.044948953,-2.326798315,5.127404025,-0.883503644,2.657660985,208.0644284,8.319990956,7.541071723,7.541071723,5.078298262,3.922105546,3.922105546,3.934036527,3.934036527,1.499740497,1.499740497,1.131142384,1.131142384,-0.82,244.8579632,8.278231827,3.054898793,3.190046349,68.86097673,4.483030858,6.544756406,0.0,0.0,0.0,0.0,0.0,0.0,0,0.0,30.33183534,0.0,5.563451492,21.14301595,4.483030858,0.0,0.0,0.0,6.544756406,21.14301595,35.89528683,0.0,0.0,0.0,0.0,0.0,25.62604681,6.544756406,0.0,5.563451492,30.33183534,0.0,0.0,0.0,0.0,0,0.0,0.0,11.02778726,5.563451492,0.0,0.0,51.47485129,0.0,0.990092593,0.0,0.0,1.402777778,0.0,10.57157407,0.0,1.098055556,6.604166667,0.4,11,0,1,0,0,0,1,0,1,0,0,1,2,0,0,0,1,1.8928,48.1784,0,0,0,1,0,0,0,0,0,0,0,0,1,0,0,0,0,0,0,0,0,0,0,0,0,0,0,1,0,1.0,80,0.9,0.1,96.0,31.37,0.7445308335,0.24762724886,0.9092085232799999,0
CC1=[N+](C)C=CN1C,6,2,0,0,0,1,0.5,1.268518519,2.083333333,1.268518519,0.42157426,111.168,100.08,111.0916748,44,0.252282846,-0.237196828,0.252282846,0.237196828,1.625,2.25,2.375,15.1074661,10.67634854,2.001560698,-1.844967415,1.837414484,-2.286614375,4.752575888,-0.676801109,3.194945502,168.9086471,6.14626437,5.549127729,5.549127729,3.715214055,2.691371899,2.691371899,2.067166257,2.067166257,1.534762801,1.534762801,0.664541252,0.664541252,-0.79,75.4050522,5.348696255,1.617020637,0.619399124,49.37498084,0.0,12.39368714,0.0,0.0,5.824404498,0.0,0.0,9.134199296,0,0.0,0.0,0.0,6.9237372,14.09534397,4.567099648,0.0,4.567099648,14.09534397,6.9237372,0.0,18.21809164,0.0,4.567099648,0.0,0.0,0.0,4.567099648,14.09534397,6.9237372,5.824404498,12.39368714,0.0,8.81,0.0,0.0,0,0.0,0.0,0.0,5.824404498,0.0,26.48903111,16.0579365,0.0,4.166666667,0.0,0.0,0.0,1.268518519,0.0,4.074074074,2.083333333,4.074074074,0.5,8,0,2,0,0,0,0,1,1,1,0,2,0,0,0,0,1,0.15802,31.326,0,0,2,2,0,0,0,0,0,0,0,2,0,0,0,0,0,1,0,0,0,0,0,0,0,0,0,0,0,2.0,80,0.9,0.1,432.0,36.4,0.324813324,0.39008869166666665,0.6349172278333334,0
CCCC[N+]1=C(C)N(C)C=C1,9,2,0,0,0,1,0.666666667,1.155925926,2.295138889,1.155925926,0.580700677,153.249,136.113,153.138625,62,0.252505903,-0.2371895,0.252505903,0.2371895,1.545454545,2.272727273,2.727272727,15.12354519,10.32320438,2.057409928,-1.953035348,1.912787271,-2.346436727,4.759205291,-0.702289755,2.630825004,225.4666468,8.267584714,7.670448073,7.670448073,5.253218858,4.267492851,4.267492851,3.003208827,3.003208827,2.148888739,2.148888739,1.163612434,1.163612434,-0.79,382.8385388,8.307943193,3.557462323,1.822066108,68.46980718,0.0,12.39368714,0.0,0.0,5.824404498,0.0,0.0,9.134199296,0,0.0,13.34455882,6.420821623,6.9237372,13.59242839,4.567099648,0.0,4.567099648,7.047671983,33.23387405,0.0,18.21809164,0.0,4.567099648,0.0,0.0,0.0,4.567099648,13.59242839,6.9237372,25.58978494,12.39368714,0.0,8.81,0.0,0.0,0,0.0,0.0,6.544756406,18.66604774,0.0,0.0,42.42303282,0.0,4.443611111,0.0,0.0,0.0,1.331898148,0.0,6.784564437,5.525462963,2.081130008,0.666666667,11,0,2,0,0,0,0,1,1,1,0,2,3,0,0,0,1,1.42112,45.253,0,0,2,2,0,0,0,0,0,0,0,2,0,0,0,0,0,1,0,0,0,0,0,0,0,0,0,0,0,2.0,80,0.9,0.1,432.0,32.0,0.775375404,0.2601543744285714,0.9050922201428572,0
CC1=[N+](C(C2=CC=CC=C2)C2=CC=CC=C2)C=CN1C,18,2,0,0,0,1,0.166666667,0.220925926,2.324074074,0.220925926,0.641379838,263.364,244.212,263.154275,100,0.253302637,-0.237165014,0.253302637,0.237165014,0.85,1.35,1.75,15.14754999,9.982489444,2.23241228,-2.158376129,2.214660416,-2.417773427,5.290228101,-0.709701836,2.166469446,644.452223,13.94938299,11.89998069,11.89998069,9.770856948,6.901074668,6.901074668,5.087434875,5.087434875,3.84377693,3.84377693,2.626913107,2.626913107,-2.35,66426.2856,12.67208496,5.333995566,2.248488107,119.4891692,0.0,12.39368714,6.041840829,0.0,5.824404498,0.0,0.0,9.134199296,0,0.0,60.66367068,0.0,18.05064018,7.047671983,4.567099648,0.0,4.567099648,7.047671983,12.96557803,0.0,90.00866531,0.0,4.567099648,0.0,0.0,0.0,4.567099648,7.047671983,6.9237372,22.99314831,73.05735783,0.0,8.81,0.0,0.0,0,6.041840829,0.0,0.0,16.95130748,0.0,0.0,96.16296631,0.0,4.475740741,0.0,0.0,2.607407407,1.23861678,21.51953137,4.258148148,2.151666667,2.082222222,0.166666667,20,0,2,0,0,0,2,1,3,1,0,2,3,0,0,0,3,3.25872,80.47,0,0,2,2,0,0,0,0,0,0,0,1,2,0,0,0,0,1,0,0,0,0,0,0,0,0,0,0,0,2.0,80,0.9,0.1,48.0,48.3,1.075153843,0.536977957,0.636791044,0
CCCC[N+]1=C(CO)N(C)C=C1,9,2,1,0,0,1,0.666666667,0.118268141,9.045818216,0.118268141,0.657170321,169.248,152.112,169.1335396,68,0.281838731,-0.383668799,0.383668799,0.281838731,1.583333333,2.333333333,2.916666667,16.25220967,10.32128265,2.108263364,-1.975887261,1.935610506,-2.365070337,4.781048328,-0.705478393,2.699062295,242.6766162,8.974691495,7.82476845,7.82476845,5.79122366,4.437274008,4.437274008,3.03033688,3.03033688,2.102881992,2.102881992,1.289564369,1.289564369,-0.83,671.9758979,9.259525515,4.259120464,1.853973807,73.26404093,5.106527395,19.00056911,0.0,0.0,5.824404498,0.0,0.0,9.134199296,0,0.0,13.34455882,6.420821623,0.0,13.59242839,9.673627043,0.0,4.567099648,7.047671983,32.91701882,0.0,18.21809164,0.0,4.567099648,0.0,0.0,0.0,9.673627043,20.19931035,0.0,25.58978494,12.39368714,0.0,29.04,0.0,0.0,0,6.606881965,0.0,12.3691609,12.84164325,0.0,24.00845877,11.49083685,5.106527395,4.054722222,0.0,9.045818216,0.0,0.975416667,0.0,6.344116591,3.294212963,1.952380008,0.666666667,12,1,3,0,0,0,0,1,1,2,1,3,4,0,0,0,1,0.605,46.4388,1,1,2,2,0,0,0,0,0,0,0,2,0,0,0,0,0,1,0,0,0,0,0,0,0,0,0,0,0,4.0,80,0.9,0.1,240.0,33.67,0.7908582795,0.3465003505,0.8160253052499999,0
CC[N+]1=C(C(C)(C)C)N(C)C=C1,10,2,0,0,0,1,0.7,0.230416667,2.291666667,0.230416667,0.562122892,167.276,148.124,167.154275,68,0.261135198,-0.236477224,0.261135198,0.236477224,1.416666667,2.0,2.333333333,15.13979801,9.951680717,2.271882873,-2.145239722,2.172695925,-2.410964051,4.967816712,-0.703162249,3.193629501,265.8562135,9.353371151,8.756234511,8.756234511,5.464543723,4.517492851,4.517492851,4.268669607,4.268669607,2.087867298,2.087867298,1.739336149,1.739336149,-0.79,441.3991483,9.299206066,2.92403968,1.519894059,74.8347493,0.0,12.39368714,0.0,0.0,5.824404498,0.0,0.0,9.134199296,0,0.0,0.0,27.6949488,0.0,19.00741886,4.567099648,0.0,4.567099648,7.047671983,39.65469567,0.0,18.21809164,0.0,4.567099648,0.0,0.0,0.0,4.567099648,19.00741886,0.0,33.5193533,12.39368714,0.0,8.81,0.0,0.0,0,5.414990469,0.0,6.544756406,5.824404498,0.0,0.0,56.27050722,0.0,4.489583333,0.0,0.0,0.230416667,1.37962963,0.0,4.25462963,9.95849537,2.103912037,0.7,12,0,2,0,0,0,0,1,1,1,0,2,1,0,0,0,1,1.63,49.982,0,0,2,2,0,0,0,0,0,0,0,2,0,0,0,0,0,1,0,0,0,0,0,0,0,0,0,0,0,1.0,80,0.9,0.1,2.83,50.0,0.743186667,0.537385819,0.632082902,1
CC[N+]1=C(C2=CC=CC=C2)N(C)C=C1,12,2,0,0,0,1,0.25,1.0050274,2.24537037,1.0050274,0.635807511,187.266,172.146,187.1229749,72,0.288106968,-0.232673533,0.288106968,0.232673533,1.214285714,1.928571429,2.571428571,15.12869641,10.18592657,2.138458615,-1.991230326,2.132818326,-2.325014213,5.514827667,-0.681547061,2.553599518,415.1417024,9.966255326,8.642985857,8.642985857,6.825698503,4.928176454,4.928176454,3.384695011,3.384695011,2.449034863,2.449034863,1.736138581,1.736138581,-1.57,2679.222068,9.003504047,3.660700317,1.434217355,84.43207504,0.0,12.39368714,0.0,0.0,5.824404498,0.0,0.0,9.134199296,0,0.0,18.19910121,19.05647134,0.0,19.15587988,4.567099648,0.0,4.567099648,7.047671983,13.46849361,0.0,42.72552249,11.38785599,4.567099648,0.0,0.0,0.0,4.567099648,13.59242839,0.0,6.9237372,42.72552249,11.38785599,8.81,0.0,0.0,0,0.0,0.0,6.544756406,11.38785599,0.0,6.066367068,59.7647639,0.0,4.396990741,0.0,0.0,1.265601852,1.2575,10.46863001,4.202546296,3.164194067,2.07787037,0.25,14,0,2,0,0,0,1,1,2,1,0,2,2,0,0,0,2,1.9995,56.718,0,0,2,2,0,0,0,0,0,0,0,2,1,0,0,0,0,1,0,0,0,0,0,0,0,0,0,0,0,2.0,80,0.9,0.1,168.0,25.7,0.835283984,0.405277036,0.784763834,0
CC[N+]1(C)CCCC1,7,1,0,0,0,1,1.0,1.319444444,2.354166667,1.319444444,0.449952788,114.212,98.084,114.1277259,48,0.078619894,-0.326265893,0.326265893,0.078619894,1.25,1.75,2.0,15.33348256,10.39358405,2.23028601,-2.263235674,2.139532621,-2.395984082,4.486020013,-0.895371398,2.399681801,72.45601116,6.035533906,5.982747501,5.982747501,3.767766953,3.603003675,3.603003675,3.090051834,3.090051834,2.409338255,2.409338255,1.415079324,1.415079324,-0.04,88.95348294,6.085628141,2.058167191,1.025055201,51.89287772,4.483030858,0.0,0.0,0.0,0.0,0.0,0.0,0.0,0,0.0,0.0,6.9237372,12.84164325,26.6819412,4.483030858,0.0,0.0,0.0,19.76538045,26.6819412,0.0,0.0,0.0,0.0,0.0,0.0,31.16497206,0.0,0.0,19.76538045,0.0,0.0,0.0,0.0,0.0,0,0.0,0.0,0.0,36.95894332,0.0,0.0,13.97140918,0.0,1.319444444,0.0,0.0,0.0,0.0,0.0,2.8975,6.428888889,2.354166667,1.0,8,0,1,0,1,1,0,0,0,0,0,1,1,0,1,1,1,1.2467,35.6934,0,0,0,1,0,0,0,0,1,0,0,0,0,0,0,0,0,0,0,0,0,0,0,0,0,0,0,1,0,1.0,80,0.75,0.25,168.0,3.22,0.8838486080740742,0.48621441092592593,0.894186241037037,0
C[N+]1(CCO)CCCC1,7,1,1,0,0,1,1.0,0.34375,8.67625,0.34375,0.530083458,130.211,114.083,130.1226406,54,0.101906445,-0.390514968,0.390514968,0.101906445,1.333333333,1.888888889,2.333333333,16.25183995,10.39358405,2.247225533,-2.272750807,2.141161597,-2.423938331,4.500208261,-0.897465837,2.318190752,86.91694058,6.742640687,6.137067878,6.137067878,4.267766953,3.71212466,3.71212466,3.221037663,3.221037663,2.285731457,2.285731457,1.563879712,1.563879712,-0.08,138.4380216,7.032107623,2.669223008,1.662813599,56.68711147,9.589558253,6.544756406,0.0,0.0,0.0,0.0,0.0,0.0,0,0.0,0.0,0.0,12.84164325,26.74406676,9.589558253,0.0,0.0,0.0,12.84164325,33.28882316,0.0,0.0,0.0,0.0,0.0,0.0,42.87838142,0.0,0.0,12.84164325,0.0,0.0,20.23,0.0,0.0,0,0.0,6.606881965,11.02778726,25.93115606,0.0,0.0,7.047671983,5.106527395,1.09375,0.0,8.67625,0.0,0.0,0.0,2.6875,3.817083333,2.225416667,1.0,9,1,2,0,1,1,0,0,0,1,1,2,2,0,1,1,1,0.2191,37.1052,1,1,0,1,0,0,0,1,1,0,0,0,0,0,0,0,0,0,0,0,0,0,0,0,0,0,0,1,0,1.0,80,0.75,0.25,168.0,13.8,0.8550577294999999,0.436803784,0.859810916,0
C[N+]1(CC2CCCCC2)CCCC1,12,1,0,0,0,1,1.0,1.066527778,2.473815193,1.066527778,0.576080374,182.331,158.139,182.1903262,76,0.081264363,-0.325807607,0.325807607,0.081264363,0.923076923,1.538461538,2.153846154,15.3397877,9.883448807,2.299678513,-2.342174405,2.278176431,-2.444123845,4.662715279,-0.900698593,1.809287411,152.5074118,9.148418081,9.095631677,9.095631677,6.285405043,6.120641765,6.120641765,5.460434099,5.460434099,4.06961373,4.06961373,3.274486858,3.274486858,-0.04,1531.451972,9.51254062,3.996461393,2.460283675,82.71175714,4.483030858,0.0,0.0,0.0,0.0,0.0,0.0,0.0,0,0.0,19.26246487,12.84164325,18.75954929,26.6819412,4.483030858,0.0,0.0,5.917906046,44.94575136,26.6819412,0.0,0.0,0.0,0.0,0.0,0.0,31.16497206,0.0,5.917906046,44.94575136,0.0,0.0,0.0,0.0,0.0,0,0.0,0.0,5.917906046,69.06305144,0.0,0.0,7.047671983,0.0,1.393518519,0.0,0.0,0.0,1.066527778,0.0,10.50363851,4.395833333,2.473815193,1.0,13,0,1,1,1,2,0,0,0,0,0,1,2,1,1,2,2,2.8071,56.5944,0,0,0,1,0,0,0,0,1,0,0,0,0,0,0,0,0,0,0,0,0,0,0,0,0,0,0,1,0,1.0,80,0.75,0.25,168.0,9.09,0.9371887086666666,0.269954514,0.9394250273333333,0
C[N+](C)(C)Cc1ccccc1,10,1,0,0,0,1,0.4,0.990092593,2.201388889,0.990092593,0.564733409,150.245,134.117,150.1277259,60,0.10374051,-0.327164983,0.327164983,0.10374051,1.0,1.545454545,2.0,15.2727943,10.18617015,2.059732163,-2.231752379,2.044948953,-2.326798315,5.127404025,-0.883503644,2.657660985,208.0644284,8.319990956,7.541071723,7.541071723,5.078298262,3.922105546,3.922105546,3.934036527,3.934036527,1.499740497,1.499740497,1.131142384,1.131142384,-0.82,244.8579632,8.278231827,3.054898793,3.190046349,68.86097673,4.483030858,6.544756406,0.0,0.0,0.0,0.0,0.0,0.0,0,0.0,30.33183534,0.0,5.563451492,21.14301595,4.483030858,0.0,0.0,0.0,6.544756406,21.14301595,35.89528683,0.0,0.0,0.0,0.0,0.0,25.62604681,6.544756406,0.0,5.563451492,30.33183534,0.0,0.0,0.0,0.0,0,0.0,0.0,11.02778726,5.563451492,0.0,0.0,51.47485129,0.0,0.990092593,0.0,0.0,1.402777778,0.0,10.57157407,0.0,1.098055556,6.604166667,0.4,11,0,1,0,0,0,1,0,1,0,0,1,2,0,0,0,1,1.8928,48.1784,0,0,0,1,0,0,0,0,0,0,0,0,1,0,0,0,0,0,0,0,0,0,0,0,0,0,0,1,0,1.0,80,0.9,0.1,168.0,32.5,0.7445308335,0.24762724886,0.9092085232799999,0
C[N+](C)(C)CCCCCCC1=CC=CC=C1,15,1,0,0,0,2,0.6,1.095917923,2.267826252,1.095917923,0.487216088,220.38,194.172,220.2059763,90,0.077992829,-0.330914819,0.330914819,0.077992829,0.8125,1.4375,2.0625,15.27171785,10.06282327,2.04435942,-2.231011617,2.080160082,-2.346461642,5.138940573,-0.8701304,2.007170653,271.2364675,11.85552486,11.07660563,11.07660563,7.578298262,6.422105546,6.422105546,5.663743004,5.663743004,2.887210768,2.887210768,1.913499822,1.913499822,-0.82,3337.761854,13.24587615,6.69591367,6.624661131,100.6856873,4.483030858,0.0,0.0,0.0,0.0,0.0,0.0,0.0,0,0.0,36.75265697,31.24673798,0.0,27.68777235,4.483030858,0.0,0.0,0.0,32.10410811,27.68777235,35.89528683,0.0,0.0,0.0,0.0,0.0,32.17080321,6.420821623,0.0,31.24673798,30.33183534,0.0,0.0,0.0,0.0,0,0.0,0.0,4.483030858,44.21231601,0.0,0.0,51.47485129,0.0,1.095917923,0.0,0.0,1.480650589,0.0,10.80720897,6.682449137,1.296961294,6.803478757,0.6,16,0,1,0,0,0,1,0,1,0,0,1,7,0,0,0,1,3.4957,71.5134,0,0,0,1,0,0,0,0,0,0,0,1,1,0,0,0,0,0,0,0,0,0,0,0,0,0,0,1,3,2.0,90,0.87654321,0.12345679,672.0,33.0,0.872858521,0.10518435271428571,0.9719995417142856,0
CN1C=[N+](C)C2=C1C=CC=C2,9,2,0,0,0,1,0.222222222,1.273148148,2.12037037,1.273148148,0.491543083,147.201,136.113,147.0916748,56,0.24379017,-0.232619077,0.24379017,0.232619077,1.272727273,2.0,2.727272727,15.09662569,10.29725551,2.062089095,-1.839626673,2.066014827,-2.246062214,5.707541377,-0.645248799,2.948934456,351.3621052,7.844934983,6.781178537,6.781178537,5.2876937,3.685388835,3.685388835,2.825994653,2.825994653,1.988118337,1.988118337,1.444879978,1.444879978,-1.31,517.0909622,6.403360011,2.087500407,0.826709461,65.69170326,0.0,0.0,11.03340144,6.327320075,0.0,0.0,0.0,9.134199296,0,0.0,12.13273414,12.13273414,0.0,14.09534397,4.567099648,11.03340144,4.567099648,14.09534397,0.0,0.0,30.59278835,0.0,4.567099648,0.0,0.0,0.0,4.567099648,14.09534397,0.0,0.0,30.59278835,11.03340144,8.81,0.0,0.0,0,0.0,0.0,0.0,11.03340144,0.0,0.0,53.82233161,0.0,4.240740741,0.0,0.0,2.546296296,0.0,8.356481481,2.074074074,0.0,4.115740741,0.222222222,11,0,2,0,0,0,1,1,2,1,0,2,0,0,0,0,2,1.0028,44.095,0,0,2,2,0,0,0,0,0,0,0,2,1,1,0,0,0,1,0,0,0,0,0,2,0,0,0,0,0,1.0,80,0.0,1.0,0.77,50.0,0.162896705,0.440682674,0.5682536149999999,1
CN1C2=C(C=CC=C2)[N+](C)=C1C(C)(C)C,13,2,0,0,0,1,0.461538462,0.169166667,2.287037037,0.169166667,0.580937316,203.309,184.157,203.154275,80,0.261909359,-0.229504056,0.261909359,0.229504056,1.133333333,1.733333333,2.266666667,15.14959952,9.952595572,2.300499803,-2.136791428,2.224895141,-2.38996705,5.717378945,-0.657091721,2.873266382,461.9656895,11.21517847,10.20382827,10.20382827,6.926538921,5.366204651,5.366204651,5.180355121,5.180355121,2.910670965,2.910670965,2.4908361,2.4908361,-1.31,2435.441376,10.21605214,3.09001454,1.444017825,91.15147171,0.0,0.0,11.03340144,0.0,5.824404498,0.0,0.0,9.134199296,0,0.0,12.13273414,32.90394574,0.0,19.51033443,4.567099648,11.03340144,4.567099648,14.09534397,26.18620207,0.0,30.08987277,0.0,4.567099648,0.0,0.0,0.0,4.567099648,19.51033443,0.0,26.5956161,24.26546827,11.03340144,8.81,0.0,0.0,0,5.414990469,0.0,0.0,16.85780593,0.0,0.0,68.26622313,0.0,4.574074074,0.0,0.0,2.76162037,1.350648148,8.526481481,0.0,6.753611111,4.283564815,0.461538462,15,0,2,0,0,0,1,1,2,1,0,2,0,0,0,0,2,2.3003,62.795,0,0,2,2,0,0,0,0,0,0,0,2,1,1,0,0,0,1,0,0,0,0,0,2,0,0,0,0,0,1.0,80,0.0,1.0,0.1,100.0,0.689844947,0.309790052,0.792659232,0
C[N+]1(C)CCCC1,6,1,0,0,0,1,1.0,1.25,2.298611111,1.25,0.395932727,100.185,86.073,100.1120759,42,0.078420875,-0.32847248,0.32847248,0.078420875,1.0,1.428571429,1.571428571,15.31273207,10.39358405,2.193025334,-2.212907217,2.108116483,-2.346949086,4.462536739,-0.877370498,2.399706582,58.58027135,5.328427125,5.27564072,5.27564072,3.207106781,3.026882723,3.026882723,3.090051834,3.090051834,1.776882723,1.776882723,1.191472526,1.191472526,-0.04,42.33669273,5.103678161,1.47805616,1.164181282,45.5279356,4.483030858,0.0,0.0,0.0,0.0,0.0,0.0,0.0,0,0.0,0.0,0.0,12.84164325,27.18485678,4.483030858,0.0,0.0,0.0,12.84164325,27.18485678,0.0,0.0,0.0,0.0,0.0,0.0,31.66788763,0.0,0.0,12.84164325,0.0,0.0,0.0,0.0,0.0,0,0.0,0.0,0.0,30.41418692,0.0,0.0,14.09534397,0.0,1.25,0.0,0.0,0.0,0.0,0.0,2.875,2.777777778,4.597222222,1.0,7,0,1,0,1,1,0,0,0,0,0,1,0,0,1,1,1,0.8566,31.0764,0,0,0,1,0,0,0,0,1,0,0,0,0,0,0,0,0,0,0,0,0,0,0,0,0,0,0,1,0,1.0,80,0.75,0.25,168.0,8.17,0.8929604736666666,0.5410161366666667,0.9406897980000001,0
CC[N+]1(C)CCCC1,7,1,0,0,0,1,1.0,1.319444444,2.354166667,1.319444444,0.449952788,114.212,98.084,114.1277259,48,0.078619894,-0.326265893,0.326265893,0.078619894,1.25,1.75,2.0,15.33348256,10.39358405,2.23028601,-2.263235674,2.139532621,-2.395984082,4.486020013,-0.895371398,2.399681801,72.45601116,6.035533906,5.982747501,5.982747501,3.767766953,3.603003675,3.603003675,3.090051834,3.090051834,2.409338255,2.409338255,1.415079324,1.415079324,-0.04,88.95348294,6.085628141,2.058167191,1.025055201,51.89287772,4.483030858,0.0,0.0,0.0,0.0,0.0,0.0,0.0,0,0.0,0.0,6.9237372,12.84164325,26.6819412,4.483030858,0.0,0.0,0.0,19.76538045,26.6819412,0.0,0.0,0.0,0.0,0.0,0.0,31.16497206,0.0,0.0,19.76538045,0.0,0.0,0.0,0.0,0.0,0,0.0,0.0,0.0,36.95894332,0.0,0.0,13.97140918,0.0,1.319444444,0.0,0.0,0.0,0.0,0.0,2.8975,6.428888889,2.354166667,1.0,8,0,1,0,1,1,0,0,0,0,0,1,1,0,1,1,1,1.2467,35.6934,0,0,0,1,0,0,0,0,1,0,0,0,0,0,0,0,0,0,0,0,0,0,0,0,0,0,0,1,0,1.0,80,0.75,0.25,168.0,3.22,0.8838486080740742,0.48621441092592593,0.894186241037037,0
CCCC[N+]1(C)CCCC1,9,1,0,0,0,1,1.0,1.355,2.405416667,1.355,0.528866095,142.266,122.106,142.1590261,60,0.078627625,-0.326037383,0.326037383,0.078627625,1.2,1.8,2.3,15.33615721,10.27647584,2.246735375,-2.282945,2.162358186,-2.408798699,4.508065721,-0.897402108,2.21874475,92.90138861,7.449747468,7.396961064,7.396961064,4.767766953,4.603003675,4.603003675,3.850984256,3.850984256,2.697398731,2.697398731,1.86229292,1.86229292,-0.04,244.7397616,8.060401606,3.380057918,1.978612327,64.62276195,4.483030858,0.0,0.0,0.0,0.0,0.0,0.0,0.0,0,0.0,13.34455882,6.420821623,12.84164325,26.6819412,4.483030858,0.0,0.0,0.0,32.60702369,26.6819412,0.0,0.0,0.0,0.0,0.0,0.0,31.16497206,0.0,0.0,32.60702369,0.0,0.0,0.0,0.0,0.0,0,0.0,0.0,0.0,49.80058657,0.0,0.0,13.97140918,0.0,1.355,0.0,0.0,0.0,0.0,0.0,5.685286281,6.554297052,2.405416667,1.0,10,0,1,0,1,1,0,0,0,0,0,1,3,0,1,1,1,2.0269,44.9274,0,0,0,1,0,0,0,0,1,0,0,0,0,0,0,0,0,0,0,0,0,0,0,0,0,0,0,1,0,1.0,80,0.75,0.25,168.0,4.69,0.8516828327999999,0.25643609180000004,0.9346285656,0
CCCCCCCC[N+]1(C)CCCC1,13,1,0,0,0,2,1.0,1.36882716,2.443494977,1.36882716,0.433075035,198.374,170.15,198.2216263,84,0.078627626,-0.326037234,0.326037234,0.078627626,0.857142857,1.428571429,2.071428571,15.33623371,10.11286082,2.249341304,-2.285805979,2.174890219,-2.409498627,4.522839434,-0.897424978,1.924124974,136.1709892,10.27817459,10.22538819,10.22538819,6.767766953,6.603003675,6.603003675,5.265197819,5.265197819,3.697398731,3.697398731,2.596312521,2.596312521,-0.04,1857.369606,12.03163324,6.44489231,4.453891399,90.0825304,4.483030858,0.0,0.0,0.0,0.0,0.0,0.0,0.0,0,0.0,32.60702369,12.84164325,12.84164325,26.6819412,4.483030858,0.0,0.0,0.0,58.29031018,26.6819412,0.0,0.0,0.0,0.0,0.0,0.0,31.16497206,0.0,0.0,58.29031018,0.0,0.0,0.0,0.0,0.0,0,0.0,0.0,0.0,75.48387306,0.0,0.0,13.97140918,0.0,1.36882716,0.0,0.0,0.0,0.0,0.0,11.5840087,6.603669162,2.443494977,1.0,14,0,1,0,1,1,0,0,0,0,0,1,7,0,1,1,1,3.5873,63.3954,0,0,0,1,0,0,0,0,1,0,0,0,0,0,0,0,0,0,0,0,0,0,0,0,0,0,0,1,4,1.0,80,0.75,0.25,168.0,4.27,0.8987253687999999,0.1176688948,0.9768891416000001,0
CC(C)[N+]1(C)CCCC1,8,1,0,0,0,1,1.0,0.826388889,2.372685185,0.826388889,0.470846498,128.239,110.095,128.143376,54,0.083069711,-0.324069262,0.324069262,0.083069711,1.111111111,1.555555556,1.777777778,15.35783938,10.27386407,2.288255117,-2.330843675,2.19087826,-2.461262692,4.53661154,-0.917800685,2.506498019,90.74075768,6.905777394,6.852990989,6.852990989,4.150482454,3.992568556,3.992568556,3.727478017,3.727478017,2.83456254,2.83456254,1.574216726,1.574216726,-0.04,127.4460399,7.071607143,2.295733882,1.263404444,58.25781983,4.483030858,0.0,0.0,0.0,0.0,0.0,0.0,0.0,0,0.0,0.0,13.8474744,12.84164325,26.17902562,4.483030858,0.0,0.0,0.0,32.73095847,20.13718479,0.0,0.0,0.0,0.0,0.0,0.0,30.66205648,0.0,0.0,26.68911765,0.0,0.0,0.0,0.0,0.0,0,0.0,0.0,6.041840829,30.41418692,0.0,0.0,20.89514638,0.0,1.305555556,0.0,0.0,0.0,0.0,0.826388889,2.878333333,7.45037037,2.372685185,1.0,9,0,1,0,1,1,0,0,0,0,0,1,1,0,1,1,1,1.6352,40.2884,0,0,0,1,0,0,0,0,1,0,0,0,0,0,0,0,0,0,0,0,0,0,0,0,0,0,0,1,0,1.0,80,0.75,0.25,168.0,4.91,0.9104417363333334,0.516393585,0.8930288396666667,0
C[N+]1(CCO)CCCC1,7,1,1,0,0,1,1.0,0.34375,8.67625,0.34375,0.530083458,130.211,114.083,130.1226406,54,0.101906445,-0.390514968,0.390514968,0.101906445,1.333333333,1.888888889,2.333333333,16.25183995,10.39358405,2.247225533,-2.272750807,2.141161597,-2.423938331,4.500208261,-0.897465837,2.318190752,86.91694058,6.742640687,6.137067878,6.137067878,4.267766953,3.71212466,3.71212466,3.221037663,3.221037663,2.285731457,2.285731457,1.563879712,1.563879712,-0.08,138.4380216,7.032107623,2.669223008,1.662813599,56.68711147,9.589558253,6.544756406,0.0,0.0,0.0,0.0,0.0,0.0,0,0.0,0.0,0.0,12.84164325,26.74406676,9.589558253,0.0,0.0,0.0,12.84164325,33.28882316,0.0,0.0,0.0,0.0,0.0,0.0,42.87838142,0.0,0.0,12.84164325,0.0,0.0,20.23,0.0,0.0,0,0.0,6.606881965,11.02778726,25.93115606,0.0,0.0,7.047671983,5.106527395,1.09375,0.0,8.67625,0.0,0.0,0.0,2.6875,3.817083333,2.225416667,1.0,9,1,2,0,1,1,0,0,0,1,1,2,2,0,1,1,1,0.2191,37.1052,1,1,0,1,0,0,0,1,1,0,0,0,0,0,0,0,0,0,0,0,0,0,0,0,0,0,0,1,0,1.0,80,0.75,0.25,168.0,13.8,0.8550577294999999,0.436803784,0.859810916,0
C[N+]1(CC2=CC=CC=C2)CCCC1,12,1,0,0,0,1,0.5,1.209166667,2.375,1.209166667,0.607069488,176.283,158.139,176.143376,70,0.104154112,-0.322288522,0.322288522,0.104154112,1.076923077,1.692307692,2.307692308,15.33716638,10.17609216,2.259246326,-2.286110132,2.19536974,-2.391981417,5.129284217,-0.910432988,2.050890972,259.7127826,9.148418081,8.369498847,8.369498847,6.285405043,5.160133887,5.160133887,4.417536511,4.417536511,3.053016422,3.053016422,2.281158343,2.281158343,-0.82,1531.451972,8.763953707,3.505497016,2.100270606,80.58502981,4.483030858,6.544756406,0.0,0.0,0.0,0.0,0.0,0.0,0,0.0,30.33183534,0.0,18.40509474,20.13718479,4.483030858,0.0,0.0,0.0,19.38639965,20.13718479,35.89528683,0.0,0.0,0.0,0.0,0.0,24.62021565,6.544756406,0.0,18.40509474,30.33183534,0.0,0.0,0.0,0.0,0,0.0,0.0,0.0,42.52239481,0.0,0.0,37.37950732,0.0,1.240092593,0.0,0.0,1.478611111,0.0,10.83953467,2.812169785,3.921258503,2.375,0.5,13,0,1,0,1,1,1,0,1,0,0,1,2,0,1,1,2,2.427,55.2984,0,0,0,1,0,0,0,0,1,0,0,0,1,0,0,0,0,0,0,0,0,0,0,0,0,0,0,1,0,1.0,80,0.75,0.25,168.0,12.14,0.7773710914444444,0.21278567255555556,0.9178252285555555,0
C[N+]1(CC2CCCCC2)CCCC1,12,1,0,0,0,1,1.0,1.066527778,2.473815193,1.066527778,0.576080374,182.331,158.139,182.1903262,76,0.081264363,-0.325807607,0.325807607,0.081264363,0.923076923,1.538461538,2.153846154,15.3397877,9.883448807,2.299678513,-2.342174405,2.278176431,-2.444123845,4.662715279,-0.900698593,1.809287411,152.5074118,9.148418081,9.095631677,9.095631677,6.285405043,6.120641765,6.120641765,5.460434099,5.460434099,4.06961373,4.06961373,3.274486858,3.274486858,-0.04,1531.451972,9.51254062,3.996461393,2.460283675,82.71175714,4.483030858,0.0,0.0,0.0,0.0,0.0,0.0,0.0,0,0.0,19.26246487,12.84164325,18.75954929,26.6819412,4.483030858,0.0,0.0,5.917906046,44.94575136,26.6819412,0.0,0.0,0.0,0.0,0.0,0.0,31.16497206,0.0,5.917906046,44.94575136,0.0,0.0,0.0,0.0,0.0,0,0.0,0.0,5.917906046,69.06305144,0.0,0.0,7.047671983,0.0,1.393518519,0.0,0.0,0.0,1.066527778,0.0,10.50363851,4.395833333,2.473815193,1.0,13,0,1,1,1,2,0,0,0,0,0,1,2,1,1,2,2,2.8071,56.5944,0,0,0,1,0,0,0,0,1,0,0,0,0,0,0,0,0,0,0,0,0,0,0,0,0,0,0,1,0,1.0,80,0.75,0.25,168.0,9.09,0.9371887086666666,0.269954514,0.9394250273333333,0
C[N+]1(C)CCCC1,6,1,0,0,0,1,1.0,1.25,2.298611111,1.25,0.395932727,100.185,86.073,100.1120759,42,0.078420875,-0.32847248,0.32847248,0.078420875,1.0,1.428571429,1.571428571,15.31273207,10.39358405,2.193025334,-2.212907217,2.108116483,-2.346949086,4.462536739,-0.877370498,2.399706582,58.58027135,5.328427125,5.27564072,5.27564072,3.207106781,3.026882723,3.026882723,3.090051834,3.090051834,1.776882723,1.776882723,1.191472526,1.191472526,-0.04,42.33669273,5.103678161,1.47805616,1.164181282,45.5279356,4.483030858,0.0,0.0,0.0,0.0,0.0,0.0,0.0,0,0.0,0.0,0.0,12.84164325,27.18485678,4.483030858,0.0,0.0,0.0,12.84164325,27.18485678,0.0,0.0,0.0,0.0,0.0,0.0,31.66788763,0.0,0.0,12.84164325,0.0,0.0,0.0,0.0,0.0,0,0.0,0.0,0.0,30.41418692,0.0,0.0,14.09534397,0.0,1.25,0.0,0.0,0.0,0.0,0.0,2.875,2.777777778,4.597222222,1.0,7,0,1,0,1,1,0,0,0,0,0,1,0,0,1,1,1,0.8566,31.0764,0,0,0,1,0,0,0,0,1,0,0,0,0,0,0,0,0,0,0,0,0,0,0,0,0,0,0,1,0,2.0,80,0.75,0.25,96.0,3.17,0.8929604736666666,0.5410161366666667,0.9406897980000001,0
CC[N+]1(C)CCCC1,7,1,0,0,0,1,1.0,1.319444444,2.354166667,1.319444444,0.449952788,114.212,98.084,114.1277259,48,0.078619894,-0.326265893,0.326265893,0.078619894,1.25,1.75,2.0,15.33348256,10.39358405,2.23028601,-2.263235674,2.139532621,-2.395984082,4.486020013,-0.895371398,2.399681801,72.45601116,6.035533906,5.982747501,5.982747501,3.767766953,3.603003675,3.603003675,3.090051834,3.090051834,2.409338255,2.409338255,1.415079324,1.415079324,-0.04,88.95348294,6.085628141,2.058167191,1.025055201,51.89287772,4.483030858,0.0,0.0,0.0,0.0,0.0,0.0,0.0,0,0.0,0.0,6.9237372,12.84164325,26.6819412,4.483030858,0.0,0.0,0.0,19.76538045,26.6819412,0.0,0.0,0.0,0.0,0.0,0.0,31.16497206,0.0,0.0,19.76538045,0.0,0.0,0.0,0.0,0.0,0,0.0,0.0,0.0,36.95894332,0.0,0.0,13.97140918,0.0,1.319444444,0.0,0.0,0.0,0.0,0.0,2.8975,6.428888889,2.354166667,1.0,8,0,1,0,1,1,0,0,0,0,0,1,1,0,1,1,1,1.2467,35.6934,0,0,0,1,0,0,0,0,1,0,0,0,0,0,0,0,0,0,0,0,0,0,0,0,0,0,0,1,0,2.0,80,0.75,0.25,96.0,2.29,0.8838486080740742,0.48621441092592593,0.894186241037037,0
CCCC[N+]1(C)CCCC1,9,1,0,0,0,1,1.0,1.355,2.405416667,1.355,0.528866095,142.266,122.106,142.1590261,60,0.078627625,-0.326037383,0.326037383,0.078627625,1.2,1.8,2.3,15.33615721,10.27647584,2.246735375,-2.282945,2.162358186,-2.408798699,4.508065721,-0.897402108,2.21874475,92.90138861,7.449747468,7.396961064,7.396961064,4.767766953,4.603003675,4.603003675,3.850984256,3.850984256,2.697398731,2.697398731,1.86229292,1.86229292,-0.04,244.7397616,8.060401606,3.380057918,1.978612327,64.62276195,4.483030858,0.0,0.0,0.0,0.0,0.0,0.0,0.0,0,0.0,13.34455882,6.420821623,12.84164325,26.6819412,4.483030858,0.0,0.0,0.0,32.60702369,26.6819412,0.0,0.0,0.0,0.0,0.0,0.0,31.16497206,0.0,0.0,32.60702369,0.0,0.0,0.0,0.0,0.0,0,0.0,0.0,0.0,49.80058657,0.0,0.0,13.97140918,0.0,1.355,0.0,0.0,0.0,0.0,0.0,5.685286281,6.554297052,2.405416667,1.0,10,0,1,0,1,1,0,0,0,0,0,1,3,0,1,1,1,2.0269,44.9274,0,0,0,1,0,0,0,0,1,0,0,0,0,0,0,0,0,0,0,0,0,0,0,0,0,0,0,1,0,2.0,80,0.75,0.25,96.0,2.89,0.8516828327999999,0.25643609180000004,0.9346285656,0
CCCCCCCC[N+]1(C)CCCC1,13,1,0,0,0,2,1.0,1.36882716,2.443494977,1.36882716,0.433075035,198.374,170.15,198.2216263,84,0.078627626,-0.326037234,0.326037234,0.078627626,0.857142857,1.428571429,2.071428571,15.33623371,10.11286082,2.249341304,-2.285805979,2.174890219,-2.409498627,4.522839434,-0.897424978,1.924124974,136.1709892,10.27817459,10.22538819,10.22538819,6.767766953,6.603003675,6.603003675,5.265197819,5.265197819,3.697398731,3.697398731,2.596312521,2.596312521,-0.04,1857.369606,12.03163324,6.44489231,4.453891399,90.0825304,4.483030858,0.0,0.0,0.0,0.0,0.0,0.0,0.0,0,0.0,32.60702369,12.84164325,12.84164325,26.6819412,4.483030858,0.0,0.0,0.0,58.29031018,26.6819412,0.0,0.0,0.0,0.0,0.0,0.0,31.16497206,0.0,0.0,58.29031018,0.0,0.0,0.0,0.0,0.0,0,0.0,0.0,0.0,75.48387306,0.0,0.0,13.97140918,0.0,1.36882716,0.0,0.0,0.0,0.0,0.0,11.5840087,6.603669162,2.443494977,1.0,14,0,1,0,1,1,0,0,0,0,0,1,7,0,1,1,1,3.5873,63.3954,0,0,0,1,0,0,0,0,1,0,0,0,0,0,0,0,0,0,0,0,0,0,0,0,0,0,0,1,4,2.0,80,0.75,0.25,96.0,2.74,0.8987253687999999,0.1176688948,0.9768891416000001,0
CC(C)[N+]1(C)CCCC1,8,1,0,0,0,1,1.0,0.826388889,2.372685185,0.826388889,0.470846498,128.239,110.095,128.143376,54,0.083069711,-0.324069262,0.324069262,0.083069711,1.111111111,1.555555556,1.777777778,15.35783938,10.27386407,2.288255117,-2.330843675,2.19087826,-2.461262692,4.53661154,-0.917800685,2.506498019,90.74075768,6.905777394,6.852990989,6.852990989,4.150482454,3.992568556,3.992568556,3.727478017,3.727478017,2.83456254,2.83456254,1.574216726,1.574216726,-0.04,127.4460399,7.071607143,2.295733882,1.263404444,58.25781983,4.483030858,0.0,0.0,0.0,0.0,0.0,0.0,0.0,0,0.0,0.0,13.8474744,12.84164325,26.17902562,4.483030858,0.0,0.0,0.0,32.73095847,20.13718479,0.0,0.0,0.0,0.0,0.0,0.0,30.66205648,0.0,0.0,26.68911765,0.0,0.0,0.0,0.0,0.0,0,0.0,0.0,6.041840829,30.41418692,0.0,0.0,20.89514638,0.0,1.305555556,0.0,0.0,0.0,0.0,0.826388889,2.878333333,7.45037037,2.372685185,1.0,9,0,1,0,1,1,0,0,0,0,0,1,1,0,1,1,1,1.6352,40.2884,0,0,0,1,0,0,0,0,1,0,0,0,0,0,0,0,0,0,0,0,0,0,0,0,0,0,0,1,0,2.0,80,0.75,0.25,96.0,3.08,0.9104417363333334,0.516393585,0.8930288396666667,0
C[N+]1(CC2CCCCC2)CCCC1,12,1,0,0,0,1,1.0,1.066527778,2.473815193,1.066527778,0.576080374,182.331,158.139,182.1903262,76,0.081264363,-0.325807607,0.325807607,0.081264363,0.923076923,1.538461538,2.153846154,15.3397877,9.883448807,2.299678513,-2.342174405,2.278176431,-2.444123845,4.662715279,-0.900698593,1.809287411,152.5074118,9.148418081,9.095631677,9.095631677,6.285405043,6.120641765,6.120641765,5.460434099,5.460434099,4.06961373,4.06961373,3.274486858,3.274486858,-0.04,1531.451972,9.51254062,3.996461393,2.460283675,82.71175714,4.483030858,0.0,0.0,0.0,0.0,0.0,0.0,0.0,0,0.0,19.26246487,12.84164325,18.75954929,26.6819412,4.483030858,0.0,0.0,5.917906046,44.94575136,26.6819412,0.0,0.0,0.0,0.0,0.0,0.0,31.16497206,0.0,5.917906046,44.94575136,0.0,0.0,0.0,0.0,0.0,0,0.0,0.0,5.917906046,69.06305144,0.0,0.0,7.047671983,0.0,1.393518519,0.0,0.0,0.0,1.066527778,0.0,10.50363851,4.395833333,2.473815193,1.0,13,0,1,1,1,2,0,0,0,0,0,1,2,1,1,2,2,2.8071,56.5944,0,0,0,1,0,0,0,0,1,0,0,0,0,0,0,0,0,0,0,0,0,0,0,0,0,0,0,1,0,2.0,80,0.75,0.25,96.0,3.46,0.9371887086666666,0.269954514,0.9394250273333333,0
CC[N+]1(C)CCCC1,7,1,0,0,0,1,1.0,1.319444444,2.354166667,1.319444444,0.449952788,114.212,98.084,114.1277259,48,0.078619894,-0.326265893,0.326265893,0.078619894,1.25,1.75,2.0,15.33348256,10.39358405,2.23028601,-2.263235674,2.139532621,-2.395984082,4.486020013,-0.895371398,2.399681801,72.45601116,6.035533906,5.982747501,5.982747501,3.767766953,3.603003675,3.603003675,3.090051834,3.090051834,2.409338255,2.409338255,1.415079324,1.415079324,-0.04,88.95348294,6.085628141,2.058167191,1.025055201,51.89287772,4.483030858,0.0,0.0,0.0,0.0,0.0,0.0,0.0,0,0.0,0.0,6.9237372,12.84164325,26.6819412,4.483030858,0.0,0.0,0.0,19.76538045,26.6819412,0.0,0.0,0.0,0.0,0.0,0.0,31.16497206,0.0,0.0,19.76538045,0.0,0.0,0.0,0.0,0.0,0,0.0,0.0,0.0,36.95894332,0.0,0.0,13.97140918,0.0,1.319444444,0.0,0.0,0.0,0.0,0.0,2.8975,6.428888889,2.354166667,1.0,8,0,1,0,1,1,0,0,0,0,0,1,1,0,1,1,1,1.2467,35.6934,0,0,0,1,0,0,0,0,1,0,0,0,0,0,0,0,0,0,0,0,0,0,0,0,0,0,0,1,0,4.0,80,0.75,0.25,96.0,7.27,0.8838486080740742,0.48621441092592593,0.894186241037037,0
CCCC[N+]1(C)CCCC1,9,1,0,0,0,1,1.0,1.355,2.405416667,1.355,0.528866095,142.266,122.106,142.1590261,60,0.078627625,-0.326037383,0.326037383,0.078627625,1.2,1.8,2.3,15.33615721,10.27647584,2.246735375,-2.282945,2.162358186,-2.408798699,4.508065721,-0.897402108,2.21874475,92.90138861,7.449747468,7.396961064,7.396961064,4.767766953,4.603003675,4.603003675,3.850984256,3.850984256,2.697398731,2.697398731,1.86229292,1.86229292,-0.04,244.7397616,8.060401606,3.380057918,1.978612327,64.62276195,4.483030858,0.0,0.0,0.0,0.0,0.0,0.0,0.0,0,0.0,13.34455882,6.420821623,12.84164325,26.6819412,4.483030858,0.0,0.0,0.0,32.60702369,26.6819412,0.0,0.0,0.0,0.0,0.0,0.0,31.16497206,0.0,0.0,32.60702369,0.0,0.0,0.0,0.0,0.0,0,0.0,0.0,0.0,49.80058657,0.0,0.0,13.97140918,0.0,1.355,0.0,0.0,0.0,0.0,0.0,5.685286281,6.554297052,2.405416667,1.0,10,0,1,0,1,1,0,0,0,0,0,1,3,0,1,1,1,2.0269,44.9274,0,0,0,1,0,0,0,0,1,0,0,0,0,0,0,0,0,0,0,0,0,0,0,0,0,0,0,1,0,4.0,80,0.75,0.25,96.0,16.23,0.8516828327999999,0.25643609180000004,0.9346285656,0
CCCCCCCC[N+]1(C)CCCC1,13,1,0,0,0,2,1.0,1.36882716,2.443494977,1.36882716,0.433075035,198.374,170.15,198.2216263,84,0.078627626,-0.326037234,0.326037234,0.078627626,0.857142857,1.428571429,2.071428571,15.33623371,10.11286082,2.249341304,-2.285805979,2.174890219,-2.409498627,4.522839434,-0.897424978,1.924124974,136.1709892,10.27817459,10.22538819,10.22538819,6.767766953,6.603003675,6.603003675,5.265197819,5.265197819,3.697398731,3.697398731,2.596312521,2.596312521,-0.04,1857.369606,12.03163324,6.44489231,4.453891399,90.0825304,4.483030858,0.0,0.0,0.0,0.0,0.0,0.0,0.0,0,0.0,32.60702369,12.84164325,12.84164325,26.6819412,4.483030858,0.0,0.0,0.0,58.29031018,26.6819412,0.0,0.0,0.0,0.0,0.0,0.0,31.16497206,0.0,0.0,58.29031018,0.0,0.0,0.0,0.0,0.0,0,0.0,0.0,0.0,75.48387306,0.0,0.0,13.97140918,0.0,1.36882716,0.0,0.0,0.0,0.0,0.0,11.5840087,6.603669162,2.443494977,1.0,14,0,1,0,1,1,0,0,0,0,0,1,7,0,1,1,1,3.5873,63.3954,0,0,0,1,0,0,0,0,1,0,0,0,0,0,0,0,0,0,0,0,0,0,0,0,0,0,0,1,4,4.0,80,0.75,0.25,96.0,11.51,0.8987253687999999,0.1176688948,0.9768891416000001,0
CC(C)[N+]1(C)CCCC1,8,1,0,0,0,1,1.0,0.826388889,2.372685185,0.826388889,0.470846498,128.239,110.095,128.143376,54,0.083069711,-0.324069262,0.324069262,0.083069711,1.111111111,1.555555556,1.777777778,15.35783938,10.27386407,2.288255117,-2.330843675,2.19087826,-2.461262692,4.53661154,-0.917800685,2.506498019,90.74075768,6.905777394,6.852990989,6.852990989,4.150482454,3.992568556,3.992568556,3.727478017,3.727478017,2.83456254,2.83456254,1.574216726,1.574216726,-0.04,127.4460399,7.071607143,2.295733882,1.263404444,58.25781983,4.483030858,0.0,0.0,0.0,0.0,0.0,0.0,0.0,0,0.0,0.0,13.8474744,12.84164325,26.17902562,4.483030858,0.0,0.0,0.0,32.73095847,20.13718479,0.0,0.0,0.0,0.0,0.0,0.0,30.66205648,0.0,0.0,26.68911765,0.0,0.0,0.0,0.0,0.0,0,0.0,0.0,6.041840829,30.41418692,0.0,0.0,20.89514638,0.0,1.305555556,0.0,0.0,0.0,0.0,0.826388889,2.878333333,7.45037037,2.372685185,1.0,9,0,1,0,1,1,0,0,0,0,0,1,1,0,1,1,1,1.6352,40.2884,0,0,0,1,0,0,0,0,1,0,0,0,0,0,0,0,0,0,0,0,0,0,0,0,0,0,0,1,0,4.0,80,0.75,0.25,96.0,27.44,0.9104417363333334,0.516393585,0.8930288396666667,0
CC[N+]1(C)CCCC1,7,1,0,0,0,1,1.0,1.319444444,2.354166667,1.319444444,0.449952788,114.212,98.084,114.1277259,48,0.078619894,-0.326265893,0.326265893,0.078619894,1.25,1.75,2.0,15.33348256,10.39358405,2.23028601,-2.263235674,2.139532621,-2.395984082,4.486020013,-0.895371398,2.399681801,72.45601116,6.035533906,5.982747501,5.982747501,3.767766953,3.603003675,3.603003675,3.090051834,3.090051834,2.409338255,2.409338255,1.415079324,1.415079324,-0.04,88.95348294,6.085628141,2.058167191,1.025055201,51.89287772,4.483030858,0.0,0.0,0.0,0.0,0.0,0.0,0.0,0,0.0,0.0,6.9237372,12.84164325,26.6819412,4.483030858,0.0,0.0,0.0,19.76538045,26.6819412,0.0,0.0,0.0,0.0,0.0,0.0,31.16497206,0.0,0.0,19.76538045,0.0,0.0,0.0,0.0,0.0,0,0.0,0.0,0.0,36.95894332,0.0,0.0,13.97140918,0.0,1.319444444,0.0,0.0,0.0,0.0,0.0,2.8975,6.428888889,2.354166667,1.0,8,0,1,0,1,1,0,0,0,0,0,1,1,0,1,1,1,1.2467,35.6934,0,0,0,1,0,0,0,0,1,0,0,0,0,0,0,0,0,0,0,0,0,0,0,0,0,0,0,1,0,1.0,80,0.9,0.1,96.0,8.16,0.8838486080740742,0.48621441092592593,0.894186241037037,0
CCCCCCCC[N+]1(C)CCCC1,13,1,0,0,0,2,1.0,1.36882716,2.443494977,1.36882716,0.433075035,198.374,170.15,198.2216263,84,0.078627626,-0.326037234,0.326037234,0.078627626,0.857142857,1.428571429,2.071428571,15.33623371,10.11286082,2.249341304,-2.285805979,2.174890219,-2.409498627,4.522839434,-0.897424978,1.924124974,136.1709892,10.27817459,10.22538819,10.22538819,6.767766953,6.603003675,6.603003675,5.265197819,5.265197819,3.697398731,3.697398731,2.596312521,2.596312521,-0.04,1857.369606,12.03163324,6.44489231,4.453891399,90.0825304,4.483030858,0.0,0.0,0.0,0.0,0.0,0.0,0.0,0,0.0,32.60702369,12.84164325,12.84164325,26.6819412,4.483030858,0.0,0.0,0.0,58.29031018,26.6819412,0.0,0.0,0.0,0.0,0.0,0.0,31.16497206,0.0,0.0,58.29031018,0.0,0.0,0.0,0.0,0.0,0,0.0,0.0,0.0,75.48387306,0.0,0.0,13.97140918,0.0,1.36882716,0.0,0.0,0.0,0.0,0.0,11.5840087,6.603669162,2.443494977,1.0,14,0,1,0,1,1,0,0,0,0,0,1,7,0,1,1,1,3.5873,63.3954,0,0,0,1,0,0,0,0,1,0,0,0,0,0,0,0,0,0,0,0,0,0,0,0,0,0,0,1,4,1.0,80,0.9,0.1,96.0,11.48,0.8987253687999999,0.1176688948,0.9768891416000001,0
CC1=[N+](C)C=CN1C,6,2,0,0,0,1,0.5,1.268518519,2.083333333,1.268518519,0.42157426,111.168,100.08,111.0916748,44,0.252282846,-0.237196828,0.252282846,0.237196828,1.625,2.25,2.375,15.1074661,10.67634854,2.001560698,-1.844967415,1.837414484,-2.286614375,4.752575888,-0.676801109,3.194945502,168.9086471,6.14626437,5.549127729,5.549127729,3.715214055,2.691371899,2.691371899,2.067166257,2.067166257,1.534762801,1.534762801,0.664541252,0.664541252,-0.79,75.4050522,5.348696255,1.617020637,0.619399124,49.37498084,0.0,12.39368714,0.0,0.0,5.824404498,0.0,0.0,9.134199296,0,0.0,0.0,0.0,6.9237372,14.09534397,4.567099648,0.0,4.567099648,14.09534397,6.9237372,0.0,18.21809164,0.0,4.567099648,0.0,0.0,0.0,4.567099648,14.09534397,6.9237372,5.824404498,12.39368714,0.0,8.81,0.0,0.0,0,0.0,0.0,0.0,5.824404498,0.0,26.48903111,16.0579365,0.0,4.166666667,0.0,0.0,0.0,1.268518519,0.0,4.074074074,2.083333333,4.074074074,0.5,8,0,2,0,0,0,0,1,1,1,0,2,0,0,0,0,1,0.15802,31.326,0,0,2,2,0,0,0,0,0,0,0,2,0,0,0,0,0,1,0,0,0,0,0,0,0,0,0,0,0,1.0,80,0.9,0.1,96.0,37.62,0.324813324,0.39008869166666665,0.6349172278333334,0
C[N+](C)(C)Cc1ccccc1,10,1,0,0,0,1,0.4,0.990092593,2.201388889,0.990092593,0.564733409,150.245,134.117,150.1277259,60,0.10374051,-0.327164983,0.327164983,0.10374051,1.0,1.545454545,2.0,15.2727943,10.18617015,2.059732163,-2.231752379,2.044948953,-2.326798315,5.127404025,-0.883503644,2.657660985,208.0644284,8.319990956,7.541071723,7.541071723,5.078298262,3.922105546,3.922105546,3.934036527,3.934036527,1.499740497,1.499740497,1.131142384,1.131142384,-0.82,244.8579632,8.278231827,3.054898793,3.190046349,68.86097673,4.483030858,6.544756406,0.0,0.0,0.0,0.0,0.0,0.0,0,0.0,30.33183534,0.0,5.563451492,21.14301595,4.483030858,0.0,0.0,0.0,6.544756406,21.14301595,35.89528683,0.0,0.0,0.0,0.0,0.0,25.62604681,6.544756406,0.0,5.563451492,30.33183534,0.0,0.0,0.0,0.0,0,0.0,0.0,11.02778726,5.563451492,0.0,0.0,51.47485129,0.0,0.990092593,0.0,0.0,1.402777778,0.0,10.57157407,0.0,1.098055556,6.604166667,0.4,11,0,1,0,0,0,1,0,1,0,0,1,2,0,0,0,1,1.8928,48.1784,0,0,0,1,0,0,0,0,0,0,0,0,1,0,0,0,0,0,0,0,0,0,0,0,0,0,0,1,0,1.0,80,0.9,0.1,96.0,31.37,0.7445308335,0.24762724886,0.9092085232799999,0
CCCC[N+]1=C(C)N(C)C=C1,9,2,0,0,0,1,0.666666667,1.155925926,2.295138889,1.155925926,0.580700677,153.249,136.113,153.138625,62,0.252505903,-0.2371895,0.252505903,0.2371895,1.545454545,2.272727273,2.727272727,15.12354519,10.32320438,2.057409928,-1.953035348,1.912787271,-2.346436727,4.759205291,-0.702289755,2.630825004,225.4666468,8.267584714,7.670448073,7.670448073,5.253218858,4.267492851,4.267492851,3.003208827,3.003208827,2.148888739,2.148888739,1.163612434,1.163612434,-0.79,382.8385388,8.307943193,3.557462323,1.822066108,68.46980718,0.0,12.39368714,0.0,0.0,5.824404498,0.0,0.0,9.134199296,0,0.0,13.34455882,6.420821623,6.9237372,13.59242839,4.567099648,0.0,4.567099648,7.047671983,33.23387405,0.0,18.21809164,0.0,4.567099648,0.0,0.0,0.0,4.567099648,13.59242839,6.9237372,25.58978494,12.39368714,0.0,8.81,0.0,0.0,0,0.0,0.0,6.544756406,18.66604774,0.0,0.0,42.42303282,0.0,4.443611111,0.0,0.0,0.0,1.331898148,0.0,6.784564437,5.525462963,2.081130008,0.666666667,11,0,2,0,0,0,0,1,1,1,0,2,3,0,0,0,1,1.42112,45.253,0,0,2,2,0,0,0,0,0,0,0,2,0,0,0,0,0,1,0,0,0,0,0,0,0,0,0,0,0,3.0,60,0.0,1.0,357.0,0.0,0.775375404,0.2601543744285714,0.9050922201428572,0
CC1=[N+](CC2=CC=CC=C2)C=CN1C,12,2,0,0,0,1,0.25,0.951898148,2.24537037,0.951898148,0.632346682,187.266,172.146,187.1229749,72,0.252789704,-0.237181032,0.252789704,0.237181032,1.214285714,1.928571429,2.5,15.12444815,10.20165712,2.076051568,-1.984906587,1.983830283,-2.352813986,5.127552987,-0.693427329,2.234741923,415.1417024,9.966255326,8.642985857,8.642985857,6.770856948,4.824623063,4.824623063,3.569761081,3.569761081,2.592061504,2.592061504,1.546048601,1.546048601,-1.57,2434.975513,9.003504047,3.660700317,1.689519142,84.43207504,0.0,18.93844355,0.0,0.0,5.824404498,0.0,0.0,9.134199296,0,0.0,30.33183534,5.563451492,6.9237372,7.047671983,4.567099648,0.0,4.567099648,7.047671983,13.46849361,0.0,54.11337848,0.0,4.567099648,0.0,0.0,0.0,4.567099648,13.59242839,6.9237372,11.38785599,42.72552249,0.0,8.81,0.0,0.0,0,0.0,0.0,6.544756406,11.38785599,0.0,6.066367068,59.7647639,0.0,4.373287037,0.0,0.0,1.33962963,1.272086168,10.50717309,4.195046296,3.079814815,2.066296296,0.25,14,0,2,0,0,0,1,1,2,1,0,2,2,0,0,0,2,1.66932,55.889,0,0,2,2,0,0,0,0,0,0,0,1,1,0,0,0,0,1,0,0,0,0,0,0,0,0,0,0,0,3.0,60,0.0,1.0,264.0,16.8,1.001459834095238,0.2766949967142857,0.9603913731904763,0
C=CC1=CC=C(C[N+]2=C(C)N(C)C=C2)C=C1,14,2,0,0,0,1,0.214285714,0.920730348,3.753493477,0.920730348,0.691840937,213.304,196.168,213.138625,82,0.252789704,-0.237181032,0.252789704,0.237181032,1.3125,2.0,2.5,15.12448027,10.12868986,2.080328553,-2.004667902,2.050541298,-2.353084822,5.465077318,-0.693427292,2.201724355,491.9539352,11.5436056,9.850092638,9.850092638,7.7027086,5.432230091,5.432230091,4.029868291,4.029868291,2.964658298,2.964658298,1.721758169,1.721758169,-1.83,6143.033952,10.67997506,4.35236406,2.056921168,96.47235624,0.0,18.93844355,0.0,0.0,5.824404498,0.0,0.0,9.134199296,0,0.0,36.92042406,11.12690298,6.9237372,7.047671983,4.567099648,6.076020107,4.567099648,7.047671983,13.46849361,0.0,60.18939858,0.0,4.567099648,0.0,0.0,0.0,4.567099648,13.59242839,6.9237372,16.95130748,43.2380911,6.076020107,8.81,0.0,0.0,0,0.0,0.0,6.544756406,16.95130748,0.0,6.076020107,66.34369958,0.0,4.36212963,0.0,0.0,2.475401497,1.25721965,8.495277778,6.050475561,6.797348825,2.06214706,0.214285714,16,0,2,0,0,0,1,1,2,1,0,2,3,0,0,0,2,2.31232,65.98,0,0,2,2,0,0,0,0,0,0,0,1,1,0,0,0,0,1,0,0,0,0,0,0,0,0,0,0,0,3.0,60,0.0,1.0,119.0,50.0,1.1005121365,0.220624372,0.9692968795,1
CCCC[N+]1=C(C)N(C)C=C1,9,2,0,0,0,1,0.666666667,1.155925926,2.295138889,1.155925926,0.580700677,153.249,136.113,153.138625,62,0.252505903,-0.2371895,0.252505903,0.2371895,1.545454545,2.272727273,2.727272727,15.12354519,10.32320438,2.057409928,-1.953035348,1.912787271,-2.346436727,4.759205291,-0.702289755,2.630825004,225.4666468,8.267584714,7.670448073,7.670448073,5.253218858,4.267492851,4.267492851,3.003208827,3.003208827,2.148888739,2.148888739,1.163612434,1.163612434,-0.79,382.8385388,8.307943193,3.557462323,1.822066108,68.46980718,0.0,12.39368714,0.0,0.0,5.824404498,0.0,0.0,9.134199296,0,0.0,13.34455882,6.420821623,6.9237372,13.59242839,4.567099648,0.0,4.567099648,7.047671983,33.23387405,0.0,18.21809164,0.0,4.567099648,0.0,0.0,0.0,4.567099648,13.59242839,6.9237372,25.58978494,12.39368714,0.0,8.81,0.0,0.0,0,0.0,0.0,6.544756406,18.66604774,0.0,0.0,42.42303282,0.0,4.443611111,0.0,0.0,0.0,1.331898148,0.0,6.784564437,5.525462963,2.081130008,0.666666667,11,0,2,0,0,0,0,1,1,1,0,2,3,0,0,0,1,1.42112,45.253,0,0,2,2,0,0,0,0,0,0,0,2,0,0,0,0,0,1,0,0,0,0,0,0,0,0,0,0,0,3.0,80,0.0,1.0,189.0,8.0,0.775375404,0.2601543744285714,0.9050922201428572,0
CC1=[N+](CC2=CC=CC=C2)C=CN1C,12,2,0,0,0,1,0.25,0.951898148,2.24537037,0.951898148,0.632346682,187.266,172.146,187.1229749,72,0.252789704,-0.237181032,0.252789704,0.237181032,1.214285714,1.928571429,2.5,15.12444815,10.20165712,2.076051568,-1.984906587,1.983830283,-2.352813986,5.127552987,-0.693427329,2.234741923,415.1417024,9.966255326,8.642985857,8.642985857,6.770856948,4.824623063,4.824623063,3.569761081,3.569761081,2.592061504,2.592061504,1.546048601,1.546048601,-1.57,2434.975513,9.003504047,3.660700317,1.689519142,84.43207504,0.0,18.93844355,0.0,0.0,5.824404498,0.0,0.0,9.134199296,0,0.0,30.33183534,5.563451492,6.9237372,7.047671983,4.567099648,0.0,4.567099648,7.047671983,13.46849361,0.0,54.11337848,0.0,4.567099648,0.0,0.0,0.0,4.567099648,13.59242839,6.9237372,11.38785599,42.72552249,0.0,8.81,0.0,0.0,0,0.0,0.0,6.544756406,11.38785599,0.0,6.066367068,59.7647639,0.0,4.373287037,0.0,0.0,1.33962963,1.272086168,10.50717309,4.195046296,3.079814815,2.066296296,0.25,14,0,2,0,0,0,1,1,2,1,0,2,2,0,0,0,2,1.66932,55.889,0,0,2,2,0,0,0,0,0,0,0,1,1,0,0,0,0,1,0,0,0,0,0,0,0,0,0,0,0,3.0,80,0.0,1.0,73.0,29.2,1.001459834095238,0.2766949967142857,0.9603913731904763,0
C=CC1=CC=C(C[N+]2=C(C)N(C)C=C2)C=C1,14,2,0,0,0,1,0.214285714,0.920730348,3.753493477,0.920730348,0.691840937,213.304,196.168,213.138625,82,0.252789704,-0.237181032,0.252789704,0.237181032,1.3125,2.0,2.5,15.12448027,10.12868986,2.080328553,-2.004667902,2.050541298,-2.353084822,5.465077318,-0.693427292,2.201724355,491.9539352,11.5436056,9.850092638,9.850092638,7.7027086,5.432230091,5.432230091,4.029868291,4.029868291,2.964658298,2.964658298,1.721758169,1.721758169,-1.83,6143.033952,10.67997506,4.35236406,2.056921168,96.47235624,0.0,18.93844355,0.0,0.0,5.824404498,0.0,0.0,9.134199296,0,0.0,36.92042406,11.12690298,6.9237372,7.047671983,4.567099648,6.076020107,4.567099648,7.047671983,13.46849361,0.0,60.18939858,0.0,4.567099648,0.0,0.0,0.0,4.567099648,13.59242839,6.9237372,16.95130748,43.2380911,6.076020107,8.81,0.0,0.0,0,0.0,0.0,6.544756406,16.95130748,0.0,6.076020107,66.34369958,0.0,4.36212963,0.0,0.0,2.475401497,1.25721965,8.495277778,6.050475561,6.797348825,2.06214706,0.214285714,16,0,2,0,0,0,1,1,2,1,0,2,3,0,0,0,2,2.31232,65.98,0,0,2,2,0,0,0,0,0,0,0,1,1,0,0,0,0,1,0,0,0,0,0,0,0,0,0,0,0,3.0,80,0.0,1.0,28.0,50.0,1.1005121365,0.220624372,0.9692968795,1
C[N+](C)(C)Cc1ccccc1,10,1,0,0,0,1,0.4,0.990092593,2.201388889,0.990092593,0.564733409,150.245,134.117,150.1277259,60,0.10374051,-0.327164983,0.327164983,0.10374051,1.0,1.545454545,2.0,15.2727943,10.18617015,2.059732163,-2.231752379,2.044948953,-2.326798315,5.127404025,-0.883503644,2.657660985,208.0644284,8.319990956,7.541071723,7.541071723,5.078298262,3.922105546,3.922105546,3.934036527,3.934036527,1.499740497,1.499740497,1.131142384,1.131142384,-0.82,244.8579632,8.278231827,3.054898793,3.190046349,68.86097673,4.483030858,6.544756406,0.0,0.0,0.0,0.0,0.0,0.0,0,0.0,30.33183534,0.0,5.563451492,21.14301595,4.483030858,0.0,0.0,0.0,6.544756406,21.14301595,35.89528683,0.0,0.0,0.0,0.0,0.0,25.62604681,6.544756406,0.0,5.563451492,30.33183534,0.0,0.0,0.0,0.0,0,0.0,0.0,11.02778726,5.563451492,0.0,0.0,51.47485129,0.0,0.990092593,0.0,0.0,1.402777778,0.0,10.57157407,0.0,1.098055556,6.604166667,0.4,11,0,1,0,0,0,1,0,1,0,0,1,2,0,0,0,1,1.8928,48.1784,0,0,0,1,0,0,0,0,0,0,0,0,1,0,0,0,0,0,0,0,0,0,0,0,0,0,0,1,0,1.0,60,0.0,1.0,0.0,0.0,0.7445308335,0.24762724886,0.9092085232799999,0
CN1C=C[N+](CC2=CC=CC=C2)=C1,11,2,0,0,0,1,0.181818182,0.946111111,2.162037037,0.946111111,0.606301897,173.239,160.135,173.1073248,66,0.243313076,-0.239525547,0.243313076,0.239525547,1.230769231,2.0,2.615384615,15.08884855,10.2050969,1.993278709,-1.950295583,1.962951223,-2.308061764,5.125911622,-0.687339653,2.152484386,375.9986193,9.096011838,7.720336126,7.720336126,6.343336593,4.393807247,4.393807247,3.237013442,3.237013442,2.031705793,2.031705793,1.389481779,1.389481779,-1.57,1629.760421,8.047715037,3.435837117,1.963332503,78.06713293,0.0,18.93844355,0.0,6.327320075,0.0,0.0,0.0,9.134199296,0,0.0,30.33183534,5.563451492,0.0,7.047671983,4.567099648,0.0,4.567099648,7.047671983,6.544756406,0.0,54.61629405,0.0,4.567099648,0.0,0.0,0.0,4.567099648,13.59242839,0.0,5.563451492,49.05284256,0.0,8.81,0.0,0.0,0,0.0,0.0,6.544756406,5.563451492,0.0,23.87798227,41.35673157,0.0,4.20662037,0.0,0.0,1.33212963,0.0,10.45518519,6.197361111,0.946111111,2.029259259,0.181818182,13,0,2,0,0,0,1,1,2,1,0,2,2,0,0,0,2,1.3609,51.152,0,0,2,2,0,0,0,0,0,0,0,1,1,0,0,0,0,1,0,0,0,0,0,0,0,0,0,0,0,1.0,60,0.0,1.0,0.0,0.0,0.9149058107368421,0.2482347482631579,0.939223391263158,0
CC1=[N+](CC2=CC=CC=C2)C=CN1C,12,2,0,0,0,1,0.25,0.951898148,2.24537037,0.951898148,0.632346682,187.266,172.146,187.1229749,72,0.252789704,-0.237181032,0.252789704,0.237181032,1.214285714,1.928571429,2.5,15.12444815,10.20165712,2.076051568,-1.984906587,1.983830283,-2.352813986,5.127552987,-0.693427329,2.234741923,415.1417024,9.966255326,8.642985857,8.642985857,6.770856948,4.824623063,4.824623063,3.569761081,3.569761081,2.592061504,2.592061504,1.546048601,1.546048601,-1.57,2434.975513,9.003504047,3.660700317,1.689519142,84.43207504,0.0,18.93844355,0.0,0.0,5.824404498,0.0,0.0,9.134199296,0,0.0,30.33183534,5.563451492,6.9237372,7.047671983,4.567099648,0.0,4.567099648,7.047671983,13.46849361,0.0,54.11337848,0.0,4.567099648,0.0,0.0,0.0,4.567099648,13.59242839,6.9237372,11.38785599,42.72552249,0.0,8.81,0.0,0.0,0,0.0,0.0,6.544756406,11.38785599,0.0,6.066367068,59.7647639,0.0,4.373287037,0.0,0.0,1.33962963,1.272086168,10.50717309,4.195046296,3.079814815,2.066296296,0.25,14,0,2,0,0,0,1,1,2,1,0,2,2,0,0,0,2,1.66932,55.889,0,0,2,2,0,0,0,0,0,0,0,1,1,0,0,0,0,1,0,0,0,0,0,0,0,0,0,0,0,1.0,60,0.0,1.0,0.0,0.0,1.001459834095238,0.2766949967142857,0.9603913731904763,0
C[N+](C)(C)Cc1ccccc1,10,1,0,0,0,1,0.4,0.990092593,2.201388889,0.990092593,0.564733409,150.245,134.117,150.1277259,60,0.10374051,-0.327164983,0.327164983,0.10374051,1.0,1.545454545,2.0,15.2727943,10.18617015,2.059732163,-2.231752379,2.044948953,-2.326798315,5.127404025,-0.883503644,2.657660985,208.0644284,8.319990956,7.541071723,7.541071723,5.078298262,3.922105546,3.922105546,3.934036527,3.934036527,1.499740497,1.499740497,1.131142384,1.131142384,-0.82,244.8579632,8.278231827,3.054898793,3.190046349,68.86097673,4.483030858,6.544756406,0.0,0.0,0.0,0.0,0.0,0.0,0,0.0,30.33183534,0.0,5.563451492,21.14301595,4.483030858,0.0,0.0,0.0,6.544756406,21.14301595,35.89528683,0.0,0.0,0.0,0.0,0.0,25.62604681,6.544756406,0.0,5.563451492,30.33183534,0.0,0.0,0.0,0.0,0,0.0,0.0,11.02778726,5.563451492,0.0,0.0,51.47485129,0.0,0.990092593,0.0,0.0,1.402777778,0.0,10.57157407,0.0,1.098055556,6.604166667,0.4,11,0,1,0,0,0,1,0,1,0,0,1,2,0,0,0,1,1.8928,48.1784,0,0,0,1,0,0,0,0,0,0,0,0,1,0,0,0,0,0,0,0,0,0,0,0,0,0,0,1,0,1.0,60,0.0,1.0,24.0,4.0,0.7445308335,0.24762724886,0.9092085232799999,0
CN1C=C[N+](CC2=CC=CC=C2)=C1,11,2,0,0,0,1,0.181818182,0.946111111,2.162037037,0.946111111,0.606301897,173.239,160.135,173.1073248,66,0.243313076,-0.239525547,0.243313076,0.239525547,1.230769231,2.0,2.615384615,15.08884855,10.2050969,1.993278709,-1.950295583,1.962951223,-2.308061764,5.125911622,-0.687339653,2.152484386,375.9986193,9.096011838,7.720336126,7.720336126,6.343336593,4.393807247,4.393807247,3.237013442,3.237013442,2.031705793,2.031705793,1.389481779,1.389481779,-1.57,1629.760421,8.047715037,3.435837117,1.963332503,78.06713293,0.0,18.93844355,0.0,6.327320075,0.0,0.0,0.0,9.134199296,0,0.0,30.33183534,5.563451492,0.0,7.047671983,4.567099648,0.0,4.567099648,7.047671983,6.544756406,0.0,54.61629405,0.0,4.567099648,0.0,0.0,0.0,4.567099648,13.59242839,0.0,5.563451492,49.05284256,0.0,8.81,0.0,0.0,0,0.0,0.0,6.544756406,5.563451492,0.0,23.87798227,41.35673157,0.0,4.20662037,0.0,0.0,1.33212963,0.0,10.45518519,6.197361111,0.946111111,2.029259259,0.181818182,13,0,2,0,0,0,1,1,2,1,0,2,2,0,0,0,2,1.3609,51.152,0,0,2,2,0,0,0,0,0,0,0,1,1,0,0,0,0,1,0,0,0,0,0,0,0,0,0,0,0,1.0,60,0.0,1.0,24.0,32.0,0.9149058107368421,0.2482347482631579,0.939223391263158,0
CC1=[N+](CC2=CC=CC=C2)C=CN1C,12,2,0,0,0,1,0.25,0.951898148,2.24537037,0.951898148,0.632346682,187.266,172.146,187.1229749,72,0.252789704,-0.237181032,0.252789704,0.237181032,1.214285714,1.928571429,2.5,15.12444815,10.20165712,2.076051568,-1.984906587,1.983830283,-2.352813986,5.127552987,-0.693427329,2.234741923,415.1417024,9.966255326,8.642985857,8.642985857,6.770856948,4.824623063,4.824623063,3.569761081,3.569761081,2.592061504,2.592061504,1.546048601,1.546048601,-1.57,2434.975513,9.003504047,3.660700317,1.689519142,84.43207504,0.0,18.93844355,0.0,0.0,5.824404498,0.0,0.0,9.134199296,0,0.0,30.33183534,5.563451492,6.9237372,7.047671983,4.567099648,0.0,4.567099648,7.047671983,13.46849361,0.0,54.11337848,0.0,4.567099648,0.0,0.0,0.0,4.567099648,13.59242839,6.9237372,11.38785599,42.72552249,0.0,8.81,0.0,0.0,0,0.0,0.0,6.544756406,11.38785599,0.0,6.066367068,59.7647639,0.0,4.373287037,0.0,0.0,1.33962963,1.272086168,10.50717309,4.195046296,3.079814815,2.066296296,0.25,14,0,2,0,0,0,1,1,2,1,0,2,2,0,0,0,2,1.66932,55.889,0,0,2,2,0,0,0,0,0,0,0,1,1,0,0,0,0,1,0,0,0,0,0,0,0,0,0,0,0,1.0,60,0.0,1.0,24.0,18.0,1.001459834095238,0.2766949967142857,0.9603913731904763,0
C[N+](C)(C)Cc1ccccc1,10,1,0,0,0,1,0.4,0.990092593,2.201388889,0.990092593,0.564733409,150.245,134.117,150.1277259,60,0.10374051,-0.327164983,0.327164983,0.10374051,1.0,1.545454545,2.0,15.2727943,10.18617015,2.059732163,-2.231752379,2.044948953,-2.326798315,5.127404025,-0.883503644,2.657660985,208.0644284,8.319990956,7.541071723,7.541071723,5.078298262,3.922105546,3.922105546,3.934036527,3.934036527,1.499740497,1.499740497,1.131142384,1.131142384,-0.82,244.8579632,8.278231827,3.054898793,3.190046349,68.86097673,4.483030858,6.544756406,0.0,0.0,0.0,0.0,0.0,0.0,0,0.0,30.33183534,0.0,5.563451492,21.14301595,4.483030858,0.0,0.0,0.0,6.544756406,21.14301595,35.89528683,0.0,0.0,0.0,0.0,0.0,25.62604681,6.544756406,0.0,5.563451492,30.33183534,0.0,0.0,0.0,0.0,0,0.0,0.0,11.02778726,5.563451492,0.0,0.0,51.47485129,0.0,0.990092593,0.0,0.0,1.402777778,0.0,10.57157407,0.0,1.098055556,6.604166667,0.4,11,0,1,0,0,0,1,0,1,0,0,1,2,0,0,0,1,1.8928,48.1784,0,0,0,1,0,0,0,0,0,0,0,0,1,0,0,0,0,0,0,0,0,0,0,0,0,0,0,1,0,1.0,60,0.0,1.0,48.0,4.0,0.7445308335,0.24762724886,0.9092085232799999,0
CN1C=C[N+](CC2=CC=CC=C2)=C1,11,2,0,0,0,1,0.181818182,0.946111111,2.162037037,0.946111111,0.606301897,173.239,160.135,173.1073248,66,0.243313076,-0.239525547,0.243313076,0.239525547,1.230769231,2.0,2.615384615,15.08884855,10.2050969,1.993278709,-1.950295583,1.962951223,-2.308061764,5.125911622,-0.687339653,2.152484386,375.9986193,9.096011838,7.720336126,7.720336126,6.343336593,4.393807247,4.393807247,3.237013442,3.237013442,2.031705793,2.031705793,1.389481779,1.389481779,-1.57,1629.760421,8.047715037,3.435837117,1.963332503,78.06713293,0.0,18.93844355,0.0,6.327320075,0.0,0.0,0.0,9.134199296,0,0.0,30.33183534,5.563451492,0.0,7.047671983,4.567099648,0.0,4.567099648,7.047671983,6.544756406,0.0,54.61629405,0.0,4.567099648,0.0,0.0,0.0,4.567099648,13.59242839,0.0,5.563451492,49.05284256,0.0,8.81,0.0,0.0,0,0.0,0.0,6.544756406,5.563451492,0.0,23.87798227,41.35673157,0.0,4.20662037,0.0,0.0,1.33212963,0.0,10.45518519,6.197361111,0.946111111,2.029259259,0.181818182,13,0,2,0,0,0,1,1,2,1,0,2,2,0,0,0,2,1.3609,51.152,0,0,2,2,0,0,0,0,0,0,0,1,1,0,0,0,0,1,0,0,0,0,0,0,0,0,0,0,0,1.0,60,0.0,1.0,48.0,47.0,0.9149058107368421,0.2482347482631579,0.939223391263158,0
CC1=[N+](CC2=CC=CC=C2)C=CN1C,12,2,0,0,0,1,0.25,0.951898148,2.24537037,0.951898148,0.632346682,187.266,172.146,187.1229749,72,0.252789704,-0.237181032,0.252789704,0.237181032,1.214285714,1.928571429,2.5,15.12444815,10.20165712,2.076051568,-1.984906587,1.983830283,-2.352813986,5.127552987,-0.693427329,2.234741923,415.1417024,9.966255326,8.642985857,8.642985857,6.770856948,4.824623063,4.824623063,3.569761081,3.569761081,2.592061504,2.592061504,1.546048601,1.546048601,-1.57,2434.975513,9.003504047,3.660700317,1.689519142,84.43207504,0.0,18.93844355,0.0,0.0,5.824404498,0.0,0.0,9.134199296,0,0.0,30.33183534,5.563451492,6.9237372,7.047671983,4.567099648,0.0,4.567099648,7.047671983,13.46849361,0.0,54.11337848,0.0,4.567099648,0.0,0.0,0.0,4.567099648,13.59242839,6.9237372,11.38785599,42.72552249,0.0,8.81,0.0,0.0,0,0.0,0.0,6.544756406,11.38785599,0.0,6.066367068,59.7647639,0.0,4.373287037,0.0,0.0,1.33962963,1.272086168,10.50717309,4.195046296,3.079814815,2.066296296,0.25,14,0,2,0,0,0,1,1,2,1,0,2,2,0,0,0,2,1.66932,55.889,0,0,2,2,0,0,0,0,0,0,0,1,1,0,0,0,0,1,0,0,0,0,0,0,0,0,0,0,0,1.0,60,0.0,1.0,48.0,36.0,1.001459834095238,0.2766949967142857,0.9603913731904763,0
C[N+](C)(C)Cc1ccccc1,10,1,0,0,0,1,0.4,0.990092593,2.201388889,0.990092593,0.564733409,150.245,134.117,150.1277259,60,0.10374051,-0.327164983,0.327164983,0.10374051,1.0,1.545454545,2.0,15.2727943,10.18617015,2.059732163,-2.231752379,2.044948953,-2.326798315,5.127404025,-0.883503644,2.657660985,208.0644284,8.319990956,7.541071723,7.541071723,5.078298262,3.922105546,3.922105546,3.934036527,3.934036527,1.499740497,1.499740497,1.131142384,1.131142384,-0.82,244.8579632,8.278231827,3.054898793,3.190046349,68.86097673,4.483030858,6.544756406,0.0,0.0,0.0,0.0,0.0,0.0,0,0.0,30.33183534,0.0,5.563451492,21.14301595,4.483030858,0.0,0.0,0.0,6.544756406,21.14301595,35.89528683,0.0,0.0,0.0,0.0,0.0,25.62604681,6.544756406,0.0,5.563451492,30.33183534,0.0,0.0,0.0,0.0,0,0.0,0.0,11.02778726,5.563451492,0.0,0.0,51.47485129,0.0,0.990092593,0.0,0.0,1.402777778,0.0,10.57157407,0.0,1.098055556,6.604166667,0.4,11,0,1,0,0,0,1,0,1,0,0,1,2,0,0,0,1,1.8928,48.1784,0,0,0,1,0,0,0,0,0,0,0,0,1,0,0,0,0,0,0,0,0,0,0,0,0,0,0,1,0,1.0,60,0.0,1.0,168.0,7.0,0.7445308335,0.24762724886,0.9092085232799999,0
CN1C=C[N+](CC2=CC=CC=C2)=C1,11,2,0,0,0,1,0.181818182,0.946111111,2.162037037,0.946111111,0.606301897,173.239,160.135,173.1073248,66,0.243313076,-0.239525547,0.243313076,0.239525547,1.230769231,2.0,2.615384615,15.08884855,10.2050969,1.993278709,-1.950295583,1.962951223,-2.308061764,5.125911622,-0.687339653,2.152484386,375.9986193,9.096011838,7.720336126,7.720336126,6.343336593,4.393807247,4.393807247,3.237013442,3.237013442,2.031705793,2.031705793,1.389481779,1.389481779,-1.57,1629.760421,8.047715037,3.435837117,1.963332503,78.06713293,0.0,18.93844355,0.0,6.327320075,0.0,0.0,0.0,9.134199296,0,0.0,30.33183534,5.563451492,0.0,7.047671983,4.567099648,0.0,4.567099648,7.047671983,6.544756406,0.0,54.61629405,0.0,4.567099648,0.0,0.0,0.0,4.567099648,13.59242839,0.0,5.563451492,49.05284256,0.0,8.81,0.0,0.0,0,0.0,0.0,6.544756406,5.563451492,0.0,23.87798227,41.35673157,0.0,4.20662037,0.0,0.0,1.33212963,0.0,10.45518519,6.197361111,0.946111111,2.029259259,0.181818182,13,0,2,0,0,0,1,1,2,1,0,2,2,0,0,0,2,1.3609,51.152,0,0,2,2,0,0,0,0,0,0,0,1,1,0,0,0,0,1,0,0,0,0,0,0,0,0,0,0,0,1.0,60,0.0,1.0,168.0,55.0,0.9149058107368421,0.2482347482631579,0.939223391263158,0
CC1=[N+](CC2=CC=CC=C2)C=CN1C,12,2,0,0,0,1,0.25,0.951898148,2.24537037,0.951898148,0.632346682,187.266,172.146,187.1229749,72,0.252789704,-0.237181032,0.252789704,0.237181032,1.214285714,1.928571429,2.5,15.12444815,10.20165712,2.076051568,-1.984906587,1.983830283,-2.352813986,5.127552987,-0.693427329,2.234741923,415.1417024,9.966255326,8.642985857,8.642985857,6.770856948,4.824623063,4.824623063,3.569761081,3.569761081,2.592061504,2.592061504,1.546048601,1.546048601,-1.57,2434.975513,9.003504047,3.660700317,1.689519142,84.43207504,0.0,18.93844355,0.0,0.0,5.824404498,0.0,0.0,9.134199296,0,0.0,30.33183534,5.563451492,6.9237372,7.047671983,4.567099648,0.0,4.567099648,7.047671983,13.46849361,0.0,54.11337848,0.0,4.567099648,0.0,0.0,0.0,4.567099648,13.59242839,6.9237372,11.38785599,42.72552249,0.0,8.81,0.0,0.0,0,0.0,0.0,6.544756406,11.38785599,0.0,6.066367068,59.7647639,0.0,4.373287037,0.0,0.0,1.33962963,1.272086168,10.50717309,4.195046296,3.079814815,2.066296296,0.25,14,0,2,0,0,0,1,1,2,1,0,2,2,0,0,0,2,1.66932,55.889,0,0,2,2,0,0,0,0,0,0,0,1,1,0,0,0,0,1,0,0,0,0,0,0,0,0,0,0,0,1.0,60,0.0,1.0,168.0,46.0,1.001459834095238,0.2766949967142857,0.9603913731904763,0
C1=CC=C(C[N+]23CCC(CC2)CC3)C=C1,14,1,0,0,0,1,0.571428571,1.070160515,2.285410998,1.070160515,0.646911569,202.321,182.161,202.1590261,80,0.104361417,-0.319834226,0.319834226,0.104361417,0.933333333,1.533333333,2.133333333,15.36281948,9.851470737,2.388114369,-2.488093955,2.344091054,-2.568677396,5.130950788,-0.954588638,1.76429187,308.6773164,10.13998191,9.361062679,9.361062679,7.363703305,6.253892929,6.253892929,5.38822443,5.38822443,4.395877198,4.395877198,3.345618278,3.345618278,-0.82,5345.348777,9.40914187,3.639008949,1.808675045,92.30908288,4.483030858,6.544756406,0.0,0.0,0.0,0.0,0.0,0.0,0,0.0,30.33183534,25.18037091,5.563451492,19.63426922,4.483030858,0.0,0.0,5.917906046,25.80722127,19.63426922,35.89528683,0.0,0.0,0.0,0.0,0.0,24.11730008,6.544756406,5.917906046,24.82591636,30.33183534,0.0,0.0,0.0,0.0,0,0.0,0.0,5.917906046,55.48797284,0.0,0.0,30.33183534,0.0,1.375509259,0.0,0.0,1.525787037,1.070160515,11.02978965,4.437004677,5.561748866,0.0,0.571428571,15,0,1,0,3,3,1,0,1,0,0,1,2,0,3,3,4,2.8171,62.3484,0,0,0,1,0,0,0,0,0,0,0,0,1,3,0,0,0,0,0,0,0,0,0,0,3,0,0,1,0,1.0,80,1.0,0.0,0.0,0.0,0.990113783,0.23554173949999999,0.9759768457857143,0
C1=CC=C(C[N+]23CCC(CC2)CC3)C=C1,14,1,0,0,0,1,0.571428571,1.070160515,2.285410998,1.070160515,0.646911569,202.321,182.161,202.1590261,80,0.104361417,-0.319834226,0.319834226,0.104361417,0.933333333,1.533333333,2.133333333,15.36281948,9.851470737,2.388114369,-2.488093955,2.344091054,-2.568677396,5.130950788,-0.954588638,1.76429187,308.6773164,10.13998191,9.361062679,9.361062679,7.363703305,6.253892929,6.253892929,5.38822443,5.38822443,4.395877198,4.395877198,3.345618278,3.345618278,-0.82,5345.348777,9.40914187,3.639008949,1.808675045,92.30908288,4.483030858,6.544756406,0.0,0.0,0.0,0.0,0.0,0.0,0,0.0,30.33183534,25.18037091,5.563451492,19.63426922,4.483030858,0.0,0.0,5.917906046,25.80722127,19.63426922,35.89528683,0.0,0.0,0.0,0.0,0.0,24.11730008,6.544756406,5.917906046,24.82591636,30.33183534,0.0,0.0,0.0,0.0,0,0.0,0.0,5.917906046,55.48797284,0.0,0.0,30.33183534,0.0,1.375509259,0.0,0.0,1.525787037,1.070160515,11.02978965,4.437004677,5.561748866,0.0,0.571428571,15,0,1,0,3,3,1,0,1,0,0,1,2,0,3,3,4,2.8171,62.3484,0,0,0,1,0,0,0,0,0,0,0,0,1,3,0,0,0,0,0,0,0,0,0,0,3,0,0,1,0,1.0,80,1.0,0.0,120.0,16.0714,0.990113783,0.23554173949999999,0.9759768457857143,0
C1=CC=C(C[N+]23CCC(CC2)CC3)C=C1,14,1,0,0,0,1,0.571428571,1.070160515,2.285410998,1.070160515,0.646911569,202.321,182.161,202.1590261,80,0.104361417,-0.319834226,0.319834226,0.104361417,0.933333333,1.533333333,2.133333333,15.36281948,9.851470737,2.388114369,-2.488093955,2.344091054,-2.568677396,5.130950788,-0.954588638,1.76429187,308.6773164,10.13998191,9.361062679,9.361062679,7.363703305,6.253892929,6.253892929,5.38822443,5.38822443,4.395877198,4.395877198,3.345618278,3.345618278,-0.82,5345.348777,9.40914187,3.639008949,1.808675045,92.30908288,4.483030858,6.544756406,0.0,0.0,0.0,0.0,0.0,0.0,0,0.0,30.33183534,25.18037091,5.563451492,19.63426922,4.483030858,0.0,0.0,5.917906046,25.80722127,19.63426922,35.89528683,0.0,0.0,0.0,0.0,0.0,24.11730008,6.544756406,5.917906046,24.82591636,30.33183534,0.0,0.0,0.0,0.0,0,0.0,0.0,5.917906046,55.48797284,0.0,0.0,30.33183534,0.0,1.375509259,0.0,0.0,1.525787037,1.070160515,11.02978965,4.437004677,5.561748866,0.0,0.571428571,15,0,1,0,3,3,1,0,1,0,0,1,2,0,3,3,4,2.8171,62.3484,0,0,0,1,0,0,0,0,0,0,0,0,1,3,0,0,0,0,0,0,0,0,0,0,3,0,0,1,0,1.0,80,1.0,0.0,240.0,20.8333,0.990113783,0.23554173949999999,0.9759768457857143,0
C1=CC=C(C[N+]23CCC(CC2)CC3)C=C1,14,1,0,0,0,1,0.571428571,1.070160515,2.285410998,1.070160515,0.646911569,202.321,182.161,202.1590261,80,0.104361417,-0.319834226,0.319834226,0.104361417,0.933333333,1.533333333,2.133333333,15.36281948,9.851470737,2.388114369,-2.488093955,2.344091054,-2.568677396,5.130950788,-0.954588638,1.76429187,308.6773164,10.13998191,9.361062679,9.361062679,7.363703305,6.253892929,6.253892929,5.38822443,5.38822443,4.395877198,4.395877198,3.345618278,3.345618278,-0.82,5345.348777,9.40914187,3.639008949,1.808675045,92.30908288,4.483030858,6.544756406,0.0,0.0,0.0,0.0,0.0,0.0,0,0.0,30.33183534,25.18037091,5.563451492,19.63426922,4.483030858,0.0,0.0,5.917906046,25.80722127,19.63426922,35.89528683,0.0,0.0,0.0,0.0,0.0,24.11730008,6.544756406,5.917906046,24.82591636,30.33183534,0.0,0.0,0.0,0.0,0,0.0,0.0,5.917906046,55.48797284,0.0,0.0,30.33183534,0.0,1.375509259,0.0,0.0,1.525787037,1.070160515,11.02978965,4.437004677,5.561748866,0.0,0.571428571,15,0,1,0,3,3,1,0,1,0,0,1,2,0,3,3,4,2.8171,62.3484,0,0,0,1,0,0,0,0,0,0,0,0,1,3,0,0,0,0,0,0,0,0,0,0,3,0,0,1,0,1.0,80,1.0,0.0,360.0,25.5952,0.990113783,0.23554173949999999,0.9759768457857143,0
C1=CC=C(C[N+]23CCC(CC2)CC3)C=C1,14,1,0,0,0,1,0.571428571,1.070160515,2.285410998,1.070160515,0.646911569,202.321,182.161,202.1590261,80,0.104361417,-0.319834226,0.319834226,0.104361417,0.933333333,1.533333333,2.133333333,15.36281948,9.851470737,2.388114369,-2.488093955,2.344091054,-2.568677396,5.130950788,-0.954588638,1.76429187,308.6773164,10.13998191,9.361062679,9.361062679,7.363703305,6.253892929,6.253892929,5.38822443,5.38822443,4.395877198,4.395877198,3.345618278,3.345618278,-0.82,5345.348777,9.40914187,3.639008949,1.808675045,92.30908288,4.483030858,6.544756406,0.0,0.0,0.0,0.0,0.0,0.0,0,0.0,30.33183534,25.18037091,5.563451492,19.63426922,4.483030858,0.0,0.0,5.917906046,25.80722127,19.63426922,35.89528683,0.0,0.0,0.0,0.0,0.0,24.11730008,6.544756406,5.917906046,24.82591636,30.33183534,0.0,0.0,0.0,0.0,0,0.0,0.0,5.917906046,55.48797284,0.0,0.0,30.33183534,0.0,1.375509259,0.0,0.0,1.525787037,1.070160515,11.02978965,4.437004677,5.561748866,0.0,0.571428571,15,0,1,0,3,3,1,0,1,0,0,1,2,0,3,3,4,2.8171,62.3484,0,0,0,1,0,0,0,0,0,0,0,0,1,3,0,0,0,0,0,0,0,0,0,0,3,0,0,1,0,1.0,80,1.0,0.0,480.0,28.5714,0.990113783,0.23554173949999999,0.9759768457857143,0
C1=CC=C(C[N+]23CCC(CC2)CC3)C=C1,14,1,0,0,0,1,0.571428571,1.070160515,2.285410998,1.070160515,0.646911569,202.321,182.161,202.1590261,80,0.104361417,-0.319834226,0.319834226,0.104361417,0.933333333,1.533333333,2.133333333,15.36281948,9.851470737,2.388114369,-2.488093955,2.344091054,-2.568677396,5.130950788,-0.954588638,1.76429187,308.6773164,10.13998191,9.361062679,9.361062679,7.363703305,6.253892929,6.253892929,5.38822443,5.38822443,4.395877198,4.395877198,3.345618278,3.345618278,-0.82,5345.348777,9.40914187,3.639008949,1.808675045,92.30908288,4.483030858,6.544756406,0.0,0.0,0.0,0.0,0.0,0.0,0,0.0,30.33183534,25.18037091,5.563451492,19.63426922,4.483030858,0.0,0.0,5.917906046,25.80722127,19.63426922,35.89528683,0.0,0.0,0.0,0.0,0.0,24.11730008,6.544756406,5.917906046,24.82591636,30.33183534,0.0,0.0,0.0,0.0,0,0.0,0.0,5.917906046,55.48797284,0.0,0.0,30.33183534,0.0,1.375509259,0.0,0.0,1.525787037,1.070160515,11.02978965,4.437004677,5.561748866,0.0,0.571428571,15,0,1,0,3,3,1,0,1,0,0,1,2,0,3,3,4,2.8171,62.3484,0,0,0,1,0,0,0,0,0,0,0,0,1,3,0,0,0,0,0,0,0,0,0,0,3,0,0,1,0,1.0,80,1.0,0.0,600.0,30.3571,0.990113783,0.23554173949999999,0.9759768457857143,0
C1=CC=C(C[N+]23CCC(CC2)CC3)C=C1,14,1,0,0,0,1,0.571428571,1.070160515,2.285410998,1.070160515,0.646911569,202.321,182.161,202.1590261,80,0.104361417,-0.319834226,0.319834226,0.104361417,0.933333333,1.533333333,2.133333333,15.36281948,9.851470737,2.388114369,-2.488093955,2.344091054,-2.568677396,5.130950788,-0.954588638,1.76429187,308.6773164,10.13998191,9.361062679,9.361062679,7.363703305,6.253892929,6.253892929,5.38822443,5.38822443,4.395877198,4.395877198,3.345618278,3.345618278,-0.82,5345.348777,9.40914187,3.639008949,1.808675045,92.30908288,4.483030858,6.544756406,0.0,0.0,0.0,0.0,0.0,0.0,0,0.0,30.33183534,25.18037091,5.563451492,19.63426922,4.483030858,0.0,0.0,5.917906046,25.80722127,19.63426922,35.89528683,0.0,0.0,0.0,0.0,0.0,24.11730008,6.544756406,5.917906046,24.82591636,30.33183534,0.0,0.0,0.0,0.0,0,0.0,0.0,5.917906046,55.48797284,0.0,0.0,30.33183534,0.0,1.375509259,0.0,0.0,1.525787037,1.070160515,11.02978965,4.437004677,5.561748866,0.0,0.571428571,15,0,1,0,3,3,1,0,1,0,0,1,2,0,3,3,4,2.8171,62.3484,0,0,0,1,0,0,0,0,0,0,0,0,1,3,0,0,0,0,0,0,0,0,0,0,3,0,0,1,0,1.0,80,1.0,0.0,720.0,33.3333,0.990113783,0.23554173949999999,0.9759768457857143,0
C[N+](C)(C)Cc1ccccc1,10,1,0,0,0,1,0.4,0.990092593,2.201388889,0.990092593,0.564733409,150.245,134.117,150.1277259,60,0.10374051,-0.327164983,0.327164983,0.10374051,1.0,1.545454545,2.0,15.2727943,10.18617015,2.059732163,-2.231752379,2.044948953,-2.326798315,5.127404025,-0.883503644,2.657660985,208.0644284,8.319990956,7.541071723,7.541071723,5.078298262,3.922105546,3.922105546,3.934036527,3.934036527,1.499740497,1.499740497,1.131142384,1.131142384,-0.82,244.8579632,8.278231827,3.054898793,3.190046349,68.86097673,4.483030858,6.544756406,0.0,0.0,0.0,0.0,0.0,0.0,0,0.0,30.33183534,0.0,5.563451492,21.14301595,4.483030858,0.0,0.0,0.0,6.544756406,21.14301595,35.89528683,0.0,0.0,0.0,0.0,0.0,25.62604681,6.544756406,0.0,5.563451492,30.33183534,0.0,0.0,0.0,0.0,0,0.0,0.0,11.02778726,5.563451492,0.0,0.0,51.47485129,0.0,0.990092593,0.0,0.0,1.402777778,0.0,10.57157407,0.0,1.098055556,6.604166667,0.4,11,0,1,0,0,0,1,0,1,0,0,1,2,0,0,0,1,1.8928,48.1784,0,0,0,1,0,0,0,0,0,0,0,0,1,0,0,0,0,0,0,0,0,0,0,0,0,0,0,1,0,1.0,80,1.0,0.0,0.0,0.0,0.7445308335,0.24762724886,0.9092085232799999,0
C[N+](C)(C)Cc1ccccc1,10,1,0,0,0,1,0.4,0.990092593,2.201388889,0.990092593,0.564733409,150.245,134.117,150.1277259,60,0.10374051,-0.327164983,0.327164983,0.10374051,1.0,1.545454545,2.0,15.2727943,10.18617015,2.059732163,-2.231752379,2.044948953,-2.326798315,5.127404025,-0.883503644,2.657660985,208.0644284,8.319990956,7.541071723,7.541071723,5.078298262,3.922105546,3.922105546,3.934036527,3.934036527,1.499740497,1.499740497,1.131142384,1.131142384,-0.82,244.8579632,8.278231827,3.054898793,3.190046349,68.86097673,4.483030858,6.544756406,0.0,0.0,0.0,0.0,0.0,0.0,0,0.0,30.33183534,0.0,5.563451492,21.14301595,4.483030858,0.0,0.0,0.0,6.544756406,21.14301595,35.89528683,0.0,0.0,0.0,0.0,0.0,25.62604681,6.544756406,0.0,5.563451492,30.33183534,0.0,0.0,0.0,0.0,0,0.0,0.0,11.02778726,5.563451492,0.0,0.0,51.47485129,0.0,0.990092593,0.0,0.0,1.402777778,0.0,10.57157407,0.0,1.098055556,6.604166667,0.4,11,0,1,0,0,0,1,0,1,0,0,1,2,0,0,0,1,1.8928,48.1784,0,0,0,1,0,0,0,0,0,0,0,0,1,0,0,0,0,0,0,0,0,0,0,0,0,0,0,1,0,1.0,80,1.0,0.0,120.0,24.4048,0.7445308335,0.24762724886,0.9092085232799999,0
C[N+](C)(C)Cc1ccccc1,10,1,0,0,0,1,0.4,0.990092593,2.201388889,0.990092593,0.564733409,150.245,134.117,150.1277259,60,0.10374051,-0.327164983,0.327164983,0.10374051,1.0,1.545454545,2.0,15.2727943,10.18617015,2.059732163,-2.231752379,2.044948953,-2.326798315,5.127404025,-0.883503644,2.657660985,208.0644284,8.319990956,7.541071723,7.541071723,5.078298262,3.922105546,3.922105546,3.934036527,3.934036527,1.499740497,1.499740497,1.131142384,1.131142384,-0.82,244.8579632,8.278231827,3.054898793,3.190046349,68.86097673,4.483030858,6.544756406,0.0,0.0,0.0,0.0,0.0,0.0,0,0.0,30.33183534,0.0,5.563451492,21.14301595,4.483030858,0.0,0.0,0.0,6.544756406,21.14301595,35.89528683,0.0,0.0,0.0,0.0,0.0,25.62604681,6.544756406,0.0,5.563451492,30.33183534,0.0,0.0,0.0,0.0,0,0.0,0.0,11.02778726,5.563451492,0.0,0.0,51.47485129,0.0,0.990092593,0.0,0.0,1.402777778,0.0,10.57157407,0.0,1.098055556,6.604166667,0.4,11,0,1,0,0,0,1,0,1,0,0,1,2,0,0,0,1,1.8928,48.1784,0,0,0,1,0,0,0,0,0,0,0,0,1,0,0,0,0,0,0,0,0,0,0,0,0,0,0,1,0,1.0,80,1.0,0.0,240.0,44.0476,0.7445308335,0.24762724886,0.9092085232799999,0
C[N+](C)(C)Cc1ccccc1,10,1,0,0,0,1,0.4,0.990092593,2.201388889,0.990092593,0.564733409,150.245,134.117,150.1277259,60,0.10374051,-0.327164983,0.327164983,0.10374051,1.0,1.545454545,2.0,15.2727943,10.18617015,2.059732163,-2.231752379,2.044948953,-2.326798315,5.127404025,-0.883503644,2.657660985,208.0644284,8.319990956,7.541071723,7.541071723,5.078298262,3.922105546,3.922105546,3.934036527,3.934036527,1.499740497,1.499740497,1.131142384,1.131142384,-0.82,244.8579632,8.278231827,3.054898793,3.190046349,68.86097673,4.483030858,6.544756406,0.0,0.0,0.0,0.0,0.0,0.0,0,0.0,30.33183534,0.0,5.563451492,21.14301595,4.483030858,0.0,0.0,0.0,6.544756406,21.14301595,35.89528683,0.0,0.0,0.0,0.0,0.0,25.62604681,6.544756406,0.0,5.563451492,30.33183534,0.0,0.0,0.0,0.0,0,0.0,0.0,11.02778726,5.563451492,0.0,0.0,51.47485129,0.0,0.990092593,0.0,0.0,1.402777778,0.0,10.57157407,0.0,1.098055556,6.604166667,0.4,11,0,1,0,0,0,1,0,1,0,0,1,2,0,0,0,1,1.8928,48.1784,0,0,0,1,0,0,0,0,0,0,0,0,1,0,0,0,0,0,0,0,0,0,0,0,0,0,0,1,0,1.0,80,1.0,0.0,360.0,71.4286,0.7445308335,0.24762724886,0.9092085232799999,0
C[N+](C)(C)Cc1ccccc1,10,1,0,0,0,1,0.4,0.990092593,2.201388889,0.990092593,0.564733409,150.245,134.117,150.1277259,60,0.10374051,-0.327164983,0.327164983,0.10374051,1.0,1.545454545,2.0,15.2727943,10.18617015,2.059732163,-2.231752379,2.044948953,-2.326798315,5.127404025,-0.883503644,2.657660985,208.0644284,8.319990956,7.541071723,7.541071723,5.078298262,3.922105546,3.922105546,3.934036527,3.934036527,1.499740497,1.499740497,1.131142384,1.131142384,-0.82,244.8579632,8.278231827,3.054898793,3.190046349,68.86097673,4.483030858,6.544756406,0.0,0.0,0.0,0.0,0.0,0.0,0,0.0,30.33183534,0.0,5.563451492,21.14301595,4.483030858,0.0,0.0,0.0,6.544756406,21.14301595,35.89528683,0.0,0.0,0.0,0.0,0.0,25.62604681,6.544756406,0.0,5.563451492,30.33183534,0.0,0.0,0.0,0.0,0,0.0,0.0,11.02778726,5.563451492,0.0,0.0,51.47485129,0.0,0.990092593,0.0,0.0,1.402777778,0.0,10.57157407,0.0,1.098055556,6.604166667,0.4,11,0,1,0,0,0,1,0,1,0,0,1,2,0,0,0,1,1.8928,48.1784,0,0,0,1,0,0,0,0,0,0,0,0,1,0,0,0,0,0,0,0,0,0,0,0,0,0,0,1,0,1.0,80,1.0,0.0,480.0,81.5476,0.7445308335,0.24762724886,0.9092085232799999,0
C[N+](C)(C)Cc1ccccc1,10,1,0,0,0,1,0.4,0.990092593,2.201388889,0.990092593,0.564733409,150.245,134.117,150.1277259,60,0.10374051,-0.327164983,0.327164983,0.10374051,1.0,1.545454545,2.0,15.2727943,10.18617015,2.059732163,-2.231752379,2.044948953,-2.326798315,5.127404025,-0.883503644,2.657660985,208.0644284,8.319990956,7.541071723,7.541071723,5.078298262,3.922105546,3.922105546,3.934036527,3.934036527,1.499740497,1.499740497,1.131142384,1.131142384,-0.82,244.8579632,8.278231827,3.054898793,3.190046349,68.86097673,4.483030858,6.544756406,0.0,0.0,0.0,0.0,0.0,0.0,0,0.0,30.33183534,0.0,5.563451492,21.14301595,4.483030858,0.0,0.0,0.0,6.544756406,21.14301595,35.89528683,0.0,0.0,0.0,0.0,0.0,25.62604681,6.544756406,0.0,5.563451492,30.33183534,0.0,0.0,0.0,0.0,0,0.0,0.0,11.02778726,5.563451492,0.0,0.0,51.47485129,0.0,0.990092593,0.0,0.0,1.402777778,0.0,10.57157407,0.0,1.098055556,6.604166667,0.4,11,0,1,0,0,0,1,0,1,0,0,1,2,0,0,0,1,1.8928,48.1784,0,0,0,1,0,0,0,0,0,0,0,0,1,0,0,0,0,0,0,0,0,0,0,0,0,0,0,1,0,1.0,80,1.0,0.0,600.0,85.119,0.7445308335,0.24762724886,0.9092085232799999,0
C[N+](C)(C)Cc1ccccc1,10,1,0,0,0,1,0.4,0.990092593,2.201388889,0.990092593,0.564733409,150.245,134.117,150.1277259,60,0.10374051,-0.327164983,0.327164983,0.10374051,1.0,1.545454545,2.0,15.2727943,10.18617015,2.059732163,-2.231752379,2.044948953,-2.326798315,5.127404025,-0.883503644,2.657660985,208.0644284,8.319990956,7.541071723,7.541071723,5.078298262,3.922105546,3.922105546,3.934036527,3.934036527,1.499740497,1.499740497,1.131142384,1.131142384,-0.82,244.8579632,8.278231827,3.054898793,3.190046349,68.86097673,4.483030858,6.544756406,0.0,0.0,0.0,0.0,0.0,0.0,0,0.0,30.33183534,0.0,5.563451492,21.14301595,4.483030858,0.0,0.0,0.0,6.544756406,21.14301595,35.89528683,0.0,0.0,0.0,0.0,0.0,25.62604681,6.544756406,0.0,5.563451492,30.33183534,0.0,0.0,0.0,0.0,0,0.0,0.0,11.02778726,5.563451492,0.0,0.0,51.47485129,0.0,0.990092593,0.0,0.0,1.402777778,0.0,10.57157407,0.0,1.098055556,6.604166667,0.4,11,0,1,0,0,0,1,0,1,0,0,1,2,0,0,0,1,1.8928,48.1784,0,0,0,1,0,0,0,0,0,0,0,0,1,0,0,0,0,0,0,0,0,0,0,0,0,0,0,1,0,1.0,80,1.0,0.0,720.0,89.881,0.7445308335,0.24762724886,0.9092085232799999,0
C1=CC=C(C[N+]23CCN(CC2)CC3)C=C1,13,2,0,0,0,1,0.538461538,1.244722222,2.602175926,1.244722222,0.65553645,203.309,184.157,203.154275,80,0.104470062,-0.316679545,0.316679545,0.104470062,0.933333333,1.533333333,2.133333333,15.44896566,10.08424963,2.375263615,-2.501729495,2.223023983,-2.661079096,5.131106462,-0.952859213,1.76429187,311.874569,10.13998191,9.230926005,9.230926005,7.363703305,5.977831355,5.977831355,4.997814409,4.997814409,4.03251729,4.03251729,2.939369551,2.939369551,-0.86,5345.348777,9.372017247,3.616646231,1.795061163,91.70397444,4.483030858,6.544756406,0.0,0.0,0.0,0.0,4.899909731,0.0,0,0.0,30.33183534,0.0,25.19772071,19.63426922,4.483030858,0.0,4.899909731,0.0,6.544756406,39.26853844,35.89528683,0.0,0.0,0.0,0.0,0.0,48.65147902,6.544756406,0.0,5.563451492,30.33183534,0.0,3.24,0.0,0.0,0,0.0,0.0,0.0,55.85977719,0.0,0.0,35.23174507,0.0,1.333842593,2.602175926,0.0,1.507268519,0.0,10.97351498,0.0,9.249864654,0.0,0.538461538,15,0,2,0,3,3,1,0,1,1,0,2,2,0,3,3,4,1.3326,61.4474,0,0,0,2,0,0,0,0,0,0,0,0,1,3,0,0,0,0,0,0,0,0,0,0,0,3,0,1,0,1.0,80,1.0,0.0,0.0,0.0,0.9651363996470589,0.2321001144117647,0.9781712168235295,0
C1=CC=C(C[N+]23CCN(CC2)CC3)C=C1,13,2,0,0,0,1,0.538461538,1.244722222,2.602175926,1.244722222,0.65553645,203.309,184.157,203.154275,80,0.104470062,-0.316679545,0.316679545,0.104470062,0.933333333,1.533333333,2.133333333,15.44896566,10.08424963,2.375263615,-2.501729495,2.223023983,-2.661079096,5.131106462,-0.952859213,1.76429187,311.874569,10.13998191,9.230926005,9.230926005,7.363703305,5.977831355,5.977831355,4.997814409,4.997814409,4.03251729,4.03251729,2.939369551,2.939369551,-0.86,5345.348777,9.372017247,3.616646231,1.795061163,91.70397444,4.483030858,6.544756406,0.0,0.0,0.0,0.0,4.899909731,0.0,0,0.0,30.33183534,0.0,25.19772071,19.63426922,4.483030858,0.0,4.899909731,0.0,6.544756406,39.26853844,35.89528683,0.0,0.0,0.0,0.0,0.0,48.65147902,6.544756406,0.0,5.563451492,30.33183534,0.0,3.24,0.0,0.0,0,0.0,0.0,0.0,55.85977719,0.0,0.0,35.23174507,0.0,1.333842593,2.602175926,0.0,1.507268519,0.0,10.97351498,0.0,9.249864654,0.0,0.538461538,15,0,2,0,3,3,1,0,1,1,0,2,2,0,3,3,4,1.3326,61.4474,0,0,0,2,0,0,0,0,0,0,0,0,1,3,0,0,0,0,0,0,0,0,0,0,0,3,0,1,0,1.0,80,1.0,0.0,120.0,65.4762,0.9651363996470589,0.2321001144117647,0.9781712168235295,0
C1=CC=C(C[N+]23CCN(CC2)CC3)C=C1,13,2,0,0,0,1,0.538461538,1.244722222,2.602175926,1.244722222,0.65553645,203.309,184.157,203.154275,80,0.104470062,-0.316679545,0.316679545,0.104470062,0.933333333,1.533333333,2.133333333,15.44896566,10.08424963,2.375263615,-2.501729495,2.223023983,-2.661079096,5.131106462,-0.952859213,1.76429187,311.874569,10.13998191,9.230926005,9.230926005,7.363703305,5.977831355,5.977831355,4.997814409,4.997814409,4.03251729,4.03251729,2.939369551,2.939369551,-0.86,5345.348777,9.372017247,3.616646231,1.795061163,91.70397444,4.483030858,6.544756406,0.0,0.0,0.0,0.0,4.899909731,0.0,0,0.0,30.33183534,0.0,25.19772071,19.63426922,4.483030858,0.0,4.899909731,0.0,6.544756406,39.26853844,35.89528683,0.0,0.0,0.0,0.0,0.0,48.65147902,6.544756406,0.0,5.563451492,30.33183534,0.0,3.24,0.0,0.0,0,0.0,0.0,0.0,55.85977719,0.0,0.0,35.23174507,0.0,1.333842593,2.602175926,0.0,1.507268519,0.0,10.97351498,0.0,9.249864654,0.0,0.538461538,15,0,2,0,3,3,1,0,1,1,0,2,2,0,3,3,4,1.3326,61.4474,0,0,0,2,0,0,0,0,0,0,0,0,1,3,0,0,0,0,0,0,0,0,0,0,0,3,0,1,0,1.0,80,1.0,0.0,240.0,76.7857,0.9651363996470589,0.2321001144117647,0.9781712168235295,0
C1=CC=C(C[N+]23CCN(CC2)CC3)C=C1,13,2,0,0,0,1,0.538461538,1.244722222,2.602175926,1.244722222,0.65553645,203.309,184.157,203.154275,80,0.104470062,-0.316679545,0.316679545,0.104470062,0.933333333,1.533333333,2.133333333,15.44896566,10.08424963,2.375263615,-2.501729495,2.223023983,-2.661079096,5.131106462,-0.952859213,1.76429187,311.874569,10.13998191,9.230926005,9.230926005,7.363703305,5.977831355,5.977831355,4.997814409,4.997814409,4.03251729,4.03251729,2.939369551,2.939369551,-0.86,5345.348777,9.372017247,3.616646231,1.795061163,91.70397444,4.483030858,6.544756406,0.0,0.0,0.0,0.0,4.899909731,0.0,0,0.0,30.33183534,0.0,25.19772071,19.63426922,4.483030858,0.0,4.899909731,0.0,6.544756406,39.26853844,35.89528683,0.0,0.0,0.0,0.0,0.0,48.65147902,6.544756406,0.0,5.563451492,30.33183534,0.0,3.24,0.0,0.0,0,0.0,0.0,0.0,55.85977719,0.0,0.0,35.23174507,0.0,1.333842593,2.602175926,0.0,1.507268519,0.0,10.97351498,0.0,9.249864654,0.0,0.538461538,15,0,2,0,3,3,1,0,1,1,0,2,2,0,3,3,4,1.3326,61.4474,0,0,0,2,0,0,0,0,0,0,0,0,1,3,0,0,0,0,0,0,0,0,0,0,0,3,0,1,0,1.0,80,1.0,0.0,360.0,83.3333,0.9651363996470589,0.2321001144117647,0.9781712168235295,0
C1=CC=C(C[N+]23CCN(CC2)CC3)C=C1,13,2,0,0,0,1,0.538461538,1.244722222,2.602175926,1.244722222,0.65553645,203.309,184.157,203.154275,80,0.104470062,-0.316679545,0.316679545,0.104470062,0.933333333,1.533333333,2.133333333,15.44896566,10.08424963,2.375263615,-2.501729495,2.223023983,-2.661079096,5.131106462,-0.952859213,1.76429187,311.874569,10.13998191,9.230926005,9.230926005,7.363703305,5.977831355,5.977831355,4.997814409,4.997814409,4.03251729,4.03251729,2.939369551,2.939369551,-0.86,5345.348777,9.372017247,3.616646231,1.795061163,91.70397444,4.483030858,6.544756406,0.0,0.0,0.0,0.0,4.899909731,0.0,0,0.0,30.33183534,0.0,25.19772071,19.63426922,4.483030858,0.0,4.899909731,0.0,6.544756406,39.26853844,35.89528683,0.0,0.0,0.0,0.0,0.0,48.65147902,6.544756406,0.0,5.563451492,30.33183534,0.0,3.24,0.0,0.0,0,0.0,0.0,0.0,55.85977719,0.0,0.0,35.23174507,0.0,1.333842593,2.602175926,0.0,1.507268519,0.0,10.97351498,0.0,9.249864654,0.0,0.538461538,15,0,2,0,3,3,1,0,1,1,0,2,2,0,3,3,4,1.3326,61.4474,0,0,0,2,0,0,0,0,0,0,0,0,1,3,0,0,0,0,0,0,0,0,0,0,0,3,0,1,0,1.0,80,1.0,0.0,480.0,89.881,0.9651363996470589,0.2321001144117647,0.9781712168235295,0
C1=CC=C(C[N+]23CCN(CC2)CC3)C=C1,13,2,0,0,0,1,0.538461538,1.244722222,2.602175926,1.244722222,0.65553645,203.309,184.157,203.154275,80,0.104470062,-0.316679545,0.316679545,0.104470062,0.933333333,1.533333333,2.133333333,15.44896566,10.08424963,2.375263615,-2.501729495,2.223023983,-2.661079096,5.131106462,-0.952859213,1.76429187,311.874569,10.13998191,9.230926005,9.230926005,7.363703305,5.977831355,5.977831355,4.997814409,4.997814409,4.03251729,4.03251729,2.939369551,2.939369551,-0.86,5345.348777,9.372017247,3.616646231,1.795061163,91.70397444,4.483030858,6.544756406,0.0,0.0,0.0,0.0,4.899909731,0.0,0,0.0,30.33183534,0.0,25.19772071,19.63426922,4.483030858,0.0,4.899909731,0.0,6.544756406,39.26853844,35.89528683,0.0,0.0,0.0,0.0,0.0,48.65147902,6.544756406,0.0,5.563451492,30.33183534,0.0,3.24,0.0,0.0,0,0.0,0.0,0.0,55.85977719,0.0,0.0,35.23174507,0.0,1.333842593,2.602175926,0.0,1.507268519,0.0,10.97351498,0.0,9.249864654,0.0,0.538461538,15,0,2,0,3,3,1,0,1,1,0,2,2,0,3,3,4,1.3326,61.4474,0,0,0,2,0,0,0,0,0,0,0,0,1,3,0,0,0,0,0,0,0,0,0,0,0,3,0,1,0,1.0,80,1.0,0.0,600.0,94.04762,0.9651363996470589,0.2321001144117647,0.9781712168235295,0
C1=CC=C(C[N+]23CCN(CC2)CC3)C=C1,13,2,0,0,0,1,0.538461538,1.244722222,2.602175926,1.244722222,0.65553645,203.309,184.157,203.154275,80,0.104470062,-0.316679545,0.316679545,0.104470062,0.933333333,1.533333333,2.133333333,15.44896566,10.08424963,2.375263615,-2.501729495,2.223023983,-2.661079096,5.131106462,-0.952859213,1.76429187,311.874569,10.13998191,9.230926005,9.230926005,7.363703305,5.977831355,5.977831355,4.997814409,4.997814409,4.03251729,4.03251729,2.939369551,2.939369551,-0.86,5345.348777,9.372017247,3.616646231,1.795061163,91.70397444,4.483030858,6.544756406,0.0,0.0,0.0,0.0,4.899909731,0.0,0,0.0,30.33183534,0.0,25.19772071,19.63426922,4.483030858,0.0,4.899909731,0.0,6.544756406,39.26853844,35.89528683,0.0,0.0,0.0,0.0,0.0,48.65147902,6.544756406,0.0,5.563451492,30.33183534,0.0,3.24,0.0,0.0,0,0.0,0.0,0.0,55.85977719,0.0,0.0,35.23174507,0.0,1.333842593,2.602175926,0.0,1.507268519,0.0,10.97351498,0.0,9.249864654,0.0,0.538461538,15,0,2,0,3,3,1,0,1,1,0,2,2,0,3,3,4,1.3326,61.4474,0,0,0,2,0,0,0,0,0,0,0,0,1,3,0,0,0,0,0,0,0,0,0,0,0,3,0,1,0,1.0,80,1.0,0.0,720.0,96.42857,0.9651363996470589,0.2321001144117647,0.9781712168235295,0
C[N+]1(CC2=CC=CC=C2)CCOCC1,12,1,1,0,0,1,0.5,0.906084892,5.386988379,0.906084892,0.647565219,192.282,174.138,192.1382906,76,0.104283596,-0.369749828,0.369749828,0.104283596,1.142857143,1.785714286,2.428571429,16.47834415,10.15729936,2.244762682,-2.371312018,2.134253376,-2.505882454,5.128997261,-0.929178498,2.020245375,277.6330203,9.855524862,8.777747138,8.777747138,6.785405043,5.237484156,5.237484156,4.322802165,4.322802165,2.958037977,2.958037977,1.966044777,1.966044777,-0.86,2070.989944,9.685764821,4.112493282,2.336715653,85.69857504,9.219893811,19.63426922,0.0,0.0,0.0,0.0,0.0,0.0,0,0.0,30.33183534,0.0,5.563451492,20.26143591,9.219893811,0.0,0.0,0.0,6.544756406,33.35094872,35.89528683,0.0,0.0,0.0,0.0,0.0,37.83397958,11.28161936,0.0,5.563451492,30.33183534,0.0,9.23,0.0,0.0,0,0.0,0.0,37.331064,5.563451492,0.0,0.0,37.37950732,4.736862954,6.502080971,0.0,0.0,1.427685185,0.0,10.71291667,0.0,5.208983844,2.315,0.5,14,0,2,0,1,1,1,0,1,1,0,2,2,0,1,1,2,1.6634,56.8834,0,0,0,1,0,0,0,1,0,0,0,0,1,0,1,0,0,0,0,1,0,0,0,0,0,0,0,1,0,1.0,80,1.0,0.0,0.0,0.0,0.8557200255,0.23321728007142856,0.9274373865000001,0
C[N+]1(CC2=CC=CC=C2)CCOCC1,12,1,1,0,0,1,0.5,0.906084892,5.386988379,0.906084892,0.647565219,192.282,174.138,192.1382906,76,0.104283596,-0.369749828,0.369749828,0.104283596,1.142857143,1.785714286,2.428571429,16.47834415,10.15729936,2.244762682,-2.371312018,2.134253376,-2.505882454,5.128997261,-0.929178498,2.020245375,277.6330203,9.855524862,8.777747138,8.777747138,6.785405043,5.237484156,5.237484156,4.322802165,4.322802165,2.958037977,2.958037977,1.966044777,1.966044777,-0.86,2070.989944,9.685764821,4.112493282,2.336715653,85.69857504,9.219893811,19.63426922,0.0,0.0,0.0,0.0,0.0,0.0,0,0.0,30.33183534,0.0,5.563451492,20.26143591,9.219893811,0.0,0.0,0.0,6.544756406,33.35094872,35.89528683,0.0,0.0,0.0,0.0,0.0,37.83397958,11.28161936,0.0,5.563451492,30.33183534,0.0,9.23,0.0,0.0,0,0.0,0.0,37.331064,5.563451492,0.0,0.0,37.37950732,4.736862954,6.502080971,0.0,0.0,1.427685185,0.0,10.71291667,0.0,5.208983844,2.315,0.5,14,0,2,0,1,1,1,0,1,1,0,2,2,0,1,1,2,1.6634,56.8834,0,0,0,1,0,0,0,1,0,0,0,0,1,0,1,0,0,0,0,1,0,0,0,0,0,0,0,1,0,1.0,80,1.0,0.0,120.0,60.119,0.8557200255,0.23321728007142856,0.9274373865000001,0
C[N+]1(CC2=CC=CC=C2)CCOCC1,12,1,1,0,0,1,0.5,0.906084892,5.386988379,0.906084892,0.647565219,192.282,174.138,192.1382906,76,0.104283596,-0.369749828,0.369749828,0.104283596,1.142857143,1.785714286,2.428571429,16.47834415,10.15729936,2.244762682,-2.371312018,2.134253376,-2.505882454,5.128997261,-0.929178498,2.020245375,277.6330203,9.855524862,8.777747138,8.777747138,6.785405043,5.237484156,5.237484156,4.322802165,4.322802165,2.958037977,2.958037977,1.966044777,1.966044777,-0.86,2070.989944,9.685764821,4.112493282,2.336715653,85.69857504,9.219893811,19.63426922,0.0,0.0,0.0,0.0,0.0,0.0,0,0.0,30.33183534,0.0,5.563451492,20.26143591,9.219893811,0.0,0.0,0.0,6.544756406,33.35094872,35.89528683,0.0,0.0,0.0,0.0,0.0,37.83397958,11.28161936,0.0,5.563451492,30.33183534,0.0,9.23,0.0,0.0,0,0.0,0.0,37.331064,5.563451492,0.0,0.0,37.37950732,4.736862954,6.502080971,0.0,0.0,1.427685185,0.0,10.71291667,0.0,5.208983844,2.315,0.5,14,0,2,0,1,1,1,0,1,1,0,2,2,0,1,1,2,1.6634,56.8834,0,0,0,1,0,0,0,1,0,0,0,0,1,0,1,0,0,0,0,1,0,0,0,0,0,0,0,1,0,1.0,80,1.0,0.0,240.0,97.02381,0.8557200255,0.23321728007142856,0.9274373865000001,0
C[N+]1(CC2=CC=CC=C2)CCOCC1,12,1,1,0,0,1,0.5,0.906084892,5.386988379,0.906084892,0.647565219,192.282,174.138,192.1382906,76,0.104283596,-0.369749828,0.369749828,0.104283596,1.142857143,1.785714286,2.428571429,16.47834415,10.15729936,2.244762682,-2.371312018,2.134253376,-2.505882454,5.128997261,-0.929178498,2.020245375,277.6330203,9.855524862,8.777747138,8.777747138,6.785405043,5.237484156,5.237484156,4.322802165,4.322802165,2.958037977,2.958037977,1.966044777,1.966044777,-0.86,2070.989944,9.685764821,4.112493282,2.336715653,85.69857504,9.219893811,19.63426922,0.0,0.0,0.0,0.0,0.0,0.0,0,0.0,30.33183534,0.0,5.563451492,20.26143591,9.219893811,0.0,0.0,0.0,6.544756406,33.35094872,35.89528683,0.0,0.0,0.0,0.0,0.0,37.83397958,11.28161936,0.0,5.563451492,30.33183534,0.0,9.23,0.0,0.0,0,0.0,0.0,37.331064,5.563451492,0.0,0.0,37.37950732,4.736862954,6.502080971,0.0,0.0,1.427685185,0.0,10.71291667,0.0,5.208983844,2.315,0.5,14,0,2,0,1,1,1,0,1,1,0,2,2,0,1,1,2,1.6634,56.8834,0,0,0,1,0,0,0,1,0,0,0,0,1,0,1,0,0,0,0,1,0,0,0,0,0,0,0,1,0,1.0,80,1.0,0.0,360.0,100.0,0.8557200255,0.23321728007142856,0.9274373865000001,0
C[N+]1(CC2=CC=CC=C2)CCOCC1,12,1,1,0,0,1,0.5,0.906084892,5.386988379,0.906084892,0.647565219,192.282,174.138,192.1382906,76,0.104283596,-0.369749828,0.369749828,0.104283596,1.142857143,1.785714286,2.428571429,16.47834415,10.15729936,2.244762682,-2.371312018,2.134253376,-2.505882454,5.128997261,-0.929178498,2.020245375,277.6330203,9.855524862,8.777747138,8.777747138,6.785405043,5.237484156,5.237484156,4.322802165,4.322802165,2.958037977,2.958037977,1.966044777,1.966044777,-0.86,2070.989944,9.685764821,4.112493282,2.336715653,85.69857504,9.219893811,19.63426922,0.0,0.0,0.0,0.0,0.0,0.0,0,0.0,30.33183534,0.0,5.563451492,20.26143591,9.219893811,0.0,0.0,0.0,6.544756406,33.35094872,35.89528683,0.0,0.0,0.0,0.0,0.0,37.83397958,11.28161936,0.0,5.563451492,30.33183534,0.0,9.23,0.0,0.0,0,0.0,0.0,37.331064,5.563451492,0.0,0.0,37.37950732,4.736862954,6.502080971,0.0,0.0,1.427685185,0.0,10.71291667,0.0,5.208983844,2.315,0.5,14,0,2,0,1,1,1,0,1,1,0,2,2,0,1,1,2,1.6634,56.8834,0,0,0,1,0,0,0,1,0,0,0,0,1,0,1,0,0,0,0,1,0,0,0,0,0,0,0,1,0,1.0,80,1.0,0.0,480.0,100.0,0.8557200255,0.23321728007142856,0.9274373865000001,0
C[N+]1(CC2=CC=CC=C2)CCOCC1,12,1,1,0,0,1,0.5,0.906084892,5.386988379,0.906084892,0.647565219,192.282,174.138,192.1382906,76,0.104283596,-0.369749828,0.369749828,0.104283596,1.142857143,1.785714286,2.428571429,16.47834415,10.15729936,2.244762682,-2.371312018,2.134253376,-2.505882454,5.128997261,-0.929178498,2.020245375,277.6330203,9.855524862,8.777747138,8.777747138,6.785405043,5.237484156,5.237484156,4.322802165,4.322802165,2.958037977,2.958037977,1.966044777,1.966044777,-0.86,2070.989944,9.685764821,4.112493282,2.336715653,85.69857504,9.219893811,19.63426922,0.0,0.0,0.0,0.0,0.0,0.0,0,0.0,30.33183534,0.0,5.563451492,20.26143591,9.219893811,0.0,0.0,0.0,6.544756406,33.35094872,35.89528683,0.0,0.0,0.0,0.0,0.0,37.83397958,11.28161936,0.0,5.563451492,30.33183534,0.0,9.23,0.0,0.0,0,0.0,0.0,37.331064,5.563451492,0.0,0.0,37.37950732,4.736862954,6.502080971,0.0,0.0,1.427685185,0.0,10.71291667,0.0,5.208983844,2.315,0.5,14,0,2,0,1,1,1,0,1,1,0,2,2,0,1,1,2,1.6634,56.8834,0,0,0,1,0,0,0,1,0,0,0,0,1,0,1,0,0,0,0,1,0,0,0,0,0,0,0,1,0,1.0,80,1.0,0.0,600.0,100.0,0.8557200255,0.23321728007142856,0.9274373865000001,0
C[N+]1(CC2=CC=CC=C2)CCOCC1,12,1,1,0,0,1,0.5,0.906084892,5.386988379,0.906084892,0.647565219,192.282,174.138,192.1382906,76,0.104283596,-0.369749828,0.369749828,0.104283596,1.142857143,1.785714286,2.428571429,16.47834415,10.15729936,2.244762682,-2.371312018,2.134253376,-2.505882454,5.128997261,-0.929178498,2.020245375,277.6330203,9.855524862,8.777747138,8.777747138,6.785405043,5.237484156,5.237484156,4.322802165,4.322802165,2.958037977,2.958037977,1.966044777,1.966044777,-0.86,2070.989944,9.685764821,4.112493282,2.336715653,85.69857504,9.219893811,19.63426922,0.0,0.0,0.0,0.0,0.0,0.0,0,0.0,30.33183534,0.0,5.563451492,20.26143591,9.219893811,0.0,0.0,0.0,6.544756406,33.35094872,35.89528683,0.0,0.0,0.0,0.0,0.0,37.83397958,11.28161936,0.0,5.563451492,30.33183534,0.0,9.23,0.0,0.0,0,0.0,0.0,37.331064,5.563451492,0.0,0.0,37.37950732,4.736862954,6.502080971,0.0,0.0,1.427685185,0.0,10.71291667,0.0,5.208983844,2.315,0.5,14,0,2,0,1,1,1,0,1,1,0,2,2,0,1,1,2,1.6634,56.8834,0,0,0,1,0,0,0,1,0,0,0,0,1,0,1,0,0,0,0,1,0,0,0,0,0,0,0,1,0,1.0,80,1.0,0.0,720.0,100.0,0.8557200255,0.23321728007142856,0.9274373865000001,0
C[N+](CC1=CC=CC=C1)(C1CCCCC1)C1CCCCC1,20,1,0,0,0,1,0.7,0.904681595,2.582314815,0.904681595,0.658956645,286.483,254.227,286.2529264,116,0.104568911,-0.317444723,0.317444723,0.104568911,0.761904762,1.238095238,1.714285714,15.37971364,9.855388566,2.403788439,-2.497648089,2.36388754,-2.585625422,5.131819873,-0.970594792,1.81282942,394.7243718,14.54575931,13.76684007,13.76684007,10.28864169,9.177069296,9.177069296,7.574225453,7.574225453,6.183809402,6.183809402,4.874919793,4.874919793,-0.82,101228.0078,15.09021001,6.959818109,3.5065098,130.4987356,4.483030858,6.544756406,0.0,0.0,0.0,0.0,0.0,0.0,0,0.0,43.17347859,51.36657298,5.563451492,19.13135364,4.483030858,0.0,0.0,0.0,82.83665429,7.047671983,35.89528683,0.0,0.0,0.0,0.0,0.0,23.6143845,6.544756406,0.0,69.77166772,30.33183534,0.0,0.0,0.0,0.0,0,0.0,0.0,12.08368166,80.79945498,0.0,0.0,37.37950732,0.0,1.323425926,0.0,0.0,1.538099017,0.0,13.04764802,14.59564185,1.246203704,2.582314815,0.7,21,0,1,2,0,2,1,0,1,0,0,1,4,2,0,2,3,5.2986,90.0764,0,0,0,1,0,0,0,0,0,0,0,0,1,0,0,0,0,0,0,0,0,0,0,0,0,0,0,1,0,1.0,80,1.0,0.0,0.0,0.0,1.0478314722142856,0.44646762807142854,0.7224603951428571,0
C[N+](CC1=CC=CC=C1)(C1CCCCC1)C1CCCCC1,20,1,0,0,0,1,0.7,0.904681595,2.582314815,0.904681595,0.658956645,286.483,254.227,286.2529264,116,0.104568911,-0.317444723,0.317444723,0.104568911,0.761904762,1.238095238,1.714285714,15.37971364,9.855388566,2.403788439,-2.497648089,2.36388754,-2.585625422,5.131819873,-0.970594792,1.81282942,394.7243718,14.54575931,13.76684007,13.76684007,10.28864169,9.177069296,9.177069296,7.574225453,7.574225453,6.183809402,6.183809402,4.874919793,4.874919793,-0.82,101228.0078,15.09021001,6.959818109,3.5065098,130.4987356,4.483030858,6.544756406,0.0,0.0,0.0,0.0,0.0,0.0,0,0.0,43.17347859,51.36657298,5.563451492,19.13135364,4.483030858,0.0,0.0,0.0,82.83665429,7.047671983,35.89528683,0.0,0.0,0.0,0.0,0.0,23.6143845,6.544756406,0.0,69.77166772,30.33183534,0.0,0.0,0.0,0.0,0,0.0,0.0,12.08368166,80.79945498,0.0,0.0,37.37950732,0.0,1.323425926,0.0,0.0,1.538099017,0.0,13.04764802,14.59564185,1.246203704,2.582314815,0.7,21,0,1,2,0,2,1,0,1,0,0,1,4,2,0,2,3,5.2986,90.0764,0,0,0,1,0,0,0,0,0,0,0,0,1,0,0,0,0,0,0,0,0,0,0,0,0,0,0,1,0,1.0,80,1.0,0.0,120.0,100.0,1.0478314722142856,0.44646762807142854,0.7224603951428571,0
C[N+](CC1=CC=CC=C1)(C1CCCCC1)C1CCCCC1,20,1,0,0,0,1,0.7,0.904681595,2.582314815,0.904681595,0.658956645,286.483,254.227,286.2529264,116,0.104568911,-0.317444723,0.317444723,0.104568911,0.761904762,1.238095238,1.714285714,15.37971364,9.855388566,2.403788439,-2.497648089,2.36388754,-2.585625422,5.131819873,-0.970594792,1.81282942,394.7243718,14.54575931,13.76684007,13.76684007,10.28864169,9.177069296,9.177069296,7.574225453,7.574225453,6.183809402,6.183809402,4.874919793,4.874919793,-0.82,101228.0078,15.09021001,6.959818109,3.5065098,130.4987356,4.483030858,6.544756406,0.0,0.0,0.0,0.0,0.0,0.0,0,0.0,43.17347859,51.36657298,5.563451492,19.13135364,4.483030858,0.0,0.0,0.0,82.83665429,7.047671983,35.89528683,0.0,0.0,0.0,0.0,0.0,23.6143845,6.544756406,0.0,69.77166772,30.33183534,0.0,0.0,0.0,0.0,0,0.0,0.0,12.08368166,80.79945498,0.0,0.0,37.37950732,0.0,1.323425926,0.0,0.0,1.538099017,0.0,13.04764802,14.59564185,1.246203704,2.582314815,0.7,21,0,1,2,0,2,1,0,1,0,0,1,4,2,0,2,3,5.2986,90.0764,0,0,0,1,0,0,0,0,0,0,0,0,1,0,0,0,0,0,0,0,0,0,0,0,0,0,0,1,0,1.0,80,1.0,0.0,240.0,100.0,1.0478314722142856,0.44646762807142854,0.7224603951428571,0
C[N+](CC1=CC=CC=C1)(C1CCCCC1)C1CCCCC1,20,1,0,0,0,1,0.7,0.904681595,2.582314815,0.904681595,0.658956645,286.483,254.227,286.2529264,116,0.104568911,-0.317444723,0.317444723,0.104568911,0.761904762,1.238095238,1.714285714,15.37971364,9.855388566,2.403788439,-2.497648089,2.36388754,-2.585625422,5.131819873,-0.970594792,1.81282942,394.7243718,14.54575931,13.76684007,13.76684007,10.28864169,9.177069296,9.177069296,7.574225453,7.574225453,6.183809402,6.183809402,4.874919793,4.874919793,-0.82,101228.0078,15.09021001,6.959818109,3.5065098,130.4987356,4.483030858,6.544756406,0.0,0.0,0.0,0.0,0.0,0.0,0,0.0,43.17347859,51.36657298,5.563451492,19.13135364,4.483030858,0.0,0.0,0.0,82.83665429,7.047671983,35.89528683,0.0,0.0,0.0,0.0,0.0,23.6143845,6.544756406,0.0,69.77166772,30.33183534,0.0,0.0,0.0,0.0,0,0.0,0.0,12.08368166,80.79945498,0.0,0.0,37.37950732,0.0,1.323425926,0.0,0.0,1.538099017,0.0,13.04764802,14.59564185,1.246203704,2.582314815,0.7,21,0,1,2,0,2,1,0,1,0,0,1,4,2,0,2,3,5.2986,90.0764,0,0,0,1,0,0,0,0,0,0,0,0,1,0,0,0,0,0,0,0,0,0,0,0,0,0,0,1,0,1.0,80,1.0,0.0,360.0,100.0,1.0478314722142856,0.44646762807142854,0.7224603951428571,0
C[N+](CC1=CC=CC=C1)(C1CCCCC1)C1CCCCC1,20,1,0,0,0,1,0.7,0.904681595,2.582314815,0.904681595,0.658956645,286.483,254.227,286.2529264,116,0.104568911,-0.317444723,0.317444723,0.104568911,0.761904762,1.238095238,1.714285714,15.37971364,9.855388566,2.403788439,-2.497648089,2.36388754,-2.585625422,5.131819873,-0.970594792,1.81282942,394.7243718,14.54575931,13.76684007,13.76684007,10.28864169,9.177069296,9.177069296,7.574225453,7.574225453,6.183809402,6.183809402,4.874919793,4.874919793,-0.82,101228.0078,15.09021001,6.959818109,3.5065098,130.4987356,4.483030858,6.544756406,0.0,0.0,0.0,0.0,0.0,0.0,0,0.0,43.17347859,51.36657298,5.563451492,19.13135364,4.483030858,0.0,0.0,0.0,82.83665429,7.047671983,35.89528683,0.0,0.0,0.0,0.0,0.0,23.6143845,6.544756406,0.0,69.77166772,30.33183534,0.0,0.0,0.0,0.0,0,0.0,0.0,12.08368166,80.79945498,0.0,0.0,37.37950732,0.0,1.323425926,0.0,0.0,1.538099017,0.0,13.04764802,14.59564185,1.246203704,2.582314815,0.7,21,0,1,2,0,2,1,0,1,0,0,1,4,2,0,2,3,5.2986,90.0764,0,0,0,1,0,0,0,0,0,0,0,0,1,0,0,0,0,0,0,0,0,0,0,0,0,0,0,1,0,1.0,80,1.0,0.0,480.0,100.0,1.0478314722142856,0.44646762807142854,0.7224603951428571,0
C[N+](CC1=CC=CC=C1)(C1CCCCC1)C1CCCCC1,20,1,0,0,0,1,0.7,0.904681595,2.582314815,0.904681595,0.658956645,286.483,254.227,286.2529264,116,0.104568911,-0.317444723,0.317444723,0.104568911,0.761904762,1.238095238,1.714285714,15.37971364,9.855388566,2.403788439,-2.497648089,2.36388754,-2.585625422,5.131819873,-0.970594792,1.81282942,394.7243718,14.54575931,13.76684007,13.76684007,10.28864169,9.177069296,9.177069296,7.574225453,7.574225453,6.183809402,6.183809402,4.874919793,4.874919793,-0.82,101228.0078,15.09021001,6.959818109,3.5065098,130.4987356,4.483030858,6.544756406,0.0,0.0,0.0,0.0,0.0,0.0,0,0.0,43.17347859,51.36657298,5.563451492,19.13135364,4.483030858,0.0,0.0,0.0,82.83665429,7.047671983,35.89528683,0.0,0.0,0.0,0.0,0.0,23.6143845,6.544756406,0.0,69.77166772,30.33183534,0.0,0.0,0.0,0.0,0,0.0,0.0,12.08368166,80.79945498,0.0,0.0,37.37950732,0.0,1.323425926,0.0,0.0,1.538099017,0.0,13.04764802,14.59564185,1.246203704,2.582314815,0.7,21,0,1,2,0,2,1,0,1,0,0,1,4,2,0,2,3,5.2986,90.0764,0,0,0,1,0,0,0,0,0,0,0,0,1,0,0,0,0,0,0,0,0,0,0,0,0,0,0,1,0,1.0,80,1.0,0.0,600.0,100.0,1.0478314722142856,0.44646762807142854,0.7224603951428571,0
C[N+](CC1=CC=CC=C1)(C1CCCCC1)C1CCCCC1,20,1,0,0,0,1,0.7,0.904681595,2.582314815,0.904681595,0.658956645,286.483,254.227,286.2529264,116,0.104568911,-0.317444723,0.317444723,0.104568911,0.761904762,1.238095238,1.714285714,15.37971364,9.855388566,2.403788439,-2.497648089,2.36388754,-2.585625422,5.131819873,-0.970594792,1.81282942,394.7243718,14.54575931,13.76684007,13.76684007,10.28864169,9.177069296,9.177069296,7.574225453,7.574225453,6.183809402,6.183809402,4.874919793,4.874919793,-0.82,101228.0078,15.09021001,6.959818109,3.5065098,130.4987356,4.483030858,6.544756406,0.0,0.0,0.0,0.0,0.0,0.0,0,0.0,43.17347859,51.36657298,5.563451492,19.13135364,4.483030858,0.0,0.0,0.0,82.83665429,7.047671983,35.89528683,0.0,0.0,0.0,0.0,0.0,23.6143845,6.544756406,0.0,69.77166772,30.33183534,0.0,0.0,0.0,0.0,0,0.0,0.0,12.08368166,80.79945498,0.0,0.0,37.37950732,0.0,1.323425926,0.0,0.0,1.538099017,0.0,13.04764802,14.59564185,1.246203704,2.582314815,0.7,21,0,1,2,0,2,1,0,1,0,0,1,4,2,0,2,3,5.2986,90.0764,0,0,0,1,0,0,0,0,0,0,0,0,1,0,0,0,0,0,0,0,0,0,0,0,0,0,0,1,0,1.0,80,1.0,0.0,720.0,100.0,1.0478314722142856,0.44646762807142854,0.7224603951428571,0
CCCCCC[N+]1(C)CCCCC1,12,1,0,0,0,2,1.0,1.364795918,2.449509637,1.364795918,0.45452419,184.347,158.139,184.2059763,78,0.078410105,-0.326043797,0.326043797,0.078410105,0.923076923,1.615384615,2.230769231,15.32644506,10.07475974,2.228164445,-2.374498613,2.16970974,-2.478573043,4.517664561,-0.913785731,2.099065207,125.0861663,9.571067812,9.518281407,9.518281407,6.267766953,6.103003675,6.103003675,4.911644428,4.911644428,3.447398731,3.447398731,2.419535826,2.419535826,-0.04,915.5309026,11.03716049,5.640096231,4.124755028,83.71758829,4.483030858,0.0,0.0,0.0,0.0,0.0,0.0,0.0,0,0.0,19.76538045,32.10410811,0.0,26.6819412,4.483030858,0.0,0.0,0.0,51.86948856,26.6819412,0.0,0.0,0.0,0.0,0.0,0.0,31.16497206,0.0,0.0,51.86948856,0.0,0.0,0.0,0.0,0.0,0,0.0,0.0,0.0,69.06305144,0.0,0.0,13.97140918,0.0,1.364795918,0.0,0.0,0.0,0.0,0.0,10.09300579,6.59268865,2.449509637,1.0,13,0,1,0,1,1,0,0,0,0,0,1,5,0,1,1,1,3.1972,58.7784,0,0,0,1,0,0,0,0,1,0,0,0,0,0,0,0,0,0,0,0,0,0,0,0,1,0,0,1,2,1.0,80,1.0,0.0,0.0,0.0,0.862503364,0.1607697407142857,0.9606847362857144,0
CCCCCC[N+]1(C)CCCCC1,12,1,0,0,0,2,1.0,1.364795918,2.449509637,1.364795918,0.45452419,184.347,158.139,184.2059763,78,0.078410105,-0.326043797,0.326043797,0.078410105,0.923076923,1.615384615,2.230769231,15.32644506,10.07475974,2.228164445,-2.374498613,2.16970974,-2.478573043,4.517664561,-0.913785731,2.099065207,125.0861663,9.571067812,9.518281407,9.518281407,6.267766953,6.103003675,6.103003675,4.911644428,4.911644428,3.447398731,3.447398731,2.419535826,2.419535826,-0.04,915.5309026,11.03716049,5.640096231,4.124755028,83.71758829,4.483030858,0.0,0.0,0.0,0.0,0.0,0.0,0.0,0,0.0,19.76538045,32.10410811,0.0,26.6819412,4.483030858,0.0,0.0,0.0,51.86948856,26.6819412,0.0,0.0,0.0,0.0,0.0,0.0,31.16497206,0.0,0.0,51.86948856,0.0,0.0,0.0,0.0,0.0,0,0.0,0.0,0.0,69.06305144,0.0,0.0,13.97140918,0.0,1.364795918,0.0,0.0,0.0,0.0,0.0,10.09300579,6.59268865,2.449509637,1.0,13,0,1,0,1,1,0,0,0,0,0,1,5,0,1,1,1,3.1972,58.7784,0,0,0,1,0,0,0,0,1,0,0,0,0,0,0,0,0,0,0,0,0,0,0,0,1,0,0,1,2,1.0,80,1.0,0.0,120.0,0.1,0.862503364,0.1607697407142857,0.9606847362857144,0
CCCCCC[N+]1(C)CCCCC1,12,1,0,0,0,2,1.0,1.364795918,2.449509637,1.364795918,0.45452419,184.347,158.139,184.2059763,78,0.078410105,-0.326043797,0.326043797,0.078410105,0.923076923,1.615384615,2.230769231,15.32644506,10.07475974,2.228164445,-2.374498613,2.16970974,-2.478573043,4.517664561,-0.913785731,2.099065207,125.0861663,9.571067812,9.518281407,9.518281407,6.267766953,6.103003675,6.103003675,4.911644428,4.911644428,3.447398731,3.447398731,2.419535826,2.419535826,-0.04,915.5309026,11.03716049,5.640096231,4.124755028,83.71758829,4.483030858,0.0,0.0,0.0,0.0,0.0,0.0,0.0,0,0.0,19.76538045,32.10410811,0.0,26.6819412,4.483030858,0.0,0.0,0.0,51.86948856,26.6819412,0.0,0.0,0.0,0.0,0.0,0.0,31.16497206,0.0,0.0,51.86948856,0.0,0.0,0.0,0.0,0.0,0,0.0,0.0,0.0,69.06305144,0.0,0.0,13.97140918,0.0,1.364795918,0.0,0.0,0.0,0.0,0.0,10.09300579,6.59268865,2.449509637,1.0,13,0,1,0,1,1,0,0,0,0,0,1,5,0,1,1,1,3.1972,58.7784,0,0,0,1,0,0,0,0,1,0,0,0,0,0,0,0,0,0,0,0,0,0,0,0,1,0,0,1,2,1.0,80,1.0,0.0,240.0,0.5988,0.862503364,0.1607697407142857,0.9606847362857144,0
CCCCCC[N+]1(C)CCCCC1,12,1,0,0,0,2,1.0,1.364795918,2.449509637,1.364795918,0.45452419,184.347,158.139,184.2059763,78,0.078410105,-0.326043797,0.326043797,0.078410105,0.923076923,1.615384615,2.230769231,15.32644506,10.07475974,2.228164445,-2.374498613,2.16970974,-2.478573043,4.517664561,-0.913785731,2.099065207,125.0861663,9.571067812,9.518281407,9.518281407,6.267766953,6.103003675,6.103003675,4.911644428,4.911644428,3.447398731,3.447398731,2.419535826,2.419535826,-0.04,915.5309026,11.03716049,5.640096231,4.124755028,83.71758829,4.483030858,0.0,0.0,0.0,0.0,0.0,0.0,0.0,0,0.0,19.76538045,32.10410811,0.0,26.6819412,4.483030858,0.0,0.0,0.0,51.86948856,26.6819412,0.0,0.0,0.0,0.0,0.0,0.0,31.16497206,0.0,0.0,51.86948856,0.0,0.0,0.0,0.0,0.0,0,0.0,0.0,0.0,69.06305144,0.0,0.0,13.97140918,0.0,1.364795918,0.0,0.0,0.0,0.0,0.0,10.09300579,6.59268865,2.449509637,1.0,13,0,1,0,1,1,0,0,0,0,0,1,5,0,1,1,1,3.1972,58.7784,0,0,0,1,0,0,0,0,1,0,0,0,0,0,0,0,0,0,0,0,0,0,0,0,1,0,0,1,2,1.0,80,1.0,0.0,360.0,0.5988,0.862503364,0.1607697407142857,0.9606847362857144,0
CCCCCC[N+]1(C)CCCCC1,12,1,0,0,0,2,1.0,1.364795918,2.449509637,1.364795918,0.45452419,184.347,158.139,184.2059763,78,0.078410105,-0.326043797,0.326043797,0.078410105,0.923076923,1.615384615,2.230769231,15.32644506,10.07475974,2.228164445,-2.374498613,2.16970974,-2.478573043,4.517664561,-0.913785731,2.099065207,125.0861663,9.571067812,9.518281407,9.518281407,6.267766953,6.103003675,6.103003675,4.911644428,4.911644428,3.447398731,3.447398731,2.419535826,2.419535826,-0.04,915.5309026,11.03716049,5.640096231,4.124755028,83.71758829,4.483030858,0.0,0.0,0.0,0.0,0.0,0.0,0.0,0,0.0,19.76538045,32.10410811,0.0,26.6819412,4.483030858,0.0,0.0,0.0,51.86948856,26.6819412,0.0,0.0,0.0,0.0,0.0,0.0,31.16497206,0.0,0.0,51.86948856,0.0,0.0,0.0,0.0,0.0,0,0.0,0.0,0.0,69.06305144,0.0,0.0,13.97140918,0.0,1.364795918,0.0,0.0,0.0,0.0,0.0,10.09300579,6.59268865,2.449509637,1.0,13,0,1,0,1,1,0,0,0,0,0,1,5,0,1,1,1,3.1972,58.7784,0,0,0,1,0,0,0,0,1,0,0,0,0,0,0,0,0,0,0,0,0,0,0,0,1,0,0,1,2,1.0,80,1.0,0.0,480.0,0.5988,0.862503364,0.1607697407142857,0.9606847362857144,0
CCCCCC[N+]1(C)CCCCC1,12,1,0,0,0,2,1.0,1.364795918,2.449509637,1.364795918,0.45452419,184.347,158.139,184.2059763,78,0.078410105,-0.326043797,0.326043797,0.078410105,0.923076923,1.615384615,2.230769231,15.32644506,10.07475974,2.228164445,-2.374498613,2.16970974,-2.478573043,4.517664561,-0.913785731,2.099065207,125.0861663,9.571067812,9.518281407,9.518281407,6.267766953,6.103003675,6.103003675,4.911644428,4.911644428,3.447398731,3.447398731,2.419535826,2.419535826,-0.04,915.5309026,11.03716049,5.640096231,4.124755028,83.71758829,4.483030858,0.0,0.0,0.0,0.0,0.0,0.0,0.0,0,0.0,19.76538045,32.10410811,0.0,26.6819412,4.483030858,0.0,0.0,0.0,51.86948856,26.6819412,0.0,0.0,0.0,0.0,0.0,0.0,31.16497206,0.0,0.0,51.86948856,0.0,0.0,0.0,0.0,0.0,0,0.0,0.0,0.0,69.06305144,0.0,0.0,13.97140918,0.0,1.364795918,0.0,0.0,0.0,0.0,0.0,10.09300579,6.59268865,2.449509637,1.0,13,0,1,0,1,1,0,0,0,0,0,1,5,0,1,1,1,3.1972,58.7784,0,0,0,1,0,0,0,0,1,0,0,0,0,0,0,0,0,0,0,0,0,0,0,0,1,0,0,1,2,1.0,80,1.0,0.0,600.0,1.7964,0.862503364,0.1607697407142857,0.9606847362857144,0
CCCCCC[N+]1(C)CCCCC1,12,1,0,0,0,2,1.0,1.364795918,2.449509637,1.364795918,0.45452419,184.347,158.139,184.2059763,78,0.078410105,-0.326043797,0.326043797,0.078410105,0.923076923,1.615384615,2.230769231,15.32644506,10.07475974,2.228164445,-2.374498613,2.16970974,-2.478573043,4.517664561,-0.913785731,2.099065207,125.0861663,9.571067812,9.518281407,9.518281407,6.267766953,6.103003675,6.103003675,4.911644428,4.911644428,3.447398731,3.447398731,2.419535826,2.419535826,-0.04,915.5309026,11.03716049,5.640096231,4.124755028,83.71758829,4.483030858,0.0,0.0,0.0,0.0,0.0,0.0,0.0,0,0.0,19.76538045,32.10410811,0.0,26.6819412,4.483030858,0.0,0.0,0.0,51.86948856,26.6819412,0.0,0.0,0.0,0.0,0.0,0.0,31.16497206,0.0,0.0,51.86948856,0.0,0.0,0.0,0.0,0.0,0,0.0,0.0,0.0,69.06305144,0.0,0.0,13.97140918,0.0,1.364795918,0.0,0.0,0.0,0.0,0.0,10.09300579,6.59268865,2.449509637,1.0,13,0,1,0,1,1,0,0,0,0,0,1,5,0,1,1,1,3.1972,58.7784,0,0,0,1,0,0,0,0,1,0,0,0,0,0,0,0,0,0,0,0,0,0,0,0,1,0,0,1,2,1.0,80,1.0,0.0,720.0,1.7964,0.862503364,0.1607697407142857,0.9606847362857144,0
CCCC[N+](CCCC)(CCCC)CCCC,16,1,0,0,0,1,1.0,1.3515625,2.327521967,1.3515625,0.422302576,242.471,206.183,242.2842266,104,0.078602814,-0.32360968,0.32360968,0.078602814,0.470588235,0.705882353,0.882352941,15.34445526,10.12017555,2.241137643,-2.390426672,2.159334253,-2.502893849,4.487663018,-0.928665861,4.391491248,116.0943933,12.98528137,12.93249497,12.93249497,8.242640687,8.093338189,8.093338189,5.65028154,5.65028154,3.944035691,3.944035691,2.644916712,2.644916712,-0.04,5034.904379,16.96,11.07346174,7.806972502,110.1831879,4.483030858,0.0,0.0,0.0,0.0,0.0,0.0,0.0,0,0.0,53.37823529,25.68328649,0.0,26.17902562,4.483030858,0.0,0.0,0.0,79.06152178,26.17902562,0.0,0.0,0.0,0.0,0.0,0.0,30.66205648,0.0,0.0,79.06152178,0.0,0.0,0.0,0.0,0.0,0,0.0,0.0,0.0,82.02862946,0.0,0.0,27.6949488,0.0,1.42,0.0,0.0,0.0,0.0,0.0,11.0615788,15.0184212,0.0,1.0,17,0,1,0,0,0,0,0,0,0,0,1,12,0,0,0,0,5.0036,79.3604,0,0,0,1,0,0,0,0,0,0,0,0,0,0,0,0,0,0,0,0,0,0,0,0,0,0,0,1,0,1.0,80,1.0,0.0,0.0,0.0,1.3448832012142857,0.5802716845000001,0.8730359752857143,0
CCCC[N+](CCCC)(CCCC)CCCC,16,1,0,0,0,1,1.0,1.3515625,2.327521967,1.3515625,0.422302576,242.471,206.183,242.2842266,104,0.078602814,-0.32360968,0.32360968,0.078602814,0.470588235,0.705882353,0.882352941,15.34445526,10.12017555,2.241137643,-2.390426672,2.159334253,-2.502893849,4.487663018,-0.928665861,4.391491248,116.0943933,12.98528137,12.93249497,12.93249497,8.242640687,8.093338189,8.093338189,5.65028154,5.65028154,3.944035691,3.944035691,2.644916712,2.644916712,-0.04,5034.904379,16.96,11.07346174,7.806972502,110.1831879,4.483030858,0.0,0.0,0.0,0.0,0.0,0.0,0.0,0,0.0,53.37823529,25.68328649,0.0,26.17902562,4.483030858,0.0,0.0,0.0,79.06152178,26.17902562,0.0,0.0,0.0,0.0,0.0,0.0,30.66205648,0.0,0.0,79.06152178,0.0,0.0,0.0,0.0,0.0,0,0.0,0.0,0.0,82.02862946,0.0,0.0,27.6949488,0.0,1.42,0.0,0.0,0.0,0.0,0.0,11.0615788,15.0184212,0.0,1.0,17,0,1,0,0,0,0,0,0,0,0,1,12,0,0,0,0,5.0036,79.3604,0,0,0,1,0,0,0,0,0,0,0,0,0,0,0,0,0,0,0,0,0,0,0,0,0,0,0,1,0,1.0,80,1.0,0.0,120.0,0.5988,1.3448832012142857,0.5802716845000001,0.8730359752857143,0
CCCC[N+](CCCC)(CCCC)CCCC,16,1,0,0,0,1,1.0,1.3515625,2.327521967,1.3515625,0.422302576,242.471,206.183,242.2842266,104,0.078602814,-0.32360968,0.32360968,0.078602814,0.470588235,0.705882353,0.882352941,15.34445526,10.12017555,2.241137643,-2.390426672,2.159334253,-2.502893849,4.487663018,-0.928665861,4.391491248,116.0943933,12.98528137,12.93249497,12.93249497,8.242640687,8.093338189,8.093338189,5.65028154,5.65028154,3.944035691,3.944035691,2.644916712,2.644916712,-0.04,5034.904379,16.96,11.07346174,7.806972502,110.1831879,4.483030858,0.0,0.0,0.0,0.0,0.0,0.0,0.0,0,0.0,53.37823529,25.68328649,0.0,26.17902562,4.483030858,0.0,0.0,0.0,79.06152178,26.17902562,0.0,0.0,0.0,0.0,0.0,0.0,30.66205648,0.0,0.0,79.06152178,0.0,0.0,0.0,0.0,0.0,0,0.0,0.0,0.0,82.02862946,0.0,0.0,27.6949488,0.0,1.42,0.0,0.0,0.0,0.0,0.0,11.0615788,15.0184212,0.0,1.0,17,0,1,0,0,0,0,0,0,0,0,1,12,0,0,0,0,5.0036,79.3604,0,0,0,1,0,0,0,0,0,0,0,0,0,0,0,0,0,0,0,0,0,0,0,0,0,0,0,1,0,1.0,80,1.0,0.0,240.0,1.1976,1.3448832012142857,0.5802716845000001,0.8730359752857143,0
CCCC[N+](CCCC)(CCCC)CCCC,16,1,0,0,0,1,1.0,1.3515625,2.327521967,1.3515625,0.422302576,242.471,206.183,242.2842266,104,0.078602814,-0.32360968,0.32360968,0.078602814,0.470588235,0.705882353,0.882352941,15.34445526,10.12017555,2.241137643,-2.390426672,2.159334253,-2.502893849,4.487663018,-0.928665861,4.391491248,116.0943933,12.98528137,12.93249497,12.93249497,8.242640687,8.093338189,8.093338189,5.65028154,5.65028154,3.944035691,3.944035691,2.644916712,2.644916712,-0.04,5034.904379,16.96,11.07346174,7.806972502,110.1831879,4.483030858,0.0,0.0,0.0,0.0,0.0,0.0,0.0,0,0.0,53.37823529,25.68328649,0.0,26.17902562,4.483030858,0.0,0.0,0.0,79.06152178,26.17902562,0.0,0.0,0.0,0.0,0.0,0.0,30.66205648,0.0,0.0,79.06152178,0.0,0.0,0.0,0.0,0.0,0,0.0,0.0,0.0,82.02862946,0.0,0.0,27.6949488,0.0,1.42,0.0,0.0,0.0,0.0,0.0,11.0615788,15.0184212,0.0,1.0,17,0,1,0,0,0,0,0,0,0,0,1,12,0,0,0,0,5.0036,79.3604,0,0,0,1,0,0,0,0,0,0,0,0,0,0,0,0,0,0,0,0,0,0,0,0,0,0,0,1,0,1.0,80,1.0,0.0,360.0,1.1976,1.3448832012142857,0.5802716845000001,0.8730359752857143,0
CCCC[N+](CCCC)(CCCC)CCCC,16,1,0,0,0,1,0.6,1.3515625,2.327521967,1.3515625,0.422302576,242.471,206.183,242.2842266,104,0.078602814,-0.32360968,0.32360968,0.078602814,0.470588235,0.705882353,0.882352941,15.34445526,10.12017555,2.241137643,-2.390426672,2.159334253,-2.502893849,4.487663018,-0.928665861,4.391491248,116.0943933,12.98528137,12.93249497,12.93249497,8.242640687,8.093338189,8.093338189,5.65028154,5.65028154,3.944035691,3.944035691,2.644916712,2.644916712,-0.04,5034.904379,16.96,11.07346174,7.806972502,110.1831879,4.483030858,0.0,0.0,0.0,0.0,0.0,0.0,0.0,0,0.0,53.37823529,25.68328649,0.0,26.17902562,4.483030858,0.0,0.0,0.0,79.06152178,26.17902562,0.0,0.0,0.0,0.0,0.0,0.0,30.66205648,0.0,0.0,79.06152178,0.0,0.0,0.0,0.0,0.0,0,0.0,0.0,0.0,82.02862946,0.0,0.0,27.6949488,0.0,1.42,0.0,0.0,0.0,0.0,0.0,11.0615788,15.0184212,0.0,1.0,17,0,1,0,0,0,0,0,0,0,0,1,12,0,0,0,0,5.0036,79.3604,0,0,0,1,0,0,0,0,0,0,0,0,0,0,0,0,0,0,0,0,0,0,0,0,0,0,0,1,0,1.0,80,1.0,0.0,480.0,2.3952,1.3448832012142857,0.5802716845000001,0.8730359752857143,0
CCCC[N+](CCCC)(CCCC)CCCC,16,1,0,0,0,1,0.6,1.3515625,2.327521967,1.3515625,0.422302576,242.471,206.183,242.2842266,104,0.078602814,-0.32360968,0.32360968,0.078602814,0.470588235,0.705882353,0.882352941,15.34445526,10.12017555,2.241137643,-2.390426672,2.159334253,-2.502893849,4.487663018,-0.928665861,4.391491248,116.0943933,12.98528137,12.93249497,12.93249497,8.242640687,8.093338189,8.093338189,5.65028154,5.65028154,3.944035691,3.944035691,2.644916712,2.644916712,-0.04,5034.904379,16.96,11.07346174,7.806972502,110.1831879,4.483030858,0.0,0.0,0.0,0.0,0.0,0.0,0.0,0,0.0,53.37823529,25.68328649,0.0,26.17902562,4.483030858,0.0,0.0,0.0,79.06152178,26.17902562,0.0,0.0,0.0,0.0,0.0,0.0,30.66205648,0.0,0.0,79.06152178,0.0,0.0,0.0,0.0,0.0,0,0.0,0.0,0.0,82.02862946,0.0,0.0,27.6949488,0.0,1.42,0.0,0.0,0.0,0.0,0.0,11.0615788,15.0184212,0.0,1.0,17,0,1,0,0,0,0,0,0,0,0,1,12,0,0,0,0,5.0036,79.3604,0,0,0,1,0,0,0,0,0,0,0,0,0,0,0,0,0,0,0,0,0,0,0,0,0,0,0,1,0,1.0,80,1.0,0.0,600.0,1.1976,1.3448832012142857,0.5802716845000001,0.8730359752857143,0
CCCC[N+](CCCC)(CCCC)CCCC,16,1,0,0,0,1,1.0,1.3515625,2.327521967,1.3515625,0.422302576,242.471,206.183,242.2842266,104,0.078602814,-0.32360968,0.32360968,0.078602814,0.470588235,0.705882353,0.882352941,15.34445526,10.12017555,2.241137643,-2.390426672,2.159334253,-2.502893849,4.487663018,-0.928665861,4.391491248,116.0943933,12.98528137,12.93249497,12.93249497,8.242640687,8.093338189,8.093338189,5.65028154,5.65028154,3.944035691,3.944035691,2.644916712,2.644916712,-0.04,5034.904379,16.96,11.07346174,7.806972502,110.1831879,4.483030858,0.0,0.0,0.0,0.0,0.0,0.0,0.0,0,0.0,53.37823529,25.68328649,0.0,26.17902562,4.483030858,0.0,0.0,0.0,79.06152178,26.17902562,0.0,0.0,0.0,0.0,0.0,0.0,30.66205648,0.0,0.0,79.06152178,0.0,0.0,0.0,0.0,0.0,0,0.0,0.0,0.0,82.02862946,0.0,0.0,27.6949488,0.0,1.42,0.0,0.0,0.0,0.0,0.0,11.0615788,15.0184212,0.0,1.0,17,0,1,0,0,0,0,0,0,0,0,1,12,0,0,0,0,5.0036,79.3604,0,0,0,1,0,0,0,0,0,0,0,0,0,0,0,0,0,0,0,0,0,0,0,0,0,0,0,1,0,1.0,80,1.0,0.0,720.0,2.3952,1.3448832012142857,0.5802716845000001,0.8730359752857143,0
CCCCCCCCCCCCCC[N+](C)(C)C,17,1,0,0,0,2,1.0,1.122777778,2.290220142,1.122777778,0.305866797,256.498,218.194,256.2998766,110,0.077992828,-0.330914819,0.330914819,0.077992828,0.5,0.833333333,1.166666667,15.27172442,10.05196094,2.043437985,-2.230980643,2.117322008,-2.346411454,4.479029611,-0.870130459,2.990679462,157.4832522,13.69238816,13.63960175,13.63960175,8.560660172,8.364975334,8.364975334,6.903018179,6.903018179,3.682487667,3.682487667,2.427135306,2.427135306,-0.04,6452.38108,17.96,12.01752283,15.96,116.54813,4.483030858,0.0,0.0,0.0,0.0,0.0,0.0,0.0,0,0.0,71.13195343,12.84164325,0.0,27.68777235,4.483030858,0.0,0.0,0.0,83.97359667,27.68777235,0.0,0.0,0.0,0.0,0.0,0.0,32.17080321,0.0,0.0,83.97359667,0.0,0.0,0.0,0.0,0.0,0,0.0,0.0,4.483030858,83.59461588,0.0,0.0,28.06675315,0.0,1.122777778,0.0,0.0,0.0,0.0,0.0,17.38555934,3.621002455,6.870660425,1.0,18,0,1,0,0,0,0,0,0,0,0,1,13,0,0,0,0,5.3937,83.9774,0,0,0,1,0,0,0,0,0,0,0,0,0,0,0,0,0,0,0,0,0,0,0,0,0,0,0,1,10,1.0,80,1.0,0.0,0.0,0.0,0.8908568177142857,0.07696464371428571,0.9704617633571428,0
CCCCCCCCCCCCCC[N+](C)(C)C,17,1,0,0,0,2,1.0,1.122777778,2.290220142,1.122777778,0.305866797,256.498,218.194,256.2998766,110,0.077992828,-0.330914819,0.330914819,0.077992828,0.5,0.833333333,1.166666667,15.27172442,10.05196094,2.043437985,-2.230980643,2.117322008,-2.346411454,4.479029611,-0.870130459,2.990679462,157.4832522,13.69238816,13.63960175,13.63960175,8.560660172,8.364975334,8.364975334,6.903018179,6.903018179,3.682487667,3.682487667,2.427135306,2.427135306,-0.04,6452.38108,17.96,12.01752283,15.96,116.54813,4.483030858,0.0,0.0,0.0,0.0,0.0,0.0,0.0,0,0.0,71.13195343,12.84164325,0.0,27.68777235,4.483030858,0.0,0.0,0.0,83.97359667,27.68777235,0.0,0.0,0.0,0.0,0.0,0.0,32.17080321,0.0,0.0,83.97359667,0.0,0.0,0.0,0.0,0.0,0,0.0,0.0,4.483030858,83.59461588,0.0,0.0,28.06675315,0.0,1.122777778,0.0,0.0,0.0,0.0,0.0,17.38555934,3.621002455,6.870660425,1.0,18,0,1,0,0,0,0,0,0,0,0,1,13,0,0,0,0,5.3937,83.9774,0,0,0,1,0,0,0,0,0,0,0,0,0,0,0,0,0,0,0,0,0,0,0,0,0,0,0,1,10,1.0,80,1.0,0.0,120.0,1.1976,0.8908568177142857,0.07696464371428571,0.9704617633571428,0
CCCCCCCCCCCCCC[N+](C)(C)C,17,1,0,0,0,2,1.0,1.122777778,2.290220142,1.122777778,0.305866797,256.498,218.194,256.2998766,110,0.077992828,-0.330914819,0.330914819,0.077992828,0.5,0.833333333,1.166666667,15.27172442,10.05196094,2.043437985,-2.230980643,2.117322008,-2.346411454,4.479029611,-0.870130459,2.990679462,157.4832522,13.69238816,13.63960175,13.63960175,8.560660172,8.364975334,8.364975334,6.903018179,6.903018179,3.682487667,3.682487667,2.427135306,2.427135306,-0.04,6452.38108,17.96,12.01752283,15.96,116.54813,4.483030858,0.0,0.0,0.0,0.0,0.0,0.0,0.0,0,0.0,71.13195343,12.84164325,0.0,27.68777235,4.483030858,0.0,0.0,0.0,83.97359667,27.68777235,0.0,0.0,0.0,0.0,0.0,0.0,32.17080321,0.0,0.0,83.97359667,0.0,0.0,0.0,0.0,0.0,0,0.0,0.0,4.483030858,83.59461588,0.0,0.0,28.06675315,0.0,1.122777778,0.0,0.0,0.0,0.0,0.0,17.38555934,3.621002455,6.870660425,1.0,18,0,1,0,0,0,0,0,0,0,0,1,13,0,0,0,0,5.3937,83.9774,0,0,0,1,0,0,0,0,0,0,0,0,0,0,0,0,0,0,0,0,0,0,0,0,0,0,0,1,10,1.0,80,1.0,0.0,240.0,2.3952,0.8908568177142857,0.07696464371428571,0.9704617633571428,0
CCCCCCCCCCCCCC[N+](C)(C)C,17,1,0,0,0,2,1.0,1.122777778,2.290220142,1.122777778,0.305866797,256.498,218.194,256.2998766,110,0.077992828,-0.330914819,0.330914819,0.077992828,0.5,0.833333333,1.166666667,15.27172442,10.05196094,2.043437985,-2.230980643,2.117322008,-2.346411454,4.479029611,-0.870130459,2.990679462,157.4832522,13.69238816,13.63960175,13.63960175,8.560660172,8.364975334,8.364975334,6.903018179,6.903018179,3.682487667,3.682487667,2.427135306,2.427135306,-0.04,6452.38108,17.96,12.01752283,15.96,116.54813,4.483030858,0.0,0.0,0.0,0.0,0.0,0.0,0.0,0,0.0,71.13195343,12.84164325,0.0,27.68777235,4.483030858,0.0,0.0,0.0,83.97359667,27.68777235,0.0,0.0,0.0,0.0,0.0,0.0,32.17080321,0.0,0.0,83.97359667,0.0,0.0,0.0,0.0,0.0,0,0.0,0.0,4.483030858,83.59461588,0.0,0.0,28.06675315,0.0,1.122777778,0.0,0.0,0.0,0.0,0.0,17.38555934,3.621002455,6.870660425,1.0,18,0,1,0,0,0,0,0,0,0,0,1,13,0,0,0,0,5.3937,83.9774,0,0,0,1,0,0,0,0,0,0,0,0,0,0,0,0,0,0,0,0,0,0,0,0,0,0,0,1,10,1.0,80,1.0,0.0,360.0,2.3952,0.8908568177142857,0.07696464371428571,0.9704617633571428,0
CCCCCCCCCCCCCC[N+](C)(C)C,17,1,0,0,0,2,1.0,1.122777778,2.290220142,1.122777778,0.305866797,256.498,218.194,256.2998766,110,0.077992828,-0.330914819,0.330914819,0.077992828,0.5,0.833333333,1.166666667,15.27172442,10.05196094,2.043437985,-2.230980643,2.117322008,-2.346411454,4.479029611,-0.870130459,2.990679462,157.4832522,13.69238816,13.63960175,13.63960175,8.560660172,8.364975334,8.364975334,6.903018179,6.903018179,3.682487667,3.682487667,2.427135306,2.427135306,-0.04,6452.38108,17.96,12.01752283,15.96,116.54813,4.483030858,0.0,0.0,0.0,0.0,0.0,0.0,0.0,0,0.0,71.13195343,12.84164325,0.0,27.68777235,4.483030858,0.0,0.0,0.0,83.97359667,27.68777235,0.0,0.0,0.0,0.0,0.0,0.0,32.17080321,0.0,0.0,83.97359667,0.0,0.0,0.0,0.0,0.0,0,0.0,0.0,4.483030858,83.59461588,0.0,0.0,28.06675315,0.0,1.122777778,0.0,0.0,0.0,0.0,0.0,17.38555934,3.621002455,6.870660425,1.0,18,0,1,0,0,0,0,0,0,0,0,1,13,0,0,0,0,5.3937,83.9774,0,0,0,1,0,0,0,0,0,0,0,0,0,0,0,0,0,0,0,0,0,0,0,0,0,0,0,1,10,1.0,80,1.0,0.0,480.0,2.994,0.8908568177142857,0.07696464371428571,0.9704617633571428,0
CCCCCCCCCCCCCC[N+](C)(C)C,17,1,0,0,0,2,1.0,1.122777778,2.290220142,1.122777778,0.305866797,256.498,218.194,256.2998766,110,0.077992828,-0.330914819,0.330914819,0.077992828,0.5,0.833333333,1.166666667,15.27172442,10.05196094,2.043437985,-2.230980643,2.117322008,-2.346411454,4.479029611,-0.870130459,2.990679462,157.4832522,13.69238816,13.63960175,13.63960175,8.560660172,8.364975334,8.364975334,6.903018179,6.903018179,3.682487667,3.682487667,2.427135306,2.427135306,-0.04,6452.38108,17.96,12.01752283,15.96,116.54813,4.483030858,0.0,0.0,0.0,0.0,0.0,0.0,0.0,0,0.0,71.13195343,12.84164325,0.0,27.68777235,4.483030858,0.0,0.0,0.0,83.97359667,27.68777235,0.0,0.0,0.0,0.0,0.0,0.0,32.17080321,0.0,0.0,83.97359667,0.0,0.0,0.0,0.0,0.0,0,0.0,0.0,4.483030858,83.59461588,0.0,0.0,28.06675315,0.0,1.122777778,0.0,0.0,0.0,0.0,0.0,17.38555934,3.621002455,6.870660425,1.0,18,0,1,0,0,0,0,0,0,0,0,1,13,0,0,0,0,5.3937,83.9774,0,0,0,1,0,0,0,0,0,0,0,0,0,0,0,0,0,0,0,0,0,0,0,0,0,0,0,1,10,1.0,80,1.0,0.0,600.0,4.1916,0.8908568177142857,0.07696464371428571,0.9704617633571428,0
CCCCCCCCCCCCCC[N+](C)(C)C,17,1,0,0,0,2,1.0,1.122777778,2.290220142,1.122777778,0.305866797,256.498,218.194,256.2998766,110,0.077992828,-0.330914819,0.330914819,0.077992828,0.5,0.833333333,1.166666667,15.27172442,10.05196094,2.043437985,-2.230980643,2.117322008,-2.346411454,4.479029611,-0.870130459,2.990679462,157.4832522,13.69238816,13.63960175,13.63960175,8.560660172,8.364975334,8.364975334,6.903018179,6.903018179,3.682487667,3.682487667,2.427135306,2.427135306,-0.04,6452.38108,17.96,12.01752283,15.96,116.54813,4.483030858,0.0,0.0,0.0,0.0,0.0,0.0,0.0,0,0.0,71.13195343,12.84164325,0.0,27.68777235,4.483030858,0.0,0.0,0.0,83.97359667,27.68777235,0.0,0.0,0.0,0.0,0.0,0.0,32.17080321,0.0,0.0,83.97359667,0.0,0.0,0.0,0.0,0.0,0,0.0,0.0,4.483030858,83.59461588,0.0,0.0,28.06675315,0.0,1.122777778,0.0,0.0,0.0,0.0,0.0,17.38555934,3.621002455,6.870660425,1.0,18,0,1,0,0,0,0,0,0,0,0,1,13,0,0,0,0,5.3937,83.9774,0,0,0,1,0,0,0,0,0,0,0,0,0,0,0,0,0,0,0,0,0,0,0,0,0,0,0,1,10,1.0,80,1.0,0.0,720.0,4.7904,0.8908568177142857,0.07696464371428571,0.9704617633571428,0
CC[N+]1(C)CCCC1,7,1,0,0,0,1,1.0,1.319444444,2.354166667,1.319444444,0.449952788,114.212,98.084,114.1277259,48,0.078619894,-0.326265893,0.326265893,0.078619894,1.25,1.75,2.0,15.33348256,10.39358405,2.23028601,-2.263235674,2.139532621,-2.395984082,4.486020013,-0.895371398,2.399681801,72.45601116,6.035533906,5.982747501,5.982747501,3.767766953,3.603003675,3.603003675,3.090051834,3.090051834,2.409338255,2.409338255,1.415079324,1.415079324,-0.04,88.95348294,6.085628141,2.058167191,1.025055201,51.89287772,4.483030858,0.0,0.0,0.0,0.0,0.0,0.0,0.0,0,0.0,0.0,6.9237372,12.84164325,26.6819412,4.483030858,0.0,0.0,0.0,19.76538045,26.6819412,0.0,0.0,0.0,0.0,0.0,0.0,31.16497206,0.0,0.0,19.76538045,0.0,0.0,0.0,0.0,0.0,0,0.0,0.0,0.0,36.95894332,0.0,0.0,13.97140918,0.0,1.319444444,0.0,0.0,0.0,0.0,0.0,2.8975,6.428888889,2.354166667,1.0,8,0,1,0,1,1,0,0,0,0,0,1,1,0,1,1,1,1.2467,35.6934,0,0,0,1,0,0,0,0,1,0,0,0,0,0,0,0,0,0,0,0,0,0,0,0,0,0,0,1,0,1.0,80,1.0,0.0,0.0,0.0,0.8838486080740742,0.48621441092592593,0.894186241037037,0
CC[N+]1(C)CCCC1,7,1,0,0,0,1,1.0,1.319444444,2.354166667,1.319444444,0.449952788,114.212,98.084,114.1277259,48,0.078619894,-0.326265893,0.326265893,0.078619894,1.25,1.75,2.0,15.33348256,10.39358405,2.23028601,-2.263235674,2.139532621,-2.395984082,4.486020013,-0.895371398,2.399681801,72.45601116,6.035533906,5.982747501,5.982747501,3.767766953,3.603003675,3.603003675,3.090051834,3.090051834,2.409338255,2.409338255,1.415079324,1.415079324,-0.04,88.95348294,6.085628141,2.058167191,1.025055201,51.89287772,4.483030858,0.0,0.0,0.0,0.0,0.0,0.0,0.0,0,0.0,0.0,6.9237372,12.84164325,26.6819412,4.483030858,0.0,0.0,0.0,19.76538045,26.6819412,0.0,0.0,0.0,0.0,0.0,0.0,31.16497206,0.0,0.0,19.76538045,0.0,0.0,0.0,0.0,0.0,0,0.0,0.0,0.0,36.95894332,0.0,0.0,13.97140918,0.0,1.319444444,0.0,0.0,0.0,0.0,0.0,2.8975,6.428888889,2.354166667,1.0,8,0,1,0,1,1,0,0,0,0,0,1,1,0,1,1,1,1.2467,35.6934,0,0,0,1,0,0,0,0,1,0,0,0,0,0,0,0,0,0,0,0,0,0,0,0,0,0,0,1,0,1.0,80,1.0,0.0,120.0,34.7305,0.8838486080740742,0.48621441092592593,0.894186241037037,0
CC[N+]1(C)CCCC1,7,1,0,0,0,1,1.0,1.319444444,2.354166667,1.319444444,0.449952788,114.212,98.084,114.1277259,48,0.078619894,-0.326265893,0.326265893,0.078619894,1.25,1.75,2.0,15.33348256,10.39358405,2.23028601,-2.263235674,2.139532621,-2.395984082,4.486020013,-0.895371398,2.399681801,72.45601116,6.035533906,5.982747501,5.982747501,3.767766953,3.603003675,3.603003675,3.090051834,3.090051834,2.409338255,2.409338255,1.415079324,1.415079324,-0.04,88.95348294,6.085628141,2.058167191,1.025055201,51.89287772,4.483030858,0.0,0.0,0.0,0.0,0.0,0.0,0.0,0,0.0,0.0,6.9237372,12.84164325,26.6819412,4.483030858,0.0,0.0,0.0,19.76538045,26.6819412,0.0,0.0,0.0,0.0,0.0,0.0,31.16497206,0.0,0.0,19.76538045,0.0,0.0,0.0,0.0,0.0,0,0.0,0.0,0.0,36.95894332,0.0,0.0,13.97140918,0.0,1.319444444,0.0,0.0,0.0,0.0,0.0,2.8975,6.428888889,2.354166667,1.0,8,0,1,0,1,1,0,0,0,0,0,1,1,0,1,1,1,1.2467,35.6934,0,0,0,1,0,0,0,0,1,0,0,0,0,0,0,0,0,0,0,0,0,0,0,0,0,0,0,1,0,1.0,80,1.0,0.0,240.0,43.1138,0.8838486080740742,0.48621441092592593,0.894186241037037,0
CC[N+]1(C)CCCC1,7,1,0,0,0,1,1.0,1.319444444,2.354166667,1.319444444,0.449952788,114.212,98.084,114.1277259,48,0.078619894,-0.326265893,0.326265893,0.078619894,1.25,1.75,2.0,15.33348256,10.39358405,2.23028601,-2.263235674,2.139532621,-2.395984082,4.486020013,-0.895371398,2.399681801,72.45601116,6.035533906,5.982747501,5.982747501,3.767766953,3.603003675,3.603003675,3.090051834,3.090051834,2.409338255,2.409338255,1.415079324,1.415079324,-0.04,88.95348294,6.085628141,2.058167191,1.025055201,51.89287772,4.483030858,0.0,0.0,0.0,0.0,0.0,0.0,0.0,0,0.0,0.0,6.9237372,12.84164325,26.6819412,4.483030858,0.0,0.0,0.0,19.76538045,26.6819412,0.0,0.0,0.0,0.0,0.0,0.0,31.16497206,0.0,0.0,19.76538045,0.0,0.0,0.0,0.0,0.0,0,0.0,0.0,0.0,36.95894332,0.0,0.0,13.97140918,0.0,1.319444444,0.0,0.0,0.0,0.0,0.0,2.8975,6.428888889,2.354166667,1.0,8,0,1,0,1,1,0,0,0,0,0,1,1,0,1,1,1,1.2467,35.6934,0,0,0,1,0,0,0,0,1,0,0,0,0,0,0,0,0,0,0,0,0,0,0,0,0,0,0,1,0,1.0,80,1.0,0.0,360.0,52.0958,0.8838486080740742,0.48621441092592593,0.894186241037037,0
CC[N+]1(C)CCCC1,7,1,0,0,0,1,1.0,1.319444444,2.354166667,1.319444444,0.449952788,114.212,98.084,114.1277259,48,0.078619894,-0.326265893,0.326265893,0.078619894,1.25,1.75,2.0,15.33348256,10.39358405,2.23028601,-2.263235674,2.139532621,-2.395984082,4.486020013,-0.895371398,2.399681801,72.45601116,6.035533906,5.982747501,5.982747501,3.767766953,3.603003675,3.603003675,3.090051834,3.090051834,2.409338255,2.409338255,1.415079324,1.415079324,-0.04,88.95348294,6.085628141,2.058167191,1.025055201,51.89287772,4.483030858,0.0,0.0,0.0,0.0,0.0,0.0,0.0,0,0.0,0.0,6.9237372,12.84164325,26.6819412,4.483030858,0.0,0.0,0.0,19.76538045,26.6819412,0.0,0.0,0.0,0.0,0.0,0.0,31.16497206,0.0,0.0,19.76538045,0.0,0.0,0.0,0.0,0.0,0,0.0,0.0,0.0,36.95894332,0.0,0.0,13.97140918,0.0,1.319444444,0.0,0.0,0.0,0.0,0.0,2.8975,6.428888889,2.354166667,1.0,8,0,1,0,1,1,0,0,0,0,0,1,1,0,1,1,1,1.2467,35.6934,0,0,0,1,0,0,0,0,1,0,0,0,0,0,0,0,0,0,0,0,0,0,0,0,0,0,0,1,0,1.0,80,1.0,0.0,480.0,56.8862,0.8838486080740742,0.48621441092592593,0.894186241037037,0
CC[N+]1(C)CCCC1,7,1,0,0,0,1,1.0,1.319444444,2.354166667,1.319444444,0.449952788,114.212,98.084,114.1277259,48,0.078619894,-0.326265893,0.326265893,0.078619894,1.25,1.75,2.0,15.33348256,10.39358405,2.23028601,-2.263235674,2.139532621,-2.395984082,4.486020013,-0.895371398,2.399681801,72.45601116,6.035533906,5.982747501,5.982747501,3.767766953,3.603003675,3.603003675,3.090051834,3.090051834,2.409338255,2.409338255,1.415079324,1.415079324,-0.04,88.95348294,6.085628141,2.058167191,1.025055201,51.89287772,4.483030858,0.0,0.0,0.0,0.0,0.0,0.0,0.0,0,0.0,0.0,6.9237372,12.84164325,26.6819412,4.483030858,0.0,0.0,0.0,19.76538045,26.6819412,0.0,0.0,0.0,0.0,0.0,0.0,31.16497206,0.0,0.0,19.76538045,0.0,0.0,0.0,0.0,0.0,0,0.0,0.0,0.0,36.95894332,0.0,0.0,13.97140918,0.0,1.319444444,0.0,0.0,0.0,0.0,0.0,2.8975,6.428888889,2.354166667,1.0,8,0,1,0,1,1,0,0,0,0,0,1,1,0,1,1,1,1.2467,35.6934,0,0,0,1,0,0,0,0,1,0,0,0,0,0,0,0,0,0,0,0,0,0,0,0,0,0,0,1,0,1.0,80,1.0,0.0,600.0,65.2695,0.8838486080740742,0.48621441092592593,0.894186241037037,0
CC[N+]1(C)CCCC1,7,1,0,0,0,1,1.0,1.319444444,2.354166667,1.319444444,0.449952788,114.212,98.084,114.1277259,48,0.078619894,-0.326265893,0.326265893,0.078619894,1.25,1.75,2.0,15.33348256,10.39358405,2.23028601,-2.263235674,2.139532621,-2.395984082,4.486020013,-0.895371398,2.399681801,72.45601116,6.035533906,5.982747501,5.982747501,3.767766953,3.603003675,3.603003675,3.090051834,3.090051834,2.409338255,2.409338255,1.415079324,1.415079324,-0.04,88.95348294,6.085628141,2.058167191,1.025055201,51.89287772,4.483030858,0.0,0.0,0.0,0.0,0.0,0.0,0.0,0,0.0,0.0,6.9237372,12.84164325,26.6819412,4.483030858,0.0,0.0,0.0,19.76538045,26.6819412,0.0,0.0,0.0,0.0,0.0,0.0,31.16497206,0.0,0.0,19.76538045,0.0,0.0,0.0,0.0,0.0,0,0.0,0.0,0.0,36.95894332,0.0,0.0,13.97140918,0.0,1.319444444,0.0,0.0,0.0,0.0,0.0,2.8975,6.428888889,2.354166667,1.0,8,0,1,0,1,1,0,0,0,0,0,1,1,0,1,1,1,1.2467,35.6934,0,0,0,1,0,0,0,0,1,0,0,0,0,0,0,0,0,0,0,0,0,0,0,0,0,0,0,1,0,1.0,80,1.0,0.0,720.0,68.2635,0.8838486080740742,0.48621441092592593,0.894186241037037,0
C1CC[N+]2(CC1)CCCCC2,10,1,0,0,0,1,1.0,1.5,1.5,1.5,0.469065256,154.277,134.117,154.1590261,64,0.07861697,-0.323608975,0.323608975,0.07861697,0.454545455,0.818181818,1.181818182,15.35411576,10.01190874,2.303626033,-2.436709549,2.241062256,-2.53722828,4.58638158,-0.936180066,1.94320678,99.32469185,7.571067812,7.518281407,7.518281407,5.414213562,5.264911064,5.264911064,4.357388321,4.357388321,3.529822128,3.529822128,2.813228166,2.813228166,-0.04,530.0382769,7.600932428,3.139132041,1.584033638,69.98187291,4.483030858,0.0,0.0,0.0,0.0,0.0,0.0,0.0,0,0.0,0.0,38.52492974,0.0,26.17902562,4.483030858,0.0,0.0,0.0,38.52492974,26.17902562,0.0,0.0,0.0,0.0,0.0,0.0,30.66205648,0.0,0.0,38.52492974,0.0,0.0,0.0,0.0,0.0,0,0.0,0.0,0.0,69.18698622,0.0,0.0,0.0,0.0,1.5,0.0,0.0,0.0,0.0,0.0,9.0,6.0,0.0,1.0,11,0,1,0,2,2,0,0,0,0,0,1,0,0,2,2,2,2.171,47.4304,0,0,0,1,0,0,0,0,0,0,0,0,0,0,0,0,0,0,0,0,0,0,0,0,2,0,0,1,0,1.0,80,1.0,0.0,0.0,0.0,0.926179512111111,0.32489621266666663,0.9472390226111111,0
C1CC[N+]2(CC1)CCCCC2,10,1,0,0,0,1,1.0,1.5,1.5,1.5,0.469065256,154.277,134.117,154.1590261,64,0.07861697,-0.323608975,0.323608975,0.07861697,0.454545455,0.818181818,1.181818182,15.35411576,10.01190874,2.303626033,-2.436709549,2.241062256,-2.53722828,4.58638158,-0.936180066,1.94320678,99.32469185,7.571067812,7.518281407,7.518281407,5.414213562,5.264911064,5.264911064,4.357388321,4.357388321,3.529822128,3.529822128,2.813228166,2.813228166,-0.04,530.0382769,7.600932428,3.139132041,1.584033638,69.98187291,4.483030858,0.0,0.0,0.0,0.0,0.0,0.0,0.0,0,0.0,0.0,38.52492974,0.0,26.17902562,4.483030858,0.0,0.0,0.0,38.52492974,26.17902562,0.0,0.0,0.0,0.0,0.0,0.0,30.66205648,0.0,0.0,38.52492974,0.0,0.0,0.0,0.0,0.0,0,0.0,0.0,0.0,69.18698622,0.0,0.0,0.0,0.0,1.5,0.0,0.0,0.0,0.0,0.0,9.0,6.0,0.0,1.0,11,0,1,0,2,2,0,0,0,0,0,1,0,0,2,2,2,2.171,47.4304,0,0,0,1,0,0,0,0,0,0,0,0,0,0,0,0,0,0,0,0,0,0,0,0,2,0,0,1,0,1.0,80,1.0,0.0,120.0,0.0,0.926179512111111,0.32489621266666663,0.9472390226111111,0
C1CC[N+]2(CC1)CCCCC2,10,1,0,0,0,1,1.0,1.5,1.5,1.5,0.469065256,154.277,134.117,154.1590261,64,0.07861697,-0.323608975,0.323608975,0.07861697,0.454545455,0.818181818,1.181818182,15.35411576,10.01190874,2.303626033,-2.436709549,2.241062256,-2.53722828,4.58638158,-0.936180066,1.94320678,99.32469185,7.571067812,7.518281407,7.518281407,5.414213562,5.264911064,5.264911064,4.357388321,4.357388321,3.529822128,3.529822128,2.813228166,2.813228166,-0.04,530.0382769,7.600932428,3.139132041,1.584033638,69.98187291,4.483030858,0.0,0.0,0.0,0.0,0.0,0.0,0.0,0,0.0,0.0,38.52492974,0.0,26.17902562,4.483030858,0.0,0.0,0.0,38.52492974,26.17902562,0.0,0.0,0.0,0.0,0.0,0.0,30.66205648,0.0,0.0,38.52492974,0.0,0.0,0.0,0.0,0.0,0,0.0,0.0,0.0,69.18698622,0.0,0.0,0.0,0.0,1.5,0.0,0.0,0.0,0.0,0.0,9.0,6.0,0.0,1.0,11,0,1,0,2,2,0,0,0,0,0,1,0,0,2,2,2,2.171,47.4304,0,0,0,1,0,0,0,0,0,0,0,0,0,0,0,0,0,0,0,0,0,0,0,0,2,0,0,1,0,1.0,80,1.0,0.0,240.0,0.0,0.926179512111111,0.32489621266666663,0.9472390226111111,0
C1CC[N+]2(CC1)CCCCC2,10,1,0,0,0,1,1.0,1.5,1.5,1.5,0.469065256,154.277,134.117,154.1590261,64,0.07861697,-0.323608975,0.323608975,0.07861697,0.454545455,0.818181818,1.181818182,15.35411576,10.01190874,2.303626033,-2.436709549,2.241062256,-2.53722828,4.58638158,-0.936180066,1.94320678,99.32469185,7.571067812,7.518281407,7.518281407,5.414213562,5.264911064,5.264911064,4.357388321,4.357388321,3.529822128,3.529822128,2.813228166,2.813228166,-0.04,530.0382769,7.600932428,3.139132041,1.584033638,69.98187291,4.483030858,0.0,0.0,0.0,0.0,0.0,0.0,0.0,0,0.0,0.0,38.52492974,0.0,26.17902562,4.483030858,0.0,0.0,0.0,38.52492974,26.17902562,0.0,0.0,0.0,0.0,0.0,0.0,30.66205648,0.0,0.0,38.52492974,0.0,0.0,0.0,0.0,0.0,0,0.0,0.0,0.0,69.18698622,0.0,0.0,0.0,0.0,1.5,0.0,0.0,0.0,0.0,0.0,9.0,6.0,0.0,1.0,11,0,1,0,2,2,0,0,0,0,0,1,0,0,2,2,2,2.171,47.4304,0,0,0,1,0,0,0,0,0,0,0,0,0,0,0,0,0,0,0,0,0,0,0,0,2,0,0,1,0,1.0,80,1.0,0.0,360.0,0.0,0.926179512111111,0.32489621266666663,0.9472390226111111,0
C1CC[N+]2(CC1)CCCCC2,10,1,0,0,0,1,1.0,1.5,1.5,1.5,0.469065256,154.277,134.117,154.1590261,64,0.07861697,-0.323608975,0.323608975,0.07861697,0.454545455,0.818181818,1.181818182,15.35411576,10.01190874,2.303626033,-2.436709549,2.241062256,-2.53722828,4.58638158,-0.936180066,1.94320678,99.32469185,7.571067812,7.518281407,7.518281407,5.414213562,5.264911064,5.264911064,4.357388321,4.357388321,3.529822128,3.529822128,2.813228166,2.813228166,-0.04,530.0382769,7.600932428,3.139132041,1.584033638,69.98187291,4.483030858,0.0,0.0,0.0,0.0,0.0,0.0,0.0,0,0.0,0.0,38.52492974,0.0,26.17902562,4.483030858,0.0,0.0,0.0,38.52492974,26.17902562,0.0,0.0,0.0,0.0,0.0,0.0,30.66205648,0.0,0.0,38.52492974,0.0,0.0,0.0,0.0,0.0,0,0.0,0.0,0.0,69.18698622,0.0,0.0,0.0,0.0,1.5,0.0,0.0,0.0,0.0,0.0,9.0,6.0,0.0,1.0,11,0,1,0,2,2,0,0,0,0,0,1,0,0,2,2,2,2.171,47.4304,0,0,0,1,0,0,0,0,0,0,0,0,0,0,0,0,0,0,0,0,0,0,0,0,2,0,0,1,0,1.0,80,1.0,0.0,480.0,0.0,0.926179512111111,0.32489621266666663,0.9472390226111111,0
C1CC[N+]2(CC1)CCCCC2,10,1,0,0,0,1,1.0,1.5,1.5,1.5,0.469065256,154.277,134.117,154.1590261,64,0.07861697,-0.323608975,0.323608975,0.07861697,0.454545455,0.818181818,1.181818182,15.35411576,10.01190874,2.303626033,-2.436709549,2.241062256,-2.53722828,4.58638158,-0.936180066,1.94320678,99.32469185,7.571067812,7.518281407,7.518281407,5.414213562,5.264911064,5.264911064,4.357388321,4.357388321,3.529822128,3.529822128,2.813228166,2.813228166,-0.04,530.0382769,7.600932428,3.139132041,1.584033638,69.98187291,4.483030858,0.0,0.0,0.0,0.0,0.0,0.0,0.0,0,0.0,0.0,38.52492974,0.0,26.17902562,4.483030858,0.0,0.0,0.0,38.52492974,26.17902562,0.0,0.0,0.0,0.0,0.0,0.0,30.66205648,0.0,0.0,38.52492974,0.0,0.0,0.0,0.0,0.0,0,0.0,0.0,0.0,69.18698622,0.0,0.0,0.0,0.0,1.5,0.0,0.0,0.0,0.0,0.0,9.0,6.0,0.0,1.0,11,0,1,0,2,2,0,0,0,0,0,1,0,0,2,2,2,2.171,47.4304,0,0,0,1,0,0,0,0,0,0,0,0,0,0,0,0,0,0,0,0,0,0,0,0,2,0,0,1,0,1.0,80,1.0,0.0,600.0,0.5988,0.926179512111111,0.32489621266666663,0.9472390226111111,0
C1CC[N+]2(CC1)CCCCC2,10,1,0,0,0,1,1.0,1.5,1.5,1.5,0.469065256,154.277,134.117,154.1590261,64,0.07861697,-0.323608975,0.323608975,0.07861697,0.454545455,0.818181818,1.181818182,15.35411576,10.01190874,2.303626033,-2.436709549,2.241062256,-2.53722828,4.58638158,-0.936180066,1.94320678,99.32469185,7.571067812,7.518281407,7.518281407,5.414213562,5.264911064,5.264911064,4.357388321,4.357388321,3.529822128,3.529822128,2.813228166,2.813228166,-0.04,530.0382769,7.600932428,3.139132041,1.584033638,69.98187291,4.483030858,0.0,0.0,0.0,0.0,0.0,0.0,0.0,0,0.0,0.0,38.52492974,0.0,26.17902562,4.483030858,0.0,0.0,0.0,38.52492974,26.17902562,0.0,0.0,0.0,0.0,0.0,0.0,30.66205648,0.0,0.0,38.52492974,0.0,0.0,0.0,0.0,0.0,0,0.0,0.0,0.0,69.18698622,0.0,0.0,0.0,0.0,1.5,0.0,0.0,0.0,0.0,0.0,9.0,6.0,0.0,1.0,11,0,1,0,2,2,0,0,0,0,0,1,0,0,2,2,2,2.171,47.4304,0,0,0,1,0,0,0,0,0,0,0,0,0,0,0,0,0,0,0,0,0,0,0,0,2,0,0,1,0,1.0,80,1.0,0.0,720.0,1.7964,0.926179512111111,0.32489621266666663,0.9472390226111111,0
CC(C)N1CC[N+]2(CCCCC2)CC1,12,2,0,0,0,1,1.0,0.750130149,2.637009637,0.750130149,0.578506844,197.346,172.146,197.2012252,82,0.091590827,-0.321487674,0.321487674,0.091590827,0.857142857,1.428571429,1.928571429,15.40853106,10.05374478,2.339005422,-2.474276071,2.216020953,-2.617554233,4.687974302,-0.9359342,1.87316695,172.7607507,10.01866157,9.835738491,9.835738491,6.718744015,6.310266024,6.310266024,5.426444963,5.426444963,4.218317761,4.218317761,3.051380937,3.051380937,-0.08,1931.225051,10.43822409,4.194610736,2.115687586,88.47159081,4.483030858,0.0,0.0,0.0,0.0,0.0,4.899909731,0.0,0,0.0,0.0,33.10993927,19.13135364,26.17902562,4.483030858,0.0,4.899909731,0.0,39.1517801,39.26853844,0.0,0.0,0.0,0.0,0.0,0.0,54.69331985,0.0,0.0,33.10993927,0.0,0.0,3.24,0.0,0.0,0,0.0,0.0,6.041840829,63.01403416,0.0,0.0,18.74738413,0.0,1.447638889,2.637009637,0.0,0.0,0.0,0.750130149,4.427829349,13.07072531,0.0,1.0,14,0,2,0,2,2,0,0,0,1,0,2,1,0,2,2,2,1.7111,60.2884,0,0,0,2,0,0,0,0,0,0,0,0,0,0,0,0,0,0,0,0,0,0,0,0,1,1,0,1,0,1.0,80,1.0,0.0,0.0,0.0,0.9323250974285714,0.2138670917857143,0.9657796090714286,0
CC(C)N1CC[N+]2(CCCCC2)CC1,12,2,0,0,0,1,1.0,0.750130149,2.637009637,0.750130149,0.578506844,197.346,172.146,197.2012252,82,0.091590827,-0.321487674,0.321487674,0.091590827,0.857142857,1.428571429,1.928571429,15.40853106,10.05374478,2.339005422,-2.474276071,2.216020953,-2.617554233,4.687974302,-0.9359342,1.87316695,172.7607507,10.01866157,9.835738491,9.835738491,6.718744015,6.310266024,6.310266024,5.426444963,5.426444963,4.218317761,4.218317761,3.051380937,3.051380937,-0.08,1931.225051,10.43822409,4.194610736,2.115687586,88.47159081,4.483030858,0.0,0.0,0.0,0.0,0.0,4.899909731,0.0,0,0.0,0.0,33.10993927,19.13135364,26.17902562,4.483030858,0.0,4.899909731,0.0,39.1517801,39.26853844,0.0,0.0,0.0,0.0,0.0,0.0,54.69331985,0.0,0.0,33.10993927,0.0,0.0,3.24,0.0,0.0,0,0.0,0.0,6.041840829,63.01403416,0.0,0.0,18.74738413,0.0,1.447638889,2.637009637,0.0,0.0,0.0,0.750130149,4.427829349,13.07072531,0.0,1.0,14,0,2,0,2,2,0,0,0,1,0,2,1,0,2,2,2,1.7111,60.2884,0,0,0,2,0,0,0,0,0,0,0,0,0,0,0,0,0,0,0,0,0,0,0,0,1,1,0,1,0,1.0,80,1.0,0.0,120.0,2.3952,0.9323250974285714,0.2138670917857143,0.9657796090714286,0
CC(C)N1CC[N+]2(CCCCC2)CC1,12,2,0,0,0,1,1.0,0.750130149,2.637009637,0.750130149,0.578506844,197.346,172.146,197.2012252,82,0.091590827,-0.321487674,0.321487674,0.091590827,0.857142857,1.428571429,1.928571429,15.40853106,10.05374478,2.339005422,-2.474276071,2.216020953,-2.617554233,4.687974302,-0.9359342,1.87316695,172.7607507,10.01866157,9.835738491,9.835738491,6.718744015,6.310266024,6.310266024,5.426444963,5.426444963,4.218317761,4.218317761,3.051380937,3.051380937,-0.08,1931.225051,10.43822409,4.194610736,2.115687586,88.47159081,4.483030858,0.0,0.0,0.0,0.0,0.0,4.899909731,0.0,0,0.0,0.0,33.10993927,19.13135364,26.17902562,4.483030858,0.0,4.899909731,0.0,39.1517801,39.26853844,0.0,0.0,0.0,0.0,0.0,0.0,54.69331985,0.0,0.0,33.10993927,0.0,0.0,3.24,0.0,0.0,0,0.0,0.0,6.041840829,63.01403416,0.0,0.0,18.74738413,0.0,1.447638889,2.637009637,0.0,0.0,0.0,0.750130149,4.427829349,13.07072531,0.0,1.0,14,0,2,0,2,2,0,0,0,1,0,2,1,0,2,2,2,1.7111,60.2884,0,0,0,2,0,0,0,0,0,0,0,0,0,0,0,0,0,0,0,0,0,0,0,0,1,1,0,1,0,1.0,80,1.0,0.0,240.0,3.5928,0.9323250974285714,0.2138670917857143,0.9657796090714286,0
CC(C)N1CC[N+]2(CCCCC2)CC1,12,2,0,0,0,1,1.0,0.750130149,2.637009637,0.750130149,0.578506844,197.346,172.146,197.2012252,82,0.091590827,-0.321487674,0.321487674,0.091590827,0.857142857,1.428571429,1.928571429,15.40853106,10.05374478,2.339005422,-2.474276071,2.216020953,-2.617554233,4.687974302,-0.9359342,1.87316695,172.7607507,10.01866157,9.835738491,9.835738491,6.718744015,6.310266024,6.310266024,5.426444963,5.426444963,4.218317761,4.218317761,3.051380937,3.051380937,-0.08,1931.225051,10.43822409,4.194610736,2.115687586,88.47159081,4.483030858,0.0,0.0,0.0,0.0,0.0,4.899909731,0.0,0,0.0,0.0,33.10993927,19.13135364,26.17902562,4.483030858,0.0,4.899909731,0.0,39.1517801,39.26853844,0.0,0.0,0.0,0.0,0.0,0.0,54.69331985,0.0,0.0,33.10993927,0.0,0.0,3.24,0.0,0.0,0,0.0,0.0,6.041840829,63.01403416,0.0,0.0,18.74738413,0.0,1.447638889,2.637009637,0.0,0.0,0.0,0.750130149,4.427829349,13.07072531,0.0,1.0,14,0,2,0,2,2,0,0,0,1,0,2,1,0,2,2,2,1.7111,60.2884,0,0,0,2,0,0,0,0,0,0,0,0,0,0,0,0,0,0,0,0,0,0,0,0,1,1,0,1,0,1.0,80,1.0,0.0,360.0,5.3892,0.9323250974285714,0.2138670917857143,0.9657796090714286,0
CC(C)N1CC[N+]2(CCCCC2)CC1,12,2,0,0,0,1,1.0,0.750130149,2.637009637,0.750130149,0.578506844,197.346,172.146,197.2012252,82,0.091590827,-0.321487674,0.321487674,0.091590827,0.857142857,1.428571429,1.928571429,15.40853106,10.05374478,2.339005422,-2.474276071,2.216020953,-2.617554233,4.687974302,-0.9359342,1.87316695,172.7607507,10.01866157,9.835738491,9.835738491,6.718744015,6.310266024,6.310266024,5.426444963,5.426444963,4.218317761,4.218317761,3.051380937,3.051380937,-0.08,1931.225051,10.43822409,4.194610736,2.115687586,88.47159081,4.483030858,0.0,0.0,0.0,0.0,0.0,4.899909731,0.0,0,0.0,0.0,33.10993927,19.13135364,26.17902562,4.483030858,0.0,4.899909731,0.0,39.1517801,39.26853844,0.0,0.0,0.0,0.0,0.0,0.0,54.69331985,0.0,0.0,33.10993927,0.0,0.0,3.24,0.0,0.0,0,0.0,0.0,6.041840829,63.01403416,0.0,0.0,18.74738413,0.0,1.447638889,2.637009637,0.0,0.0,0.0,0.750130149,4.427829349,13.07072531,0.0,1.0,14,0,2,0,2,2,0,0,0,1,0,2,1,0,2,2,2,1.7111,60.2884,0,0,0,2,0,0,0,0,0,0,0,0,0,0,0,0,0,0,0,0,0,0,0,0,1,1,0,1,0,1.0,80,1.0,0.0,480.0,6.5868,0.9323250974285714,0.2138670917857143,0.9657796090714286,0
CC(C)N1CC[N+]2(CCCCC2)CC1,12,2,0,0,0,1,1.0,0.750130149,2.637009637,0.750130149,0.578506844,197.346,172.146,197.2012252,82,0.091590827,-0.321487674,0.321487674,0.091590827,0.857142857,1.428571429,1.928571429,15.40853106,10.05374478,2.339005422,-2.474276071,2.216020953,-2.617554233,4.687974302,-0.9359342,1.87316695,172.7607507,10.01866157,9.835738491,9.835738491,6.718744015,6.310266024,6.310266024,5.426444963,5.426444963,4.218317761,4.218317761,3.051380937,3.051380937,-0.08,1931.225051,10.43822409,4.194610736,2.115687586,88.47159081,4.483030858,0.0,0.0,0.0,0.0,0.0,4.899909731,0.0,0,0.0,0.0,33.10993927,19.13135364,26.17902562,4.483030858,0.0,4.899909731,0.0,39.1517801,39.26853844,0.0,0.0,0.0,0.0,0.0,0.0,54.69331985,0.0,0.0,33.10993927,0.0,0.0,3.24,0.0,0.0,0,0.0,0.0,6.041840829,63.01403416,0.0,0.0,18.74738413,0.0,1.447638889,2.637009637,0.0,0.0,0.0,0.750130149,4.427829349,13.07072531,0.0,1.0,14,0,2,0,2,2,0,0,0,1,0,2,1,0,2,2,2,1.7111,60.2884,0,0,0,2,0,0,0,0,0,0,0,0,0,0,0,0,0,0,0,0,0,0,0,0,1,1,0,1,0,1.0,80,1.0,0.0,600.0,7.1856,0.9323250974285714,0.2138670917857143,0.9657796090714286,0
CC(C)N1CC[N+]2(CCCCC2)CC1,12,2,0,0,0,1,1.0,0.750130149,2.637009637,0.750130149,0.578506844,197.346,172.146,197.2012252,82,0.091590827,-0.321487674,0.321487674,0.091590827,0.857142857,1.428571429,1.928571429,15.40853106,10.05374478,2.339005422,-2.474276071,2.216020953,-2.617554233,4.687974302,-0.9359342,1.87316695,172.7607507,10.01866157,9.835738491,9.835738491,6.718744015,6.310266024,6.310266024,5.426444963,5.426444963,4.218317761,4.218317761,3.051380937,3.051380937,-0.08,1931.225051,10.43822409,4.194610736,2.115687586,88.47159081,4.483030858,0.0,0.0,0.0,0.0,0.0,4.899909731,0.0,0,0.0,0.0,33.10993927,19.13135364,26.17902562,4.483030858,0.0,4.899909731,0.0,39.1517801,39.26853844,0.0,0.0,0.0,0.0,0.0,0.0,54.69331985,0.0,0.0,33.10993927,0.0,0.0,3.24,0.0,0.0,0,0.0,0.0,6.041840829,63.01403416,0.0,0.0,18.74738413,0.0,1.447638889,2.637009637,0.0,0.0,0.0,0.750130149,4.427829349,13.07072531,0.0,1.0,14,0,2,0,2,2,0,0,0,1,0,2,1,0,2,2,2,1.7111,60.2884,0,0,0,2,0,0,0,0,0,0,0,0,0,0,0,0,0,0,0,0,0,0,0,0,1,1,0,1,0,1.0,80,1.0,0.0,720.0,7.1856,0.9323250974285714,0.2138670917857143,0.9657796090714286,0
CN1CC[N+]2(CCCCC2)CC1,10,2,0,0,0,1,1.0,1.319444444,2.470342971,1.319444444,0.487683489,169.292,148.124,169.1699251,70,0.091570672,-0.32148825,0.32148825,0.091570672,0.833333333,1.416666667,2.0,15.40104183,10.06232206,2.321716528,-2.458210868,2.202146846,-2.602035852,4.627260081,-0.935671023,1.921173736,139.9175691,8.4413113,8.258388222,8.258388222,5.808060412,5.344580192,5.344580192,4.600004075,4.600004075,3.677035724,3.677035724,2.619513103,2.619513103,-0.08,782.2823154,8.51523239,3.346339286,1.642707656,75.74170658,4.483030858,0.0,0.0,0.0,0.0,0.0,4.899909731,0.0,0,0.0,0.0,26.31013685,13.08951281,26.17902562,4.483030858,0.0,4.899909731,0.0,19.26246487,46.31621042,0.0,0.0,0.0,0.0,0.0,0.0,55.69915101,0.0,0.0,19.26246487,0.0,0.0,3.24,0.0,0.0,0,0.0,0.0,0.0,63.01403416,0.0,0.0,11.94758171,0.0,1.44875,2.470342971,0.0,0.0,0.0,0.0,4.433797477,8.3975,2.249609552,1.0,12,0,2,0,2,2,0,0,0,1,0,2,0,0,2,2,2,0.9325,51.0764,0,0,0,2,0,0,0,1,0,0,0,0,0,0,0,0,0,0,0,0,0,0,0,0,1,1,0,1,0,1.0,80,1.0,0.0,0.0,0.0,0.8970726243571429,0.26759382385714287,0.9502712132142858,0
CN1CC[N+]2(CCCCC2)CC1,10,2,0,0,0,1,1.0,1.319444444,2.470342971,1.319444444,0.487683489,169.292,148.124,169.1699251,70,0.091570672,-0.32148825,0.32148825,0.091570672,0.833333333,1.416666667,2.0,15.40104183,10.06232206,2.321716528,-2.458210868,2.202146846,-2.602035852,4.627260081,-0.935671023,1.921173736,139.9175691,8.4413113,8.258388222,8.258388222,5.808060412,5.344580192,5.344580192,4.600004075,4.600004075,3.677035724,3.677035724,2.619513103,2.619513103,-0.08,782.2823154,8.51523239,3.346339286,1.642707656,75.74170658,4.483030858,0.0,0.0,0.0,0.0,0.0,4.899909731,0.0,0,0.0,0.0,26.31013685,13.08951281,26.17902562,4.483030858,0.0,4.899909731,0.0,19.26246487,46.31621042,0.0,0.0,0.0,0.0,0.0,0.0,55.69915101,0.0,0.0,19.26246487,0.0,0.0,3.24,0.0,0.0,0,0.0,0.0,0.0,63.01403416,0.0,0.0,11.94758171,0.0,1.44875,2.470342971,0.0,0.0,0.0,0.0,4.433797477,8.3975,2.249609552,1.0,12,0,2,0,2,2,0,0,0,1,0,2,0,0,2,2,2,0.9325,51.0764,0,0,0,2,0,0,0,1,0,0,0,0,0,0,0,0,0,0,0,0,0,0,0,0,1,1,0,1,0,1.0,80,1.0,0.0,120.0,2.3952,0.8970726243571429,0.26759382385714287,0.9502712132142858,0
CN1CC[N+]2(CCCCC2)CC1,10,2,0,0,0,1,1.0,1.319444444,2.470342971,1.319444444,0.487683489,169.292,148.124,169.1699251,70,0.091570672,-0.32148825,0.32148825,0.091570672,0.833333333,1.416666667,2.0,15.40104183,10.06232206,2.321716528,-2.458210868,2.202146846,-2.602035852,4.627260081,-0.935671023,1.921173736,139.9175691,8.4413113,8.258388222,8.258388222,5.808060412,5.344580192,5.344580192,4.600004075,4.600004075,3.677035724,3.677035724,2.619513103,2.619513103,-0.08,782.2823154,8.51523239,3.346339286,1.642707656,75.74170658,4.483030858,0.0,0.0,0.0,0.0,0.0,4.899909731,0.0,0,0.0,0.0,26.31013685,13.08951281,26.17902562,4.483030858,0.0,4.899909731,0.0,19.26246487,46.31621042,0.0,0.0,0.0,0.0,0.0,0.0,55.69915101,0.0,0.0,19.26246487,0.0,0.0,3.24,0.0,0.0,0,0.0,0.0,0.0,63.01403416,0.0,0.0,11.94758171,0.0,1.44875,2.470342971,0.0,0.0,0.0,0.0,4.433797477,8.3975,2.249609552,1.0,12,0,2,0,2,2,0,0,0,1,0,2,0,0,2,2,2,0.9325,51.0764,0,0,0,2,0,0,0,1,0,0,0,0,0,0,0,0,0,0,0,0,0,0,0,0,1,1,0,1,0,1.0,80,1.0,0.0,240.0,5.988,0.8970726243571429,0.26759382385714287,0.9502712132142858,0
CN1CC[N+]2(CCCCC2)CC1,10,2,0,0,0,1,1.0,1.319444444,2.470342971,1.319444444,0.487683489,169.292,148.124,169.1699251,70,0.091570672,-0.32148825,0.32148825,0.091570672,0.833333333,1.416666667,2.0,15.40104183,10.06232206,2.321716528,-2.458210868,2.202146846,-2.602035852,4.627260081,-0.935671023,1.921173736,139.9175691,8.4413113,8.258388222,8.258388222,5.808060412,5.344580192,5.344580192,4.600004075,4.600004075,3.677035724,3.677035724,2.619513103,2.619513103,-0.08,782.2823154,8.51523239,3.346339286,1.642707656,75.74170658,4.483030858,0.0,0.0,0.0,0.0,0.0,4.899909731,0.0,0,0.0,0.0,26.31013685,13.08951281,26.17902562,4.483030858,0.0,4.899909731,0.0,19.26246487,46.31621042,0.0,0.0,0.0,0.0,0.0,0.0,55.69915101,0.0,0.0,19.26246487,0.0,0.0,3.24,0.0,0.0,0,0.0,0.0,0.0,63.01403416,0.0,0.0,11.94758171,0.0,1.44875,2.470342971,0.0,0.0,0.0,0.0,4.433797477,8.3975,2.249609552,1.0,12,0,2,0,2,2,0,0,0,1,0,2,0,0,2,2,2,0.9325,51.0764,0,0,0,2,0,0,0,1,0,0,0,0,0,0,0,0,0,0,0,0,0,0,0,0,1,1,0,1,0,1.0,80,1.0,0.0,360.0,9.5808,0.8970726243571429,0.26759382385714287,0.9502712132142858,0
CN1CC[N+]2(CCCCC2)CC1,10,2,0,0,0,1,1.0,1.319444444,2.470342971,1.319444444,0.487683489,169.292,148.124,169.1699251,70,0.091570672,-0.32148825,0.32148825,0.091570672,0.833333333,1.416666667,2.0,15.40104183,10.06232206,2.321716528,-2.458210868,2.202146846,-2.602035852,4.627260081,-0.935671023,1.921173736,139.9175691,8.4413113,8.258388222,8.258388222,5.808060412,5.344580192,5.344580192,4.600004075,4.600004075,3.677035724,3.677035724,2.619513103,2.619513103,-0.08,782.2823154,8.51523239,3.346339286,1.642707656,75.74170658,4.483030858,0.0,0.0,0.0,0.0,0.0,4.899909731,0.0,0,0.0,0.0,26.31013685,13.08951281,26.17902562,4.483030858,0.0,4.899909731,0.0,19.26246487,46.31621042,0.0,0.0,0.0,0.0,0.0,0.0,55.69915101,0.0,0.0,19.26246487,0.0,0.0,3.24,0.0,0.0,0,0.0,0.0,0.0,63.01403416,0.0,0.0,11.94758171,0.0,1.44875,2.470342971,0.0,0.0,0.0,0.0,4.433797477,8.3975,2.249609552,1.0,12,0,2,0,2,2,0,0,0,1,0,2,0,0,2,2,2,0.9325,51.0764,0,0,0,2,0,0,0,1,0,0,0,0,0,0,0,0,0,0,0,0,0,0,0,0,1,1,0,1,0,1.0,80,1.0,0.0,480.0,13.7725,0.8970726243571429,0.26759382385714287,0.9502712132142858,0
CN1CC[N+]2(CCCCC2)CC1,10,2,0,0,0,1,1.0,1.319444444,2.470342971,1.319444444,0.487683489,169.292,148.124,169.1699251,70,0.091570672,-0.32148825,0.32148825,0.091570672,0.833333333,1.416666667,2.0,15.40104183,10.06232206,2.321716528,-2.458210868,2.202146846,-2.602035852,4.627260081,-0.935671023,1.921173736,139.9175691,8.4413113,8.258388222,8.258388222,5.808060412,5.344580192,5.344580192,4.600004075,4.600004075,3.677035724,3.677035724,2.619513103,2.619513103,-0.08,782.2823154,8.51523239,3.346339286,1.642707656,75.74170658,4.483030858,0.0,0.0,0.0,0.0,0.0,4.899909731,0.0,0,0.0,0.0,26.31013685,13.08951281,26.17902562,4.483030858,0.0,4.899909731,0.0,19.26246487,46.31621042,0.0,0.0,0.0,0.0,0.0,0.0,55.69915101,0.0,0.0,19.26246487,0.0,0.0,3.24,0.0,0.0,0,0.0,0.0,0.0,63.01403416,0.0,0.0,11.94758171,0.0,1.44875,2.470342971,0.0,0.0,0.0,0.0,4.433797477,8.3975,2.249609552,1.0,12,0,2,0,2,2,0,0,0,1,0,2,0,0,2,2,2,0.9325,51.0764,0,0,0,2,0,0,0,1,0,0,0,0,0,0,0,0,0,0,0,0,0,0,0,0,1,1,0,1,0,1.0,80,1.0,0.0,600.0,15.5689,0.8970726243571429,0.26759382385714287,0.9502712132142858,0
CN1CC[N+]2(CCCCC2)CC1,10,2,0,0,0,1,1.0,1.319444444,2.470342971,1.319444444,0.487683489,169.292,148.124,169.1699251,70,0.091570672,-0.32148825,0.32148825,0.091570672,0.833333333,1.416666667,2.0,15.40104183,10.06232206,2.321716528,-2.458210868,2.202146846,-2.602035852,4.627260081,-0.935671023,1.921173736,139.9175691,8.4413113,8.258388222,8.258388222,5.808060412,5.344580192,5.344580192,4.600004075,4.600004075,3.677035724,3.677035724,2.619513103,2.619513103,-0.08,782.2823154,8.51523239,3.346339286,1.642707656,75.74170658,4.483030858,0.0,0.0,0.0,0.0,0.0,4.899909731,0.0,0,0.0,0.0,26.31013685,13.08951281,26.17902562,4.483030858,0.0,4.899909731,0.0,19.26246487,46.31621042,0.0,0.0,0.0,0.0,0.0,0.0,55.69915101,0.0,0.0,19.26246487,0.0,0.0,3.24,0.0,0.0,0,0.0,0.0,0.0,63.01403416,0.0,0.0,11.94758171,0.0,1.44875,2.470342971,0.0,0.0,0.0,0.0,4.433797477,8.3975,2.249609552,1.0,12,0,2,0,2,2,0,0,0,1,0,2,0,0,2,2,2,0.9325,51.0764,0,0,0,2,0,0,0,1,0,0,0,0,0,0,0,0,0,0,0,0,0,0,0,0,1,1,0,1,0,1.0,80,1.0,0.0,720.0,16.1677,0.8970726243571429,0.26759382385714287,0.9502712132142858,0
CCC[N+]1(C)CCCCC1,9,1,0,0,0,1,1.0,1.34375,2.405416667,1.34375,0.517460485,142.266,122.106,142.1590261,60,0.078409972,-0.326052582,0.326052582,0.078409972,1.1,1.7,2.2,15.32606015,10.09271433,2.221086154,-2.370508108,2.154576624,-2.476533036,4.501831556,-0.913583053,2.323307216,87.3916136,7.449747468,7.396961064,7.396961064,4.767766953,4.603003675,4.603003675,3.850984256,3.850984256,2.659338255,2.659338255,2.039069615,2.039069615,-0.04,188.8023459,8.060401606,3.380057918,1.978612327,64.62276195,4.483030858,0.0,0.0,0.0,0.0,0.0,0.0,0.0,0,0.0,6.9237372,25.68328649,0.0,26.6819412,4.483030858,0.0,0.0,0.0,32.60702369,26.6819412,0.0,0.0,0.0,0.0,0.0,0.0,31.16497206,0.0,0.0,32.60702369,0.0,0.0,0.0,0.0,0.0,0,0.0,0.0,0.0,49.80058657,0.0,0.0,13.97140918,0.0,1.34375,0.0,0.0,0.0,0.0,0.0,5.723268141,6.527565193,2.405416667,1.0,10,0,1,0,1,1,0,0,0,0,0,1,2,0,1,1,1,2.0269,44.9274,0,0,0,1,0,0,0,0,1,0,0,0,0,0,0,0,0,0,0,0,0,0,0,0,1,0,0,1,0,1.0,80,1.0,0.0,0.0,0.0,0.9351293519999999,0.36366487242857143,0.9422998791428572,0
CCC[N+]1(C)CCCCC1,9,1,0,0,0,1,1.0,1.34375,2.405416667,1.34375,0.517460485,142.266,122.106,142.1590261,60,0.078409972,-0.326052582,0.326052582,0.078409972,1.1,1.7,2.2,15.32606015,10.09271433,2.221086154,-2.370508108,2.154576624,-2.476533036,4.501831556,-0.913583053,2.323307216,87.3916136,7.449747468,7.396961064,7.396961064,4.767766953,4.603003675,4.603003675,3.850984256,3.850984256,2.659338255,2.659338255,2.039069615,2.039069615,-0.04,188.8023459,8.060401606,3.380057918,1.978612327,64.62276195,4.483030858,0.0,0.0,0.0,0.0,0.0,0.0,0.0,0,0.0,6.9237372,25.68328649,0.0,26.6819412,4.483030858,0.0,0.0,0.0,32.60702369,26.6819412,0.0,0.0,0.0,0.0,0.0,0.0,31.16497206,0.0,0.0,32.60702369,0.0,0.0,0.0,0.0,0.0,0,0.0,0.0,0.0,49.80058657,0.0,0.0,13.97140918,0.0,1.34375,0.0,0.0,0.0,0.0,0.0,5.723268141,6.527565193,2.405416667,1.0,10,0,1,0,1,1,0,0,0,0,0,1,2,0,1,1,1,2.0269,44.9274,0,0,0,1,0,0,0,0,1,0,0,0,0,0,0,0,0,0,0,0,0,0,0,0,1,0,0,1,0,1.0,80,1.0,0.0,120.0,3.5928,0.9351293519999999,0.36366487242857143,0.9422998791428572,0
CCC[N+]1(C)CCCCC1,9,1,0,0,0,1,1.0,1.34375,2.405416667,1.34375,0.517460485,142.266,122.106,142.1590261,60,0.078409972,-0.326052582,0.326052582,0.078409972,1.1,1.7,2.2,15.32606015,10.09271433,2.221086154,-2.370508108,2.154576624,-2.476533036,4.501831556,-0.913583053,2.323307216,87.3916136,7.449747468,7.396961064,7.396961064,4.767766953,4.603003675,4.603003675,3.850984256,3.850984256,2.659338255,2.659338255,2.039069615,2.039069615,-0.04,188.8023459,8.060401606,3.380057918,1.978612327,64.62276195,4.483030858,0.0,0.0,0.0,0.0,0.0,0.0,0.0,0,0.0,6.9237372,25.68328649,0.0,26.6819412,4.483030858,0.0,0.0,0.0,32.60702369,26.6819412,0.0,0.0,0.0,0.0,0.0,0.0,31.16497206,0.0,0.0,32.60702369,0.0,0.0,0.0,0.0,0.0,0,0.0,0.0,0.0,49.80058657,0.0,0.0,13.97140918,0.0,1.34375,0.0,0.0,0.0,0.0,0.0,5.723268141,6.527565193,2.405416667,1.0,10,0,1,0,1,1,0,0,0,0,0,1,2,0,1,1,1,2.0269,44.9274,0,0,0,1,0,0,0,0,1,0,0,0,0,0,0,0,0,0,0,0,0,0,0,0,1,0,0,1,0,1.0,80,1.0,0.0,240.0,9.5808,0.9351293519999999,0.36366487242857143,0.9422998791428572,0
CCC[N+]1(C)CCCCC1,9,1,0,0,0,1,1.0,1.34375,2.405416667,1.34375,0.517460485,142.266,122.106,142.1590261,60,0.078409972,-0.326052582,0.326052582,0.078409972,1.1,1.7,2.2,15.32606015,10.09271433,2.221086154,-2.370508108,2.154576624,-2.476533036,4.501831556,-0.913583053,2.323307216,87.3916136,7.449747468,7.396961064,7.396961064,4.767766953,4.603003675,4.603003675,3.850984256,3.850984256,2.659338255,2.659338255,2.039069615,2.039069615,-0.04,188.8023459,8.060401606,3.380057918,1.978612327,64.62276195,4.483030858,0.0,0.0,0.0,0.0,0.0,0.0,0.0,0,0.0,6.9237372,25.68328649,0.0,26.6819412,4.483030858,0.0,0.0,0.0,32.60702369,26.6819412,0.0,0.0,0.0,0.0,0.0,0.0,31.16497206,0.0,0.0,32.60702369,0.0,0.0,0.0,0.0,0.0,0,0.0,0.0,0.0,49.80058657,0.0,0.0,13.97140918,0.0,1.34375,0.0,0.0,0.0,0.0,0.0,5.723268141,6.527565193,2.405416667,1.0,10,0,1,0,1,1,0,0,0,0,0,1,2,0,1,1,1,2.0269,44.9274,0,0,0,1,0,0,0,0,1,0,0,0,0,0,0,0,0,0,0,0,0,0,0,0,1,0,0,1,0,1.0,80,1.0,0.0,360.0,13.7725,0.9351293519999999,0.36366487242857143,0.9422998791428572,0
CCC[N+]1(C)CCCCC1,9,1,0,0,0,1,1.0,1.34375,2.405416667,1.34375,0.517460485,142.266,122.106,142.1590261,60,0.078409972,-0.326052582,0.326052582,0.078409972,1.1,1.7,2.2,15.32606015,10.09271433,2.221086154,-2.370508108,2.154576624,-2.476533036,4.501831556,-0.913583053,2.323307216,87.3916136,7.449747468,7.396961064,7.396961064,4.767766953,4.603003675,4.603003675,3.850984256,3.850984256,2.659338255,2.659338255,2.039069615,2.039069615,-0.04,188.8023459,8.060401606,3.380057918,1.978612327,64.62276195,4.483030858,0.0,0.0,0.0,0.0,0.0,0.0,0.0,0,0.0,6.9237372,25.68328649,0.0,26.6819412,4.483030858,0.0,0.0,0.0,32.60702369,26.6819412,0.0,0.0,0.0,0.0,0.0,0.0,31.16497206,0.0,0.0,32.60702369,0.0,0.0,0.0,0.0,0.0,0,0.0,0.0,0.0,49.80058657,0.0,0.0,13.97140918,0.0,1.34375,0.0,0.0,0.0,0.0,0.0,5.723268141,6.527565193,2.405416667,1.0,10,0,1,0,1,1,0,0,0,0,0,1,2,0,1,1,1,2.0269,44.9274,0,0,0,1,0,0,0,0,1,0,0,0,0,0,0,0,0,0,0,0,0,0,0,0,1,0,0,1,0,1.0,80,1.0,0.0,480.0,17.3653,0.9351293519999999,0.36366487242857143,0.9422998791428572,0
CCC[N+]1(C)CCCCC1,9,1,0,0,0,1,1.0,1.34375,2.405416667,1.34375,0.517460485,142.266,122.106,142.1590261,60,0.078409972,-0.326052582,0.326052582,0.078409972,1.1,1.7,2.2,15.32606015,10.09271433,2.221086154,-2.370508108,2.154576624,-2.476533036,4.501831556,-0.913583053,2.323307216,87.3916136,7.449747468,7.396961064,7.396961064,4.767766953,4.603003675,4.603003675,3.850984256,3.850984256,2.659338255,2.659338255,2.039069615,2.039069615,-0.04,188.8023459,8.060401606,3.380057918,1.978612327,64.62276195,4.483030858,0.0,0.0,0.0,0.0,0.0,0.0,0.0,0,0.0,6.9237372,25.68328649,0.0,26.6819412,4.483030858,0.0,0.0,0.0,32.60702369,26.6819412,0.0,0.0,0.0,0.0,0.0,0.0,31.16497206,0.0,0.0,32.60702369,0.0,0.0,0.0,0.0,0.0,0,0.0,0.0,0.0,49.80058657,0.0,0.0,13.97140918,0.0,1.34375,0.0,0.0,0.0,0.0,0.0,5.723268141,6.527565193,2.405416667,1.0,10,0,1,0,1,1,0,0,0,0,0,1,2,0,1,1,1,2.0269,44.9274,0,0,0,1,0,0,0,0,1,0,0,0,0,0,0,0,0,0,0,0,0,0,0,0,1,0,0,1,0,1.0,80,1.0,0.0,600.0,22.1557,0.9351293519999999,0.36366487242857143,0.9422998791428572,0
CCC[N+]1(C)CCCCC1,9,1,0,0,0,1,1.0,1.34375,2.405416667,1.34375,0.517460485,142.266,122.106,142.1590261,60,0.078409972,-0.326052582,0.326052582,0.078409972,1.1,1.7,2.2,15.32606015,10.09271433,2.221086154,-2.370508108,2.154576624,-2.476533036,4.501831556,-0.913583053,2.323307216,87.3916136,7.449747468,7.396961064,7.396961064,4.767766953,4.603003675,4.603003675,3.850984256,3.850984256,2.659338255,2.659338255,2.039069615,2.039069615,-0.04,188.8023459,8.060401606,3.380057918,1.978612327,64.62276195,4.483030858,0.0,0.0,0.0,0.0,0.0,0.0,0.0,0,0.0,6.9237372,25.68328649,0.0,26.6819412,4.483030858,0.0,0.0,0.0,32.60702369,26.6819412,0.0,0.0,0.0,0.0,0.0,0.0,31.16497206,0.0,0.0,32.60702369,0.0,0.0,0.0,0.0,0.0,0,0.0,0.0,0.0,49.80058657,0.0,0.0,13.97140918,0.0,1.34375,0.0,0.0,0.0,0.0,0.0,5.723268141,6.527565193,2.405416667,1.0,10,0,1,0,1,1,0,0,0,0,0,1,2,0,1,1,1,2.0269,44.9274,0,0,0,1,0,0,0,0,1,0,0,0,0,0,0,0,0,0,0,0,0,0,0,0,1,0,0,1,0,1.0,80,1.0,0.0,720.0,26.9461,0.9351293519999999,0.36366487242857143,0.9422998791428572,0
C1=CC=C(N2CC[N+]3(CCCCC3)CC2)C=C1,15,2,0,0,0,1,0.6,1.240092593,2.553676304,1.240092593,0.671308297,231.363,208.179,231.1855752,92,0.096476902,-0.360231821,0.360231821,0.096476902,0.764705882,1.411764706,2.058823529,15.40611756,10.05556952,2.334399874,-2.47083131,2.237650884,-2.610759642,5.455805311,-0.932405155,1.6384488,344.4443861,11.55419547,10.64513957,10.64513957,8.380540058,7.031656996,7.031656996,5.619325467,5.619325467,4.574770898,4.574770898,3.416524608,3.416524608,-1.02,14533.42115,11.09228519,4.691819416,2.320384179,104.4338587,9.382940589,0.0,0.0,0.0,0.0,0.0,0.0,0.0,0,0.0,18.19910121,31.39519901,5.687386275,39.26853844,4.483030858,5.687386275,0.0,0.0,19.26246487,44.16844817,30.33183534,0.0,4.899909731,5.687386275,0.0,0.0,43.75156929,0.0,0.0,19.26246487,30.33183534,0.0,3.24,0.0,0.0,0,0.0,0.0,0.0,68.70142044,0.0,0.0,35.23174507,0.0,1.406084892,2.553676304,0.0,1.404962443,0.0,10.88314529,4.360191984,8.058605757,0.0,0.6,17,0,2,0,2,2,1,0,1,1,0,2,1,0,2,2,3,2.5073,72.2344,0,0,0,2,0,0,0,0,0,0,1,0,1,0,0,0,0,0,0,0,0,0,0,1,1,1,0,1,0,1.0,80,1.0,0.0,0.0,0.0,0.7417935850714287,0.12632080271428572,0.9579490665,0
C1=CC=C(N2CC[N+]3(CCCCC3)CC2)C=C1,15,2,0,0,0,1,0.6,1.240092593,2.553676304,1.240092593,0.671308297,231.363,208.179,231.1855752,92,0.096476902,-0.360231821,0.360231821,0.096476902,0.764705882,1.411764706,2.058823529,15.40611756,10.05556952,2.334399874,-2.47083131,2.237650884,-2.610759642,5.455805311,-0.932405155,1.6384488,344.4443861,11.55419547,10.64513957,10.64513957,8.380540058,7.031656996,7.031656996,5.619325467,5.619325467,4.574770898,4.574770898,3.416524608,3.416524608,-1.02,14533.42115,11.09228519,4.691819416,2.320384179,104.4338587,9.382940589,0.0,0.0,0.0,0.0,0.0,0.0,0.0,0,0.0,18.19910121,31.39519901,5.687386275,39.26853844,4.483030858,5.687386275,0.0,0.0,19.26246487,44.16844817,30.33183534,0.0,4.899909731,5.687386275,0.0,0.0,43.75156929,0.0,0.0,19.26246487,30.33183534,0.0,3.24,0.0,0.0,0,0.0,0.0,0.0,68.70142044,0.0,0.0,35.23174507,0.0,1.406084892,2.553676304,0.0,1.404962443,0.0,10.88314529,4.360191984,8.058605757,0.0,0.6,17,0,2,0,2,2,1,0,1,1,0,2,1,0,2,2,3,2.5073,72.2344,0,0,0,2,0,0,0,0,0,0,1,0,1,0,0,0,0,0,0,0,0,0,0,1,1,1,0,1,0,1.0,80,1.0,0.0,120.0,8.3832,0.7417935850714287,0.12632080271428572,0.9579490665,0
C1=CC=C(N2CC[N+]3(CCCCC3)CC2)C=C1,15,2,0,0,0,1,0.6,1.240092593,2.553676304,1.240092593,0.671308297,231.363,208.179,231.1855752,92,0.096476902,-0.360231821,0.360231821,0.096476902,0.764705882,1.411764706,2.058823529,15.40611756,10.05556952,2.334399874,-2.47083131,2.237650884,-2.610759642,5.455805311,-0.932405155,1.6384488,344.4443861,11.55419547,10.64513957,10.64513957,8.380540058,7.031656996,7.031656996,5.619325467,5.619325467,4.574770898,4.574770898,3.416524608,3.416524608,-1.02,14533.42115,11.09228519,4.691819416,2.320384179,104.4338587,9.382940589,0.0,0.0,0.0,0.0,0.0,0.0,0.0,0,0.0,18.19910121,31.39519901,5.687386275,39.26853844,4.483030858,5.687386275,0.0,0.0,19.26246487,44.16844817,30.33183534,0.0,4.899909731,5.687386275,0.0,0.0,43.75156929,0.0,0.0,19.26246487,30.33183534,0.0,3.24,0.0,0.0,0,0.0,0.0,0.0,68.70142044,0.0,0.0,35.23174507,0.0,1.406084892,2.553676304,0.0,1.404962443,0.0,10.88314529,4.360191984,8.058605757,0.0,0.6,17,0,2,0,2,2,1,0,1,1,0,2,1,0,2,2,3,2.5073,72.2344,0,0,0,2,0,0,0,0,0,0,1,0,1,0,0,0,0,0,0,0,0,0,0,1,1,1,0,1,0,1.0,80,1.0,0.0,240.0,27.5449,0.7417935850714287,0.12632080271428572,0.9579490665,0
C1=CC=C(N2CC[N+]3(CCCCC3)CC2)C=C1,15,2,0,0,0,1,0.6,1.240092593,2.553676304,1.240092593,0.671308297,231.363,208.179,231.1855752,92,0.096476902,-0.360231821,0.360231821,0.096476902,0.764705882,1.411764706,2.058823529,15.40611756,10.05556952,2.334399874,-2.47083131,2.237650884,-2.610759642,5.455805311,-0.932405155,1.6384488,344.4443861,11.55419547,10.64513957,10.64513957,8.380540058,7.031656996,7.031656996,5.619325467,5.619325467,4.574770898,4.574770898,3.416524608,3.416524608,-1.02,14533.42115,11.09228519,4.691819416,2.320384179,104.4338587,9.382940589,0.0,0.0,0.0,0.0,0.0,0.0,0.0,0,0.0,18.19910121,31.39519901,5.687386275,39.26853844,4.483030858,5.687386275,0.0,0.0,19.26246487,44.16844817,30.33183534,0.0,4.899909731,5.687386275,0.0,0.0,43.75156929,0.0,0.0,19.26246487,30.33183534,0.0,3.24,0.0,0.0,0,0.0,0.0,0.0,68.70142044,0.0,0.0,35.23174507,0.0,1.406084892,2.553676304,0.0,1.404962443,0.0,10.88314529,4.360191984,8.058605757,0.0,0.6,17,0,2,0,2,2,1,0,1,1,0,2,1,0,2,2,3,2.5073,72.2344,0,0,0,2,0,0,0,0,0,0,1,0,1,0,0,0,0,0,0,0,0,0,0,1,1,1,0,1,0,1.0,80,1.0,0.0,360.0,36.5269,0.7417935850714287,0.12632080271428572,0.9579490665,0
C1=CC=C(N2CC[N+]3(CCCCC3)CC2)C=C1,15,2,0,0,0,1,0.6,1.240092593,2.553676304,1.240092593,0.671308297,231.363,208.179,231.1855752,92,0.096476902,-0.360231821,0.360231821,0.096476902,0.764705882,1.411764706,2.058823529,15.40611756,10.05556952,2.334399874,-2.47083131,2.237650884,-2.610759642,5.455805311,-0.932405155,1.6384488,344.4443861,11.55419547,10.64513957,10.64513957,8.380540058,7.031656996,7.031656996,5.619325467,5.619325467,4.574770898,4.574770898,3.416524608,3.416524608,-1.02,14533.42115,11.09228519,4.691819416,2.320384179,104.4338587,9.382940589,0.0,0.0,0.0,0.0,0.0,0.0,0.0,0,0.0,18.19910121,31.39519901,5.687386275,39.26853844,4.483030858,5.687386275,0.0,0.0,19.26246487,44.16844817,30.33183534,0.0,4.899909731,5.687386275,0.0,0.0,43.75156929,0.0,0.0,19.26246487,30.33183534,0.0,3.24,0.0,0.0,0,0.0,0.0,0.0,68.70142044,0.0,0.0,35.23174507,0.0,1.406084892,2.553676304,0.0,1.404962443,0.0,10.88314529,4.360191984,8.058605757,0.0,0.6,17,0,2,0,2,2,1,0,1,1,0,2,1,0,2,2,3,2.5073,72.2344,0,0,0,2,0,0,0,0,0,0,1,0,1,0,0,0,0,0,0,0,0,0,0,1,1,1,0,1,0,1.0,80,1.0,0.0,480.0,44.9102,0.7417935850714287,0.12632080271428572,0.9579490665,0
C1=CC=C(N2CC[N+]3(CCCCC3)CC2)C=C1,15,2,0,0,0,1,0.6,1.240092593,2.553676304,1.240092593,0.671308297,231.363,208.179,231.1855752,92,0.096476902,-0.360231821,0.360231821,0.096476902,0.764705882,1.411764706,2.058823529,15.40611756,10.05556952,2.334399874,-2.47083131,2.237650884,-2.610759642,5.455805311,-0.932405155,1.6384488,344.4443861,11.55419547,10.64513957,10.64513957,8.380540058,7.031656996,7.031656996,5.619325467,5.619325467,4.574770898,4.574770898,3.416524608,3.416524608,-1.02,14533.42115,11.09228519,4.691819416,2.320384179,104.4338587,9.382940589,0.0,0.0,0.0,0.0,0.0,0.0,0.0,0,0.0,18.19910121,31.39519901,5.687386275,39.26853844,4.483030858,5.687386275,0.0,0.0,19.26246487,44.16844817,30.33183534,0.0,4.899909731,5.687386275,0.0,0.0,43.75156929,0.0,0.0,19.26246487,30.33183534,0.0,3.24,0.0,0.0,0,0.0,0.0,0.0,68.70142044,0.0,0.0,35.23174507,0.0,1.406084892,2.553676304,0.0,1.404962443,0.0,10.88314529,4.360191984,8.058605757,0.0,0.6,17,0,2,0,2,2,1,0,1,1,0,2,1,0,2,2,3,2.5073,72.2344,0,0,0,2,0,0,0,0,0,0,1,0,1,0,0,0,0,0,0,0,0,0,0,1,1,1,0,1,0,1.0,80,1.0,0.0,600.0,57.485,0.7417935850714287,0.12632080271428572,0.9579490665,0
C1=CC=C(N2CC[N+]3(CCCCC3)CC2)C=C1,15,2,0,0,0,1,0.6,1.240092593,2.553676304,1.240092593,0.671308297,231.363,208.179,231.1855752,92,0.096476902,-0.360231821,0.360231821,0.096476902,0.764705882,1.411764706,2.058823529,15.40611756,10.05556952,2.334399874,-2.47083131,2.237650884,-2.610759642,5.455805311,-0.932405155,1.6384488,344.4443861,11.55419547,10.64513957,10.64513957,8.380540058,7.031656996,7.031656996,5.619325467,5.619325467,4.574770898,4.574770898,3.416524608,3.416524608,-1.02,14533.42115,11.09228519,4.691819416,2.320384179,104.4338587,9.382940589,0.0,0.0,0.0,0.0,0.0,0.0,0.0,0,0.0,18.19910121,31.39519901,5.687386275,39.26853844,4.483030858,5.687386275,0.0,0.0,19.26246487,44.16844817,30.33183534,0.0,4.899909731,5.687386275,0.0,0.0,43.75156929,0.0,0.0,19.26246487,30.33183534,0.0,3.24,0.0,0.0,0,0.0,0.0,0.0,68.70142044,0.0,0.0,35.23174507,0.0,1.406084892,2.553676304,0.0,1.404962443,0.0,10.88314529,4.360191984,8.058605757,0.0,0.6,17,0,2,0,2,2,1,0,1,1,0,2,1,0,2,2,3,2.5073,72.2344,0,0,0,2,0,0,0,0,0,0,1,0,1,0,0,0,0,0,0,0,0,0,0,1,1,1,0,1,0,1.0,80,1.0,0.0,720.0,71.8563,0.7417935850714287,0.12632080271428572,0.9579490665,0
CCCCN1C(C2=CC=CC=C2)=C(C2=CC=CC=C2)[N+](CCCC)=C1C1=C(C)C=CC=C1C,31,2,0,0,0,1,0.322580645,1.016660525,2.617222222,1.016660525,0.234590608,437.651,400.355,437.2951256,170,0.289918831,-0.222325781,0.289918831,0.222325781,0.666666667,1.242424242,1.818181818,15.18400952,10.01583272,2.33777768,-2.113078455,2.370237176,-2.375282935,5.79580841,-0.674898086,2.154104773,1097.582779,23.20853153,20.64262138,20.64262138,16.16823376,12.50648043,12.50648043,9.030062734,9.030062734,6.545208927,6.545208927,4.89528542,4.89528542,-3.13,42296183.48,23.04248865,10.65769386,4.661433257,199.1008583,0.0,0.0,11.38785599,0.0,5.824404498,0.0,0.0,9.134199296,0,0.0,105.5518895,37.81602063,11.12690298,18.6529643,4.567099648,0.0,4.567099648,0.0,66.4677481,0.0,89.98967487,33.90261496,4.567099648,0.0,0.0,0.0,4.567099648,13.08951281,13.8474744,50.65766387,78.86277189,33.90261496,8.81,0.0,0.0,0,0.0,0.0,25.93115606,57.87116119,0.0,0.0,115.69192,0.0,5.234444444,0.0,0.0,9.311948959,1.352042706,28.64295546,4.671991686,11.11995008,0.0,0.322580645,33,0,2,0,0,0,3,1,4,1,0,2,9,0,0,0,4,7.99364,140.225,0,0,2,2,0,0,0,0,0,0,0,2,3,0,0,0,0,1,0,0,0,0,0,0,0,0,0,0,0,1.0,80,1.0,0.0,0.0,0.0,1.286971731,0.5264047875333333,0.6764443264666667,0
CCCCN1C(C2=CC=CC=C2)=C(C2=CC=CC=C2)[N+](CCCC)=C1C1=C(C)C=CC=C1C,31,2,0,0,0,1,0.322580645,1.016660525,2.617222222,1.016660525,0.234590608,437.651,400.355,437.2951256,170,0.289918831,-0.222325781,0.289918831,0.222325781,0.666666667,1.242424242,1.818181818,15.18400952,10.01583272,2.33777768,-2.113078455,2.370237176,-2.375282935,5.79580841,-0.674898086,2.154104773,1097.582779,23.20853153,20.64262138,20.64262138,16.16823376,12.50648043,12.50648043,9.030062734,9.030062734,6.545208927,6.545208927,4.89528542,4.89528542,-3.13,42296183.48,23.04248865,10.65769386,4.661433257,199.1008583,0.0,0.0,11.38785599,0.0,5.824404498,0.0,0.0,9.134199296,0,0.0,105.5518895,37.81602063,11.12690298,18.6529643,4.567099648,0.0,4.567099648,0.0,66.4677481,0.0,89.98967487,33.90261496,4.567099648,0.0,0.0,0.0,4.567099648,13.08951281,13.8474744,50.65766387,78.86277189,33.90261496,8.81,0.0,0.0,0,0.0,0.0,25.93115606,57.87116119,0.0,0.0,115.69192,0.0,5.234444444,0.0,0.0,9.311948959,1.352042706,28.64295546,4.671991686,11.11995008,0.0,0.322580645,33,0,2,0,0,0,3,1,4,1,0,2,9,0,0,0,4,7.99364,140.225,0,0,2,2,0,0,0,0,0,0,0,2,3,0,0,0,0,1,0,0,0,0,0,0,0,0,0,0,0,1.0,80,1.0,0.0,120.0,0.0,1.286971731,0.5264047875333333,0.6764443264666667,0
CCCCN1C(C2=CC=CC=C2)=C(C2=CC=CC=C2)[N+](CCCC)=C1C1=C(C)C=CC=C1C,31,2,0,0,0,1,0.322580645,1.016660525,2.617222222,1.016660525,0.234590608,437.651,400.355,437.2951256,170,0.289918831,-0.222325781,0.289918831,0.222325781,0.666666667,1.242424242,1.818181818,15.18400952,10.01583272,2.33777768,-2.113078455,2.370237176,-2.375282935,5.79580841,-0.674898086,2.154104773,1097.582779,23.20853153,20.64262138,20.64262138,16.16823376,12.50648043,12.50648043,9.030062734,9.030062734,6.545208927,6.545208927,4.89528542,4.89528542,-3.13,42296183.48,23.04248865,10.65769386,4.661433257,199.1008583,0.0,0.0,11.38785599,0.0,5.824404498,0.0,0.0,9.134199296,0,0.0,105.5518895,37.81602063,11.12690298,18.6529643,4.567099648,0.0,4.567099648,0.0,66.4677481,0.0,89.98967487,33.90261496,4.567099648,0.0,0.0,0.0,4.567099648,13.08951281,13.8474744,50.65766387,78.86277189,33.90261496,8.81,0.0,0.0,0,0.0,0.0,25.93115606,57.87116119,0.0,0.0,115.69192,0.0,5.234444444,0.0,0.0,9.311948959,1.352042706,28.64295546,4.671991686,11.11995008,0.0,0.322580645,33,0,2,0,0,0,3,1,4,1,0,2,9,0,0,0,4,7.99364,140.225,0,0,2,2,0,0,0,0,0,0,0,2,3,0,0,0,0,1,0,0,0,0,0,0,0,0,0,0,0,1.0,80,1.0,0.0,240.0,0.0,1.286971731,0.5264047875333333,0.6764443264666667,0
CCCCN1C(C2=CC=CC=C2)=C(C2=CC=CC=C2)[N+](CCCC)=C1C1=C(C)C=CC=C1C,31,2,0,0,0,1,0.322580645,1.016660525,2.617222222,1.016660525,0.234590608,437.651,400.355,437.2951256,170,0.289918831,-0.222325781,0.289918831,0.222325781,0.666666667,1.242424242,1.818181818,15.18400952,10.01583272,2.33777768,-2.113078455,2.370237176,-2.375282935,5.79580841,-0.674898086,2.154104773,1097.582779,23.20853153,20.64262138,20.64262138,16.16823376,12.50648043,12.50648043,9.030062734,9.030062734,6.545208927,6.545208927,4.89528542,4.89528542,-3.13,42296183.48,23.04248865,10.65769386,4.661433257,199.1008583,0.0,0.0,11.38785599,0.0,5.824404498,0.0,0.0,9.134199296,0,0.0,105.5518895,37.81602063,11.12690298,18.6529643,4.567099648,0.0,4.567099648,0.0,66.4677481,0.0,89.98967487,33.90261496,4.567099648,0.0,0.0,0.0,4.567099648,13.08951281,13.8474744,50.65766387,78.86277189,33.90261496,8.81,0.0,0.0,0,0.0,0.0,25.93115606,57.87116119,0.0,0.0,115.69192,0.0,5.234444444,0.0,0.0,9.311948959,1.352042706,28.64295546,4.671991686,11.11995008,0.0,0.322580645,33,0,2,0,0,0,3,1,4,1,0,2,9,0,0,0,4,7.99364,140.225,0,0,2,2,0,0,0,0,0,0,0,2,3,0,0,0,0,1,0,0,0,0,0,0,0,0,0,0,0,1.0,80,1.0,0.0,360.0,0.0,1.286971731,0.5264047875333333,0.6764443264666667,0
CCCCN1C(C2=CC=CC=C2)=C(C2=CC=CC=C2)[N+](CCCC)=C1C1=C(C)C=CC=C1C,31,2,0,0,0,1,0.322580645,1.016660525,2.617222222,1.016660525,0.234590608,437.651,400.355,437.2951256,170,0.289918831,-0.222325781,0.289918831,0.222325781,0.666666667,1.242424242,1.818181818,15.18400952,10.01583272,2.33777768,-2.113078455,2.370237176,-2.375282935,5.79580841,-0.674898086,2.154104773,1097.582779,23.20853153,20.64262138,20.64262138,16.16823376,12.50648043,12.50648043,9.030062734,9.030062734,6.545208927,6.545208927,4.89528542,4.89528542,-3.13,42296183.48,23.04248865,10.65769386,4.661433257,199.1008583,0.0,0.0,11.38785599,0.0,5.824404498,0.0,0.0,9.134199296,0,0.0,105.5518895,37.81602063,11.12690298,18.6529643,4.567099648,0.0,4.567099648,0.0,66.4677481,0.0,89.98967487,33.90261496,4.567099648,0.0,0.0,0.0,4.567099648,13.08951281,13.8474744,50.65766387,78.86277189,33.90261496,8.81,0.0,0.0,0,0.0,0.0,25.93115606,57.87116119,0.0,0.0,115.69192,0.0,5.234444444,0.0,0.0,9.311948959,1.352042706,28.64295546,4.671991686,11.11995008,0.0,0.322580645,33,0,2,0,0,0,3,1,4,1,0,2,9,0,0,0,4,7.99364,140.225,0,0,2,2,0,0,0,0,0,0,0,2,3,0,0,0,0,1,0,0,0,0,0,0,0,0,0,0,0,1.0,80,1.0,0.0,480.0,0.0,1.286971731,0.5264047875333333,0.6764443264666667,0
CCCCN1C(C2=CC=CC=C2)=C(C2=CC=CC=C2)[N+](CCCC)=C1C1=C(C)C=CC=C1C,31,2,0,0,0,1,0.322580645,1.016660525,2.617222222,1.016660525,0.234590608,437.651,400.355,437.2951256,170,0.289918831,-0.222325781,0.289918831,0.222325781,0.666666667,1.242424242,1.818181818,15.18400952,10.01583272,2.33777768,-2.113078455,2.370237176,-2.375282935,5.79580841,-0.674898086,2.154104773,1097.582779,23.20853153,20.64262138,20.64262138,16.16823376,12.50648043,12.50648043,9.030062734,9.030062734,6.545208927,6.545208927,4.89528542,4.89528542,-3.13,42296183.48,23.04248865,10.65769386,4.661433257,199.1008583,0.0,0.0,11.38785599,0.0,5.824404498,0.0,0.0,9.134199296,0,0.0,105.5518895,37.81602063,11.12690298,18.6529643,4.567099648,0.0,4.567099648,0.0,66.4677481,0.0,89.98967487,33.90261496,4.567099648,0.0,0.0,0.0,4.567099648,13.08951281,13.8474744,50.65766387,78.86277189,33.90261496,8.81,0.0,0.0,0,0.0,0.0,25.93115606,57.87116119,0.0,0.0,115.69192,0.0,5.234444444,0.0,0.0,9.311948959,1.352042706,28.64295546,4.671991686,11.11995008,0.0,0.322580645,33,0,2,0,0,0,3,1,4,1,0,2,9,0,0,0,4,7.99364,140.225,0,0,2,2,0,0,0,0,0,0,0,2,3,0,0,0,0,1,0,0,0,0,0,0,0,0,0,0,0,1.0,80,1.0,0.0,600.0,0.0,1.286971731,0.5264047875333333,0.6764443264666667,0
CCCCN1C(C2=CC=CC=C2)=C(C2=CC=CC=C2)[N+](CCCC)=C1C1=C(C)C=CC=C1C,31,2,0,0,0,1,0.322580645,1.016660525,2.617222222,1.016660525,0.234590608,437.651,400.355,437.2951256,170,0.289918831,-0.222325781,0.289918831,0.222325781,0.666666667,1.242424242,1.818181818,15.18400952,10.01583272,2.33777768,-2.113078455,2.370237176,-2.375282935,5.79580841,-0.674898086,2.154104773,1097.582779,23.20853153,20.64262138,20.64262138,16.16823376,12.50648043,12.50648043,9.030062734,9.030062734,6.545208927,6.545208927,4.89528542,4.89528542,-3.13,42296183.48,23.04248865,10.65769386,4.661433257,199.1008583,0.0,0.0,11.38785599,0.0,5.824404498,0.0,0.0,9.134199296,0,0.0,105.5518895,37.81602063,11.12690298,18.6529643,4.567099648,0.0,4.567099648,0.0,66.4677481,0.0,89.98967487,33.90261496,4.567099648,0.0,0.0,0.0,4.567099648,13.08951281,13.8474744,50.65766387,78.86277189,33.90261496,8.81,0.0,0.0,0,0.0,0.0,25.93115606,57.87116119,0.0,0.0,115.69192,0.0,5.234444444,0.0,0.0,9.311948959,1.352042706,28.64295546,4.671991686,11.11995008,0.0,0.322580645,33,0,2,0,0,0,3,1,4,1,0,2,9,0,0,0,4,7.99364,140.225,0,0,2,2,0,0,0,0,0,0,0,2,3,0,0,0,0,1,0,0,0,0,0,0,0,0,0,0,0,1.0,80,1.0,0.0,720.0,0.0,1.286971731,0.5264047875333333,0.6764443264666667,0
CC1=CC=CC(C)=C1C1=[N+](C)C(C2=CC=CC=C2)=C(C2=CC=CC=C2)N1CC1=CC=CC=C1,31,2,0,0,0,1,0.129032258,0.800445248,2.502314815,0.800445248,0.266565493,429.587,400.355,429.2325253,162,0.289979991,-0.225071168,0.289979991,0.225071168,0.606060606,1.121212121,1.696969697,15.17157703,10.01658948,2.326608592,-2.104073841,2.36640582,-2.323743743,5.796947376,-0.64817286,1.903112501,1361.58744,22.7858818,19.49383882,19.49383882,16.14786705,11.48748969,11.48748969,8.65044063,8.65044063,6.385702209,6.385702209,4.884286493,4.884286493,-3.91,55845517.3,20.96301115,8.91374478,3.892133942,195.9682998,0.0,6.544756406,11.38785599,0.0,5.824404498,0.0,0.0,9.134199296,0,0.0,109.1946072,30.53782887,11.12690298,12.61112347,4.567099648,0.0,4.567099648,7.047671983,20.39223081,0.0,125.8849617,33.90261496,4.567099648,0.0,0.0,0.0,4.567099648,13.59242839,13.8474744,16.69035448,109.1946072,33.90261496,8.81,0.0,0.0,0,0.0,0.0,6.544756406,50.59296944,0.0,0.0,139.2239529,0.0,4.887175926,0.0,0.0,10.08394185,1.228851096,38.86404733,0.0,5.230150463,2.205833333,0.129032258,33,0,2,0,0,0,4,1,5,1,0,2,5,0,0,0,5,6.97874,136.934,0,0,2,2,0,0,0,0,0,0,0,2,4,0,0,0,0,1,0,0,0,0,0,0,0,0,0,0,0,1.0,80,1.0,0.0,0.0,0.0,1.4093707405714286,0.47010623764285714,0.8122758707857143,0
CC1=CC=CC(C)=C1C1=[N+](C)C(C2=CC=CC=C2)=C(C2=CC=CC=C2)N1CC1=CC=CC=C1,31,2,0,0,0,1,0.129032258,0.800445248,2.502314815,0.800445248,0.266565493,429.587,400.355,429.2325253,162,0.289979991,-0.225071168,0.289979991,0.225071168,0.606060606,1.121212121,1.696969697,15.17157703,10.01658948,2.326608592,-2.104073841,2.36640582,-2.323743743,5.796947376,-0.64817286,1.903112501,1361.58744,22.7858818,19.49383882,19.49383882,16.14786705,11.48748969,11.48748969,8.65044063,8.65044063,6.385702209,6.385702209,4.884286493,4.884286493,-3.91,55845517.3,20.96301115,8.91374478,3.892133942,195.9682998,0.0,6.544756406,11.38785599,0.0,5.824404498,0.0,0.0,9.134199296,0,0.0,109.1946072,30.53782887,11.12690298,12.61112347,4.567099648,0.0,4.567099648,7.047671983,20.39223081,0.0,125.8849617,33.90261496,4.567099648,0.0,0.0,0.0,4.567099648,13.59242839,13.8474744,16.69035448,109.1946072,33.90261496,8.81,0.0,0.0,0,0.0,0.0,6.544756406,50.59296944,0.0,0.0,139.2239529,0.0,4.887175926,0.0,0.0,10.08394185,1.228851096,38.86404733,0.0,5.230150463,2.205833333,0.129032258,33,0,2,0,0,0,4,1,5,1,0,2,5,0,0,0,5,6.97874,136.934,0,0,2,2,0,0,0,0,0,0,0,2,4,0,0,0,0,1,0,0,0,0,0,0,0,0,0,0,0,1.0,80,1.0,0.0,120.0,3.012,1.4093707405714286,0.47010623764285714,0.8122758707857143,0
CC1=CC=CC(C)=C1C1=[N+](C)C(C2=CC=CC=C2)=C(C2=CC=CC=C2)N1CC1=CC=CC=C1,31,2,0,0,0,1,0.129032258,0.800445248,2.502314815,0.800445248,0.266565493,429.587,400.355,429.2325253,162,0.289979991,-0.225071168,0.289979991,0.225071168,0.606060606,1.121212121,1.696969697,15.17157703,10.01658948,2.326608592,-2.104073841,2.36640582,-2.323743743,5.796947376,-0.64817286,1.903112501,1361.58744,22.7858818,19.49383882,19.49383882,16.14786705,11.48748969,11.48748969,8.65044063,8.65044063,6.385702209,6.385702209,4.884286493,4.884286493,-3.91,55845517.3,20.96301115,8.91374478,3.892133942,195.9682998,0.0,6.544756406,11.38785599,0.0,5.824404498,0.0,0.0,9.134199296,0,0.0,109.1946072,30.53782887,11.12690298,12.61112347,4.567099648,0.0,4.567099648,7.047671983,20.39223081,0.0,125.8849617,33.90261496,4.567099648,0.0,0.0,0.0,4.567099648,13.59242839,13.8474744,16.69035448,109.1946072,33.90261496,8.81,0.0,0.0,0,0.0,0.0,6.544756406,50.59296944,0.0,0.0,139.2239529,0.0,4.887175926,0.0,0.0,10.08394185,1.228851096,38.86404733,0.0,5.230150463,2.205833333,0.129032258,33,0,2,0,0,0,4,1,5,1,0,2,5,0,0,0,5,6.97874,136.934,0,0,2,2,0,0,0,0,0,0,0,2,4,0,0,0,0,1,0,0,0,0,0,0,0,0,0,0,0,1.0,80,1.0,0.0,240.0,3.6145,1.4093707405714286,0.47010623764285714,0.8122758707857143,0
CC1=CC=CC(C)=C1C1=[N+](C)C(C2=CC=CC=C2)=C(C2=CC=CC=C2)N1CC1=CC=CC=C1,31,2,0,0,0,1,0.129032258,0.800445248,2.502314815,0.800445248,0.266565493,429.587,400.355,429.2325253,162,0.289979991,-0.225071168,0.289979991,0.225071168,0.606060606,1.121212121,1.696969697,15.17157703,10.01658948,2.326608592,-2.104073841,2.36640582,-2.323743743,5.796947376,-0.64817286,1.903112501,1361.58744,22.7858818,19.49383882,19.49383882,16.14786705,11.48748969,11.48748969,8.65044063,8.65044063,6.385702209,6.385702209,4.884286493,4.884286493,-3.91,55845517.3,20.96301115,8.91374478,3.892133942,195.9682998,0.0,6.544756406,11.38785599,0.0,5.824404498,0.0,0.0,9.134199296,0,0.0,109.1946072,30.53782887,11.12690298,12.61112347,4.567099648,0.0,4.567099648,7.047671983,20.39223081,0.0,125.8849617,33.90261496,4.567099648,0.0,0.0,0.0,4.567099648,13.59242839,13.8474744,16.69035448,109.1946072,33.90261496,8.81,0.0,0.0,0,0.0,0.0,6.544756406,50.59296944,0.0,0.0,139.2239529,0.0,4.887175926,0.0,0.0,10.08394185,1.228851096,38.86404733,0.0,5.230150463,2.205833333,0.129032258,33,0,2,0,0,0,4,1,5,1,0,2,5,0,0,0,5,6.97874,136.934,0,0,2,2,0,0,0,0,0,0,0,2,4,0,0,0,0,1,0,0,0,0,0,0,0,0,0,0,0,1.0,80,1.0,0.0,360.0,4.2169,1.4093707405714286,0.47010623764285714,0.8122758707857143,0
CC1=CC=CC(C)=C1C1=[N+](C)C(C2=CC=CC=C2)=C(C2=CC=CC=C2)N1CC1=CC=CC=C1,31,2,0,0,0,1,0.129032258,0.800445248,2.502314815,0.800445248,0.266565493,429.587,400.355,429.2325253,162,0.289979991,-0.225071168,0.289979991,0.225071168,0.606060606,1.121212121,1.696969697,15.17157703,10.01658948,2.326608592,-2.104073841,2.36640582,-2.323743743,5.796947376,-0.64817286,1.903112501,1361.58744,22.7858818,19.49383882,19.49383882,16.14786705,11.48748969,11.48748969,8.65044063,8.65044063,6.385702209,6.385702209,4.884286493,4.884286493,-3.91,55845517.3,20.96301115,8.91374478,3.892133942,195.9682998,0.0,6.544756406,11.38785599,0.0,5.824404498,0.0,0.0,9.134199296,0,0.0,109.1946072,30.53782887,11.12690298,12.61112347,4.567099648,0.0,4.567099648,7.047671983,20.39223081,0.0,125.8849617,33.90261496,4.567099648,0.0,0.0,0.0,4.567099648,13.59242839,13.8474744,16.69035448,109.1946072,33.90261496,8.81,0.0,0.0,0,0.0,0.0,6.544756406,50.59296944,0.0,0.0,139.2239529,0.0,4.887175926,0.0,0.0,10.08394185,1.228851096,38.86404733,0.0,5.230150463,2.205833333,0.129032258,33,0,2,0,0,0,4,1,5,1,0,2,5,0,0,0,5,6.97874,136.934,0,0,2,2,0,0,0,0,0,0,0,2,4,0,0,0,0,1,0,0,0,0,0,0,0,0,0,0,0,1.0,80,1.0,0.0,480.0,5.4217,1.4093707405714286,0.47010623764285714,0.8122758707857143,0
CC1=CC=CC(C)=C1C1=[N+](C)C(C2=CC=CC=C2)=C(C2=CC=CC=C2)N1CC1=CC=CC=C1,31,2,0,0,0,1,0.129032258,0.800445248,2.502314815,0.800445248,0.266565493,429.587,400.355,429.2325253,162,0.289979991,-0.225071168,0.289979991,0.225071168,0.606060606,1.121212121,1.696969697,15.17157703,10.01658948,2.326608592,-2.104073841,2.36640582,-2.323743743,5.796947376,-0.64817286,1.903112501,1361.58744,22.7858818,19.49383882,19.49383882,16.14786705,11.48748969,11.48748969,8.65044063,8.65044063,6.385702209,6.385702209,4.884286493,4.884286493,-3.91,55845517.3,20.96301115,8.91374478,3.892133942,195.9682998,0.0,6.544756406,11.38785599,0.0,5.824404498,0.0,0.0,9.134199296,0,0.0,109.1946072,30.53782887,11.12690298,12.61112347,4.567099648,0.0,4.567099648,7.047671983,20.39223081,0.0,125.8849617,33.90261496,4.567099648,0.0,0.0,0.0,4.567099648,13.59242839,13.8474744,16.69035448,109.1946072,33.90261496,8.81,0.0,0.0,0,0.0,0.0,6.544756406,50.59296944,0.0,0.0,139.2239529,0.0,4.887175926,0.0,0.0,10.08394185,1.228851096,38.86404733,0.0,5.230150463,2.205833333,0.129032258,33,0,2,0,0,0,4,1,5,1,0,2,5,0,0,0,5,6.97874,136.934,0,0,2,2,0,0,0,0,0,0,0,2,4,0,0,0,0,1,0,0,0,0,0,0,0,0,0,0,0,1.0,80,1.0,0.0,600.0,6.6265,1.4093707405714286,0.47010623764285714,0.8122758707857143,0
CC1=CC=CC(C)=C1C1=[N+](C)C(C2=CC=CC=C2)=C(C2=CC=CC=C2)N1CC1=CC=CC=C1,31,2,0,0,0,1,0.129032258,0.800445248,2.502314815,0.800445248,0.266565493,429.587,400.355,429.2325253,162,0.289979991,-0.225071168,0.289979991,0.225071168,0.606060606,1.121212121,1.696969697,15.17157703,10.01658948,2.326608592,-2.104073841,2.36640582,-2.323743743,5.796947376,-0.64817286,1.903112501,1361.58744,22.7858818,19.49383882,19.49383882,16.14786705,11.48748969,11.48748969,8.65044063,8.65044063,6.385702209,6.385702209,4.884286493,4.884286493,-3.91,55845517.3,20.96301115,8.91374478,3.892133942,195.9682998,0.0,6.544756406,11.38785599,0.0,5.824404498,0.0,0.0,9.134199296,0,0.0,109.1946072,30.53782887,11.12690298,12.61112347,4.567099648,0.0,4.567099648,7.047671983,20.39223081,0.0,125.8849617,33.90261496,4.567099648,0.0,0.0,0.0,4.567099648,13.59242839,13.8474744,16.69035448,109.1946072,33.90261496,8.81,0.0,0.0,0,0.0,0.0,6.544756406,50.59296944,0.0,0.0,139.2239529,0.0,4.887175926,0.0,0.0,10.08394185,1.228851096,38.86404733,0.0,5.230150463,2.205833333,0.129032258,33,0,2,0,0,0,4,1,5,1,0,2,5,0,0,0,5,6.97874,136.934,0,0,2,2,0,0,0,0,0,0,0,2,4,0,0,0,0,1,0,0,0,0,0,0,0,0,0,0,0,1.0,80,1.0,0.0,720.0,8.4337,1.4093707405714286,0.47010623764285714,0.8122758707857143,0
CC1=[N+](CC2=CC=CC=C2)C=CN1C,12,2,0,0,0,1,0.25,0.951898148,2.24537037,0.951898148,0.632346682,187.266,172.146,187.1229749,72,0.252789704,-0.237181032,0.252789704,0.237181032,1.214285714,1.928571429,2.5,15.12444815,10.20165712,2.076051568,-1.984906587,1.983830283,-2.352813986,5.127552987,-0.693427329,2.234741923,415.1417024,9.966255326,8.642985857,8.642985857,6.770856948,4.824623063,4.824623063,3.569761081,3.569761081,2.592061504,2.592061504,1.546048601,1.546048601,-1.57,2434.975513,9.003504047,3.660700317,1.689519142,84.43207504,0.0,18.93844355,0.0,0.0,5.824404498,0.0,0.0,9.134199296,0,0.0,30.33183534,5.563451492,6.9237372,7.047671983,4.567099648,0.0,4.567099648,7.047671983,13.46849361,0.0,54.11337848,0.0,4.567099648,0.0,0.0,0.0,4.567099648,13.59242839,6.9237372,11.38785599,42.72552249,0.0,8.81,0.0,0.0,0,0.0,0.0,6.544756406,11.38785599,0.0,6.066367068,59.7647639,0.0,4.373287037,0.0,0.0,1.33962963,1.272086168,10.50717309,4.195046296,3.079814815,2.066296296,0.25,14,0,2,0,0,0,1,1,2,1,0,2,2,0,0,0,2,1.66932,55.889,0,0,2,2,0,0,0,0,0,0,0,1,1,0,0,0,0,1,0,0,0,0,0,0,0,0,0,0,0,1.0,80,1.0,0.0,0.0,0.0,1.001459834095238,0.2766949967142857,0.9603913731904763,0
CC1=[N+](CC2=CC=CC=C2)C=CN1C,12,2,0,0,0,1,0.25,0.951898148,2.24537037,0.951898148,0.632346682,187.266,172.146,187.1229749,72,0.252789704,-0.237181032,0.252789704,0.237181032,1.214285714,1.928571429,2.5,15.12444815,10.20165712,2.076051568,-1.984906587,1.983830283,-2.352813986,5.127552987,-0.693427329,2.234741923,415.1417024,9.966255326,8.642985857,8.642985857,6.770856948,4.824623063,4.824623063,3.569761081,3.569761081,2.592061504,2.592061504,1.546048601,1.546048601,-1.57,2434.975513,9.003504047,3.660700317,1.689519142,84.43207504,0.0,18.93844355,0.0,0.0,5.824404498,0.0,0.0,9.134199296,0,0.0,30.33183534,5.563451492,6.9237372,7.047671983,4.567099648,0.0,4.567099648,7.047671983,13.46849361,0.0,54.11337848,0.0,4.567099648,0.0,0.0,0.0,4.567099648,13.59242839,6.9237372,11.38785599,42.72552249,0.0,8.81,0.0,0.0,0,0.0,0.0,6.544756406,11.38785599,0.0,6.066367068,59.7647639,0.0,4.373287037,0.0,0.0,1.33962963,1.272086168,10.50717309,4.195046296,3.079814815,2.066296296,0.25,14,0,2,0,0,0,1,1,2,1,0,2,2,0,0,0,2,1.66932,55.889,0,0,2,2,0,0,0,0,0,0,0,1,1,0,0,0,0,1,0,0,0,0,0,0,0,0,0,0,0,1.0,80,1.0,0.0,120.0,22.8916,1.001459834095238,0.2766949967142857,0.9603913731904763,0
CC1=[N+](CC2=CC=CC=C2)C=CN1C,12,2,0,0,0,1,0.25,0.951898148,2.24537037,0.951898148,0.632346682,187.266,172.146,187.1229749,72,0.252789704,-0.237181032,0.252789704,0.237181032,1.214285714,1.928571429,2.5,15.12444815,10.20165712,2.076051568,-1.984906587,1.983830283,-2.352813986,5.127552987,-0.693427329,2.234741923,415.1417024,9.966255326,8.642985857,8.642985857,6.770856948,4.824623063,4.824623063,3.569761081,3.569761081,2.592061504,2.592061504,1.546048601,1.546048601,-1.57,2434.975513,9.003504047,3.660700317,1.689519142,84.43207504,0.0,18.93844355,0.0,0.0,5.824404498,0.0,0.0,9.134199296,0,0.0,30.33183534,5.563451492,6.9237372,7.047671983,4.567099648,0.0,4.567099648,7.047671983,13.46849361,0.0,54.11337848,0.0,4.567099648,0.0,0.0,0.0,4.567099648,13.59242839,6.9237372,11.38785599,42.72552249,0.0,8.81,0.0,0.0,0,0.0,0.0,6.544756406,11.38785599,0.0,6.066367068,59.7647639,0.0,4.373287037,0.0,0.0,1.33962963,1.272086168,10.50717309,4.195046296,3.079814815,2.066296296,0.25,14,0,2,0,0,0,1,1,2,1,0,2,2,0,0,0,2,1.66932,55.889,0,0,2,2,0,0,0,0,0,0,0,1,1,0,0,0,0,1,0,0,0,0,0,0,0,0,0,0,0,1.0,80,1.0,0.0,240.0,36.1446,1.001459834095238,0.2766949967142857,0.9603913731904763,0
CC1=[N+](CC2=CC=CC=C2)C=CN1C,12,2,0,0,0,1,0.25,0.951898148,2.24537037,0.951898148,0.632346682,187.266,172.146,187.1229749,72,0.252789704,-0.237181032,0.252789704,0.237181032,1.214285714,1.928571429,2.5,15.12444815,10.20165712,2.076051568,-1.984906587,1.983830283,-2.352813986,5.127552987,-0.693427329,2.234741923,415.1417024,9.966255326,8.642985857,8.642985857,6.770856948,4.824623063,4.824623063,3.569761081,3.569761081,2.592061504,2.592061504,1.546048601,1.546048601,-1.57,2434.975513,9.003504047,3.660700317,1.689519142,84.43207504,0.0,18.93844355,0.0,0.0,5.824404498,0.0,0.0,9.134199296,0,0.0,30.33183534,5.563451492,6.9237372,7.047671983,4.567099648,0.0,4.567099648,7.047671983,13.46849361,0.0,54.11337848,0.0,4.567099648,0.0,0.0,0.0,4.567099648,13.59242839,6.9237372,11.38785599,42.72552249,0.0,8.81,0.0,0.0,0,0.0,0.0,6.544756406,11.38785599,0.0,6.066367068,59.7647639,0.0,4.373287037,0.0,0.0,1.33962963,1.272086168,10.50717309,4.195046296,3.079814815,2.066296296,0.25,14,0,2,0,0,0,1,1,2,1,0,2,2,0,0,0,2,1.66932,55.889,0,0,2,2,0,0,0,0,0,0,0,1,1,0,0,0,0,1,0,0,0,0,0,0,0,0,0,0,0,1.0,80,1.0,0.0,360.0,43.3735,1.001459834095238,0.2766949967142857,0.9603913731904763,0
CC1=[N+](CC2=CC=CC=C2)C=CN1C,12,2,0,0,0,1,0.25,0.951898148,2.24537037,0.951898148,0.632346682,187.266,172.146,187.1229749,72,0.252789704,-0.237181032,0.252789704,0.237181032,1.214285714,1.928571429,2.5,15.12444815,10.20165712,2.076051568,-1.984906587,1.983830283,-2.352813986,5.127552987,-0.693427329,2.234741923,415.1417024,9.966255326,8.642985857,8.642985857,6.770856948,4.824623063,4.824623063,3.569761081,3.569761081,2.592061504,2.592061504,1.546048601,1.546048601,-1.57,2434.975513,9.003504047,3.660700317,1.689519142,84.43207504,0.0,18.93844355,0.0,0.0,5.824404498,0.0,0.0,9.134199296,0,0.0,30.33183534,5.563451492,6.9237372,7.047671983,4.567099648,0.0,4.567099648,7.047671983,13.46849361,0.0,54.11337848,0.0,4.567099648,0.0,0.0,0.0,4.567099648,13.59242839,6.9237372,11.38785599,42.72552249,0.0,8.81,0.0,0.0,0,0.0,0.0,6.544756406,11.38785599,0.0,6.066367068,59.7647639,0.0,4.373287037,0.0,0.0,1.33962963,1.272086168,10.50717309,4.195046296,3.079814815,2.066296296,0.25,14,0,2,0,0,0,1,1,2,1,0,2,2,0,0,0,2,1.66932,55.889,0,0,2,2,0,0,0,0,0,0,0,1,1,0,0,0,0,1,0,0,0,0,0,0,0,0,0,0,0,1.0,80,1.0,0.0,480.0,51.2048,1.001459834095238,0.2766949967142857,0.9603913731904763,0
CC1=[N+](CC2=CC=CC=C2)C=CN1C,12,2,0,0,0,1,0.25,0.951898148,2.24537037,0.951898148,0.632346682,187.266,172.146,187.1229749,72,0.252789704,-0.237181032,0.252789704,0.237181032,1.214285714,1.928571429,2.5,15.12444815,10.20165712,2.076051568,-1.984906587,1.983830283,-2.352813986,5.127552987,-0.693427329,2.234741923,415.1417024,9.966255326,8.642985857,8.642985857,6.770856948,4.824623063,4.824623063,3.569761081,3.569761081,2.592061504,2.592061504,1.546048601,1.546048601,-1.57,2434.975513,9.003504047,3.660700317,1.689519142,84.43207504,0.0,18.93844355,0.0,0.0,5.824404498,0.0,0.0,9.134199296,0,0.0,30.33183534,5.563451492,6.9237372,7.047671983,4.567099648,0.0,4.567099648,7.047671983,13.46849361,0.0,54.11337848,0.0,4.567099648,0.0,0.0,0.0,4.567099648,13.59242839,6.9237372,11.38785599,42.72552249,0.0,8.81,0.0,0.0,0,0.0,0.0,6.544756406,11.38785599,0.0,6.066367068,59.7647639,0.0,4.373287037,0.0,0.0,1.33962963,1.272086168,10.50717309,4.195046296,3.079814815,2.066296296,0.25,14,0,2,0,0,0,1,1,2,1,0,2,2,0,0,0,2,1.66932,55.889,0,0,2,2,0,0,0,0,0,0,0,1,1,0,0,0,0,1,0,0,0,0,0,0,0,0,0,0,0,1.0,80,1.0,0.0,600.0,56.0241,1.001459834095238,0.2766949967142857,0.9603913731904763,0
CC1=[N+](CC2=CC=CC=C2)C=CN1C,12,2,0,0,0,1,0.25,0.951898148,2.24537037,0.951898148,0.632346682,187.266,172.146,187.1229749,72,0.252789704,-0.237181032,0.252789704,0.237181032,1.214285714,1.928571429,2.5,15.12444815,10.20165712,2.076051568,-1.984906587,1.983830283,-2.352813986,5.127552987,-0.693427329,2.234741923,415.1417024,9.966255326,8.642985857,8.642985857,6.770856948,4.824623063,4.824623063,3.569761081,3.569761081,2.592061504,2.592061504,1.546048601,1.546048601,-1.57,2434.975513,9.003504047,3.660700317,1.689519142,84.43207504,0.0,18.93844355,0.0,0.0,5.824404498,0.0,0.0,9.134199296,0,0.0,30.33183534,5.563451492,6.9237372,7.047671983,4.567099648,0.0,4.567099648,7.047671983,13.46849361,0.0,54.11337848,0.0,4.567099648,0.0,0.0,0.0,4.567099648,13.59242839,6.9237372,11.38785599,42.72552249,0.0,8.81,0.0,0.0,0,0.0,0.0,6.544756406,11.38785599,0.0,6.066367068,59.7647639,0.0,4.373287037,0.0,0.0,1.33962963,1.272086168,10.50717309,4.195046296,3.079814815,2.066296296,0.25,14,0,2,0,0,0,1,1,2,1,0,2,2,0,0,0,2,1.66932,55.889,0,0,2,2,0,0,0,0,0,0,0,1,1,0,0,0,0,1,0,0,0,0,0,0,0,0,0,0,0,1.0,80,1.0,0.0,720.0,64.4578,1.001459834095238,0.2766949967142857,0.9603913731904763,0
CN1C=C[N+](CC2=CC=CC=C2)=C1,11,2,0,0,0,1,0.181818182,0.946111111,2.162037037,0.946111111,0.606301897,173.239,160.135,173.1073248,66,0.243313076,-0.239525547,0.243313076,0.239525547,1.230769231,2.0,2.615384615,15.08884855,10.2050969,1.993278709,-1.950295583,1.962951223,-2.308061764,5.125911622,-0.687339653,2.152484386,375.9986193,9.096011838,7.720336126,7.720336126,6.343336593,4.393807247,4.393807247,3.237013442,3.237013442,2.031705793,2.031705793,1.389481779,1.389481779,-1.57,1629.760421,8.047715037,3.435837117,1.963332503,78.06713293,0.0,18.93844355,0.0,6.327320075,0.0,0.0,0.0,9.134199296,0,0.0,30.33183534,5.563451492,0.0,7.047671983,4.567099648,0.0,4.567099648,7.047671983,6.544756406,0.0,54.61629405,0.0,4.567099648,0.0,0.0,0.0,4.567099648,13.59242839,0.0,5.563451492,49.05284256,0.0,8.81,0.0,0.0,0,0.0,0.0,6.544756406,5.563451492,0.0,23.87798227,41.35673157,0.0,4.20662037,0.0,0.0,1.33212963,0.0,10.45518519,6.197361111,0.946111111,2.029259259,0.181818182,13,0,2,0,0,0,1,1,2,1,0,2,2,0,0,0,2,1.3609,51.152,0,0,2,2,0,0,0,0,0,0,0,1,1,0,0,0,0,1,0,0,0,0,0,0,0,0,0,0,0,1.0,80,1.0,0.0,0.0,0.0,0.9149058107368421,0.2482347482631579,0.939223391263158,0
CN1C=C[N+](CC2=CC=CC=C2)=C1,11,2,0,0,0,1,0.181818182,0.946111111,2.162037037,0.946111111,0.606301897,173.239,160.135,173.1073248,66,0.243313076,-0.239525547,0.243313076,0.239525547,1.230769231,2.0,2.615384615,15.08884855,10.2050969,1.993278709,-1.950295583,1.962951223,-2.308061764,5.125911622,-0.687339653,2.152484386,375.9986193,9.096011838,7.720336126,7.720336126,6.343336593,4.393807247,4.393807247,3.237013442,3.237013442,2.031705793,2.031705793,1.389481779,1.389481779,-1.57,1629.760421,8.047715037,3.435837117,1.963332503,78.06713293,0.0,18.93844355,0.0,6.327320075,0.0,0.0,0.0,9.134199296,0,0.0,30.33183534,5.563451492,0.0,7.047671983,4.567099648,0.0,4.567099648,7.047671983,6.544756406,0.0,54.61629405,0.0,4.567099648,0.0,0.0,0.0,4.567099648,13.59242839,0.0,5.563451492,49.05284256,0.0,8.81,0.0,0.0,0,0.0,0.0,6.544756406,5.563451492,0.0,23.87798227,41.35673157,0.0,4.20662037,0.0,0.0,1.33212963,0.0,10.45518519,6.197361111,0.946111111,2.029259259,0.181818182,13,0,2,0,0,0,1,1,2,1,0,2,2,0,0,0,2,1.3609,51.152,0,0,2,2,0,0,0,0,0,0,0,1,1,0,0,0,0,1,0,0,0,0,0,0,0,0,0,0,0,1.0,80,1.0,0.0,120.0,98.79518,0.9149058107368421,0.2482347482631579,0.939223391263158,0
CN1C=C[N+](CC2=CC=CC=C2)=C1,11,2,0,0,0,1,0.181818182,0.946111111,2.162037037,0.946111111,0.606301897,173.239,160.135,173.1073248,66,0.243313076,-0.239525547,0.243313076,0.239525547,1.230769231,2.0,2.615384615,15.08884855,10.2050969,1.993278709,-1.950295583,1.962951223,-2.308061764,5.125911622,-0.687339653,2.152484386,375.9986193,9.096011838,7.720336126,7.720336126,6.343336593,4.393807247,4.393807247,3.237013442,3.237013442,2.031705793,2.031705793,1.389481779,1.389481779,-1.57,1629.760421,8.047715037,3.435837117,1.963332503,78.06713293,0.0,18.93844355,0.0,6.327320075,0.0,0.0,0.0,9.134199296,0,0.0,30.33183534,5.563451492,0.0,7.047671983,4.567099648,0.0,4.567099648,7.047671983,6.544756406,0.0,54.61629405,0.0,4.567099648,0.0,0.0,0.0,4.567099648,13.59242839,0.0,5.563451492,49.05284256,0.0,8.81,0.0,0.0,0,0.0,0.0,6.544756406,5.563451492,0.0,23.87798227,41.35673157,0.0,4.20662037,0.0,0.0,1.33212963,0.0,10.45518519,6.197361111,0.946111111,2.029259259,0.181818182,13,0,2,0,0,0,1,1,2,1,0,2,2,0,0,0,2,1.3609,51.152,0,0,2,2,0,0,0,0,0,0,0,1,1,0,0,0,0,1,0,0,0,0,0,0,0,0,0,0,0,1.0,80,1.0,0.0,240.0,100.0,0.9149058107368421,0.2482347482631579,0.939223391263158,0
CN1C=C[N+](CC2=CC=CC=C2)=C1,11,2,0,0,0,1,0.181818182,0.946111111,2.162037037,0.946111111,0.606301897,173.239,160.135,173.1073248,66,0.243313076,-0.239525547,0.243313076,0.239525547,1.230769231,2.0,2.615384615,15.08884855,10.2050969,1.993278709,-1.950295583,1.962951223,-2.308061764,5.125911622,-0.687339653,2.152484386,375.9986193,9.096011838,7.720336126,7.720336126,6.343336593,4.393807247,4.393807247,3.237013442,3.237013442,2.031705793,2.031705793,1.389481779,1.389481779,-1.57,1629.760421,8.047715037,3.435837117,1.963332503,78.06713293,0.0,18.93844355,0.0,6.327320075,0.0,0.0,0.0,9.134199296,0,0.0,30.33183534,5.563451492,0.0,7.047671983,4.567099648,0.0,4.567099648,7.047671983,6.544756406,0.0,54.61629405,0.0,4.567099648,0.0,0.0,0.0,4.567099648,13.59242839,0.0,5.563451492,49.05284256,0.0,8.81,0.0,0.0,0,0.0,0.0,6.544756406,5.563451492,0.0,23.87798227,41.35673157,0.0,4.20662037,0.0,0.0,1.33212963,0.0,10.45518519,6.197361111,0.946111111,2.029259259,0.181818182,13,0,2,0,0,0,1,1,2,1,0,2,2,0,0,0,2,1.3609,51.152,0,0,2,2,0,0,0,0,0,0,0,1,1,0,0,0,0,1,0,0,0,0,0,0,0,0,0,0,0,1.0,80,1.0,0.0,360.0,100.0,0.9149058107368421,0.2482347482631579,0.939223391263158,0
CN1C=C[N+](CC2=CC=CC=C2)=C1,11,2,0,0,0,1,0.181818182,0.946111111,2.162037037,0.946111111,0.606301897,173.239,160.135,173.1073248,66,0.243313076,-0.239525547,0.243313076,0.239525547,1.230769231,2.0,2.615384615,15.08884855,10.2050969,1.993278709,-1.950295583,1.962951223,-2.308061764,5.125911622,-0.687339653,2.152484386,375.9986193,9.096011838,7.720336126,7.720336126,6.343336593,4.393807247,4.393807247,3.237013442,3.237013442,2.031705793,2.031705793,1.389481779,1.389481779,-1.57,1629.760421,8.047715037,3.435837117,1.963332503,78.06713293,0.0,18.93844355,0.0,6.327320075,0.0,0.0,0.0,9.134199296,0,0.0,30.33183534,5.563451492,0.0,7.047671983,4.567099648,0.0,4.567099648,7.047671983,6.544756406,0.0,54.61629405,0.0,4.567099648,0.0,0.0,0.0,4.567099648,13.59242839,0.0,5.563451492,49.05284256,0.0,8.81,0.0,0.0,0,0.0,0.0,6.544756406,5.563451492,0.0,23.87798227,41.35673157,0.0,4.20662037,0.0,0.0,1.33212963,0.0,10.45518519,6.197361111,0.946111111,2.029259259,0.181818182,13,0,2,0,0,0,1,1,2,1,0,2,2,0,0,0,2,1.3609,51.152,0,0,2,2,0,0,0,0,0,0,0,1,1,0,0,0,0,1,0,0,0,0,0,0,0,0,0,0,0,1.0,80,1.0,0.0,480.0,100.0,0.9149058107368421,0.2482347482631579,0.939223391263158,0
CN1C=C[N+](CC2=CC=CC=C2)=C1,11,2,0,0,0,1,0.181818182,0.946111111,2.162037037,0.946111111,0.606301897,173.239,160.135,173.1073248,66,0.243313076,-0.239525547,0.243313076,0.239525547,1.230769231,2.0,2.615384615,15.08884855,10.2050969,1.993278709,-1.950295583,1.962951223,-2.308061764,5.125911622,-0.687339653,2.152484386,375.9986193,9.096011838,7.720336126,7.720336126,6.343336593,4.393807247,4.393807247,3.237013442,3.237013442,2.031705793,2.031705793,1.389481779,1.389481779,-1.57,1629.760421,8.047715037,3.435837117,1.963332503,78.06713293,0.0,18.93844355,0.0,6.327320075,0.0,0.0,0.0,9.134199296,0,0.0,30.33183534,5.563451492,0.0,7.047671983,4.567099648,0.0,4.567099648,7.047671983,6.544756406,0.0,54.61629405,0.0,4.567099648,0.0,0.0,0.0,4.567099648,13.59242839,0.0,5.563451492,49.05284256,0.0,8.81,0.0,0.0,0,0.0,0.0,6.544756406,5.563451492,0.0,23.87798227,41.35673157,0.0,4.20662037,0.0,0.0,1.33212963,0.0,10.45518519,6.197361111,0.946111111,2.029259259,0.181818182,13,0,2,0,0,0,1,1,2,1,0,2,2,0,0,0,2,1.3609,51.152,0,0,2,2,0,0,0,0,0,0,0,1,1,0,0,0,0,1,0,0,0,0,0,0,0,0,0,0,0,1.0,80,1.0,0.0,600.0,100.0,0.9149058107368421,0.2482347482631579,0.939223391263158,0
CN1C=C[N+](CC2=CC=CC=C2)=C1,11,2,0,0,0,1,0.181818182,0.946111111,2.162037037,0.946111111,0.606301897,173.239,160.135,173.1073248,66,0.243313076,-0.239525547,0.243313076,0.239525547,1.230769231,2.0,2.615384615,15.08884855,10.2050969,1.993278709,-1.950295583,1.962951223,-2.308061764,5.125911622,-0.687339653,2.152484386,375.9986193,9.096011838,7.720336126,7.720336126,6.343336593,4.393807247,4.393807247,3.237013442,3.237013442,2.031705793,2.031705793,1.389481779,1.389481779,-1.57,1629.760421,8.047715037,3.435837117,1.963332503,78.06713293,0.0,18.93844355,0.0,6.327320075,0.0,0.0,0.0,9.134199296,0,0.0,30.33183534,5.563451492,0.0,7.047671983,4.567099648,0.0,4.567099648,7.047671983,6.544756406,0.0,54.61629405,0.0,4.567099648,0.0,0.0,0.0,4.567099648,13.59242839,0.0,5.563451492,49.05284256,0.0,8.81,0.0,0.0,0,0.0,0.0,6.544756406,5.563451492,0.0,23.87798227,41.35673157,0.0,4.20662037,0.0,0.0,1.33212963,0.0,10.45518519,6.197361111,0.946111111,2.029259259,0.181818182,13,0,2,0,0,0,1,1,2,1,0,2,2,0,0,0,2,1.3609,51.152,0,0,2,2,0,0,0,0,0,0,0,1,1,0,0,0,0,1,0,0,0,0,0,0,0,0,0,0,0,1.0,80,1.0,0.0,720.0,100.0,0.9149058107368421,0.2482347482631579,0.939223391263158,0
CC1=CC(C)=C(C2=[N+](C)C3=C(C=CC=C3)N2C)C(C)=C1,18,2,0,0,0,1,0.277777778,1.265,2.291666667,1.265,0.594519943,265.38,244.212,265.1699251,102,0.289434145,-0.225614493,0.289434145,0.225614493,0.95,1.55,2.15,15.14015111,9.989118541,2.237108589,-2.086116233,2.280946766,-2.301374847,5.770501019,-0.633634011,2.417497661,747.6365535,14.43879311,12.85852881,12.85852881,9.502907755,7.02090519,7.02090519,5.704072596,5.704072596,4.140487008,4.140487008,3.35274312,3.35274312,-2.09,41276.8915,12.91933861,4.480081935,1.753635612,119.8436238,0.0,0.0,11.03340144,0.0,5.824404498,0.0,0.0,9.134199296,0,0.0,29.82891977,44.03084872,0.0,19.65879546,4.567099648,11.03340144,4.567099648,14.09534397,20.7712116,0.0,53.08855689,11.38785599,4.567099648,0.0,0.0,0.0,4.567099648,14.09534397,20.7712116,16.69035448,36.39820241,22.42125742,8.81,0.0,0.0,0,0.0,0.0,0.0,39.1116119,0.0,0.0,80.39895727,0.0,4.583333333,0.0,0.0,7.878453221,1.265,13.08067282,0.0,6.560787037,4.298420257,0.277777778,20,0,2,0,0,0,2,1,3,1,0,2,1,0,0,0,3,3.59506,83.742,0,0,2,2,0,0,0,0,0,0,0,5,2,1,0,0,0,1,0,0,0,0,0,2,0,0,0,0,0,1.0,80,1.0,0.0,0.0,0.0,1.0459773297142856,0.23530134428571428,0.9863941347142857,0
CC1=CC(C)=C(C2=[N+](C)C3=C(C=CC=C3)N2C)C(C)=C1,18,2,0,0,0,1,0.277777778,1.265,2.291666667,1.265,0.594519943,265.38,244.212,265.1699251,102,0.289434145,-0.225614493,0.289434145,0.225614493,0.95,1.55,2.15,15.14015111,9.989118541,2.237108589,-2.086116233,2.280946766,-2.301374847,5.770501019,-0.633634011,2.417497661,747.6365535,14.43879311,12.85852881,12.85852881,9.502907755,7.02090519,7.02090519,5.704072596,5.704072596,4.140487008,4.140487008,3.35274312,3.35274312,-2.09,41276.8915,12.91933861,4.480081935,1.753635612,119.8436238,0.0,0.0,11.03340144,0.0,5.824404498,0.0,0.0,9.134199296,0,0.0,29.82891977,44.03084872,0.0,19.65879546,4.567099648,11.03340144,4.567099648,14.09534397,20.7712116,0.0,53.08855689,11.38785599,4.567099648,0.0,0.0,0.0,4.567099648,14.09534397,20.7712116,16.69035448,36.39820241,22.42125742,8.81,0.0,0.0,0,0.0,0.0,0.0,39.1116119,0.0,0.0,80.39895727,0.0,4.583333333,0.0,0.0,7.878453221,1.265,13.08067282,0.0,6.560787037,4.298420257,0.277777778,20,0,2,0,0,0,2,1,3,1,0,2,1,0,0,0,3,3.59506,83.742,0,0,2,2,0,0,0,0,0,0,0,5,2,1,0,0,0,1,0,0,0,0,0,2,0,0,0,0,0,1.0,80,1.0,0.0,120.0,1.8072,1.0459773297142856,0.23530134428571428,0.9863941347142857,0
CC1=CC(C)=C(C2=[N+](C)C3=C(C=CC=C3)N2C)C(C)=C1,18,2,0,0,0,1,0.277777778,1.265,2.291666667,1.265,0.594519943,265.38,244.212,265.1699251,102,0.289434145,-0.225614493,0.289434145,0.225614493,0.95,1.55,2.15,15.14015111,9.989118541,2.237108589,-2.086116233,2.280946766,-2.301374847,5.770501019,-0.633634011,2.417497661,747.6365535,14.43879311,12.85852881,12.85852881,9.502907755,7.02090519,7.02090519,5.704072596,5.704072596,4.140487008,4.140487008,3.35274312,3.35274312,-2.09,41276.8915,12.91933861,4.480081935,1.753635612,119.8436238,0.0,0.0,11.03340144,0.0,5.824404498,0.0,0.0,9.134199296,0,0.0,29.82891977,44.03084872,0.0,19.65879546,4.567099648,11.03340144,4.567099648,14.09534397,20.7712116,0.0,53.08855689,11.38785599,4.567099648,0.0,0.0,0.0,4.567099648,14.09534397,20.7712116,16.69035448,36.39820241,22.42125742,8.81,0.0,0.0,0,0.0,0.0,0.0,39.1116119,0.0,0.0,80.39895727,0.0,4.583333333,0.0,0.0,7.878453221,1.265,13.08067282,0.0,6.560787037,4.298420257,0.277777778,20,0,2,0,0,0,2,1,3,1,0,2,1,0,0,0,3,3.59506,83.742,0,0,2,2,0,0,0,0,0,0,0,5,2,1,0,0,0,1,0,0,0,0,0,2,0,0,0,0,0,1.0,80,1.0,0.0,240.0,2.4096,1.0459773297142856,0.23530134428571428,0.9863941347142857,0
CC1=CC(C)=C(C2=[N+](C)C3=C(C=CC=C3)N2C)C(C)=C1,18,2,0,0,0,1,0.277777778,1.265,2.291666667,1.265,0.594519943,265.38,244.212,265.1699251,102,0.289434145,-0.225614493,0.289434145,0.225614493,0.95,1.55,2.15,15.14015111,9.989118541,2.237108589,-2.086116233,2.280946766,-2.301374847,5.770501019,-0.633634011,2.417497661,747.6365535,14.43879311,12.85852881,12.85852881,9.502907755,7.02090519,7.02090519,5.704072596,5.704072596,4.140487008,4.140487008,3.35274312,3.35274312,-2.09,41276.8915,12.91933861,4.480081935,1.753635612,119.8436238,0.0,0.0,11.03340144,0.0,5.824404498,0.0,0.0,9.134199296,0,0.0,29.82891977,44.03084872,0.0,19.65879546,4.567099648,11.03340144,4.567099648,14.09534397,20.7712116,0.0,53.08855689,11.38785599,4.567099648,0.0,0.0,0.0,4.567099648,14.09534397,20.7712116,16.69035448,36.39820241,22.42125742,8.81,0.0,0.0,0,0.0,0.0,0.0,39.1116119,0.0,0.0,80.39895727,0.0,4.583333333,0.0,0.0,7.878453221,1.265,13.08067282,0.0,6.560787037,4.298420257,0.277777778,20,0,2,0,0,0,2,1,3,1,0,2,1,0,0,0,3,3.59506,83.742,0,0,2,2,0,0,0,0,0,0,0,5,2,1,0,0,0,1,0,0,0,0,0,2,0,0,0,0,0,1.0,80,1.0,0.0,360.0,4.8193,1.0459773297142856,0.23530134428571428,0.9863941347142857,0
CC1=CC(C)=C(C2=[N+](C)C3=C(C=CC=C3)N2C)C(C)=C1,18,2,0,0,0,1,0.277777778,1.265,2.291666667,1.265,0.594519943,265.38,244.212,265.1699251,102,0.289434145,-0.225614493,0.289434145,0.225614493,0.95,1.55,2.15,15.14015111,9.989118541,2.237108589,-2.086116233,2.280946766,-2.301374847,5.770501019,-0.633634011,2.417497661,747.6365535,14.43879311,12.85852881,12.85852881,9.502907755,7.02090519,7.02090519,5.704072596,5.704072596,4.140487008,4.140487008,3.35274312,3.35274312,-2.09,41276.8915,12.91933861,4.480081935,1.753635612,119.8436238,0.0,0.0,11.03340144,0.0,5.824404498,0.0,0.0,9.134199296,0,0.0,29.82891977,44.03084872,0.0,19.65879546,4.567099648,11.03340144,4.567099648,14.09534397,20.7712116,0.0,53.08855689,11.38785599,4.567099648,0.0,0.0,0.0,4.567099648,14.09534397,20.7712116,16.69035448,36.39820241,22.42125742,8.81,0.0,0.0,0,0.0,0.0,0.0,39.1116119,0.0,0.0,80.39895727,0.0,4.583333333,0.0,0.0,7.878453221,1.265,13.08067282,0.0,6.560787037,4.298420257,0.277777778,20,0,2,0,0,0,2,1,3,1,0,2,1,0,0,0,3,3.59506,83.742,0,0,2,2,0,0,0,0,0,0,0,5,2,1,0,0,0,1,0,0,0,0,0,2,0,0,0,0,0,1.0,80,1.0,0.0,480.0,6.0241,1.0459773297142856,0.23530134428571428,0.9863941347142857,0
CC1=CC(C)=C(C2=[N+](C)C3=C(C=CC=C3)N2C)C(C)=C1,18,2,0,0,0,1,0.277777778,1.265,2.291666667,1.265,0.594519943,265.38,244.212,265.1699251,102,0.289434145,-0.225614493,0.289434145,0.225614493,0.95,1.55,2.15,15.14015111,9.989118541,2.237108589,-2.086116233,2.280946766,-2.301374847,5.770501019,-0.633634011,2.417497661,747.6365535,14.43879311,12.85852881,12.85852881,9.502907755,7.02090519,7.02090519,5.704072596,5.704072596,4.140487008,4.140487008,3.35274312,3.35274312,-2.09,41276.8915,12.91933861,4.480081935,1.753635612,119.8436238,0.0,0.0,11.03340144,0.0,5.824404498,0.0,0.0,9.134199296,0,0.0,29.82891977,44.03084872,0.0,19.65879546,4.567099648,11.03340144,4.567099648,14.09534397,20.7712116,0.0,53.08855689,11.38785599,4.567099648,0.0,0.0,0.0,4.567099648,14.09534397,20.7712116,16.69035448,36.39820241,22.42125742,8.81,0.0,0.0,0,0.0,0.0,0.0,39.1116119,0.0,0.0,80.39895727,0.0,4.583333333,0.0,0.0,7.878453221,1.265,13.08067282,0.0,6.560787037,4.298420257,0.277777778,20,0,2,0,0,0,2,1,3,1,0,2,1,0,0,0,3,3.59506,83.742,0,0,2,2,0,0,0,0,0,0,0,5,2,1,0,0,0,1,0,0,0,0,0,2,0,0,0,0,0,1.0,80,1.0,0.0,600.0,6.6265,1.0459773297142856,0.23530134428571428,0.9863941347142857,0
CC1=CC(C)=C(C2=[N+](C)C3=C(C=CC=C3)N2C)C(C)=C1,18,2,0,0,0,1,0.277777778,1.265,2.291666667,1.265,0.594519943,265.38,244.212,265.1699251,102,0.289434145,-0.225614493,0.289434145,0.225614493,0.95,1.55,2.15,15.14015111,9.989118541,2.237108589,-2.086116233,2.280946766,-2.301374847,5.770501019,-0.633634011,2.417497661,747.6365535,14.43879311,12.85852881,12.85852881,9.502907755,7.02090519,7.02090519,5.704072596,5.704072596,4.140487008,4.140487008,3.35274312,3.35274312,-2.09,41276.8915,12.91933861,4.480081935,1.753635612,119.8436238,0.0,0.0,11.03340144,0.0,5.824404498,0.0,0.0,9.134199296,0,0.0,29.82891977,44.03084872,0.0,19.65879546,4.567099648,11.03340144,4.567099648,14.09534397,20.7712116,0.0,53.08855689,11.38785599,4.567099648,0.0,0.0,0.0,4.567099648,14.09534397,20.7712116,16.69035448,36.39820241,22.42125742,8.81,0.0,0.0,0,0.0,0.0,0.0,39.1116119,0.0,0.0,80.39895727,0.0,4.583333333,0.0,0.0,7.878453221,1.265,13.08067282,0.0,6.560787037,4.298420257,0.277777778,20,0,2,0,0,0,2,1,3,1,0,2,1,0,0,0,3,3.59506,83.742,0,0,2,2,0,0,0,0,0,0,0,5,2,1,0,0,0,1,0,0,0,0,0,2,0,0,0,0,0,1.0,80,1.0,0.0,720.0,9.0361,1.0459773297142856,0.23530134428571428,0.9863941347142857,0
CCN1C=[N+](CC)C2=C1C=CC=C2,11,2,0,0,0,1,0.363636364,1.035231481,2.27662037,1.035231481,0.616981625,175.255,160.135,175.1229749,68,0.244220995,-0.230144887,0.244220995,0.230144887,1.230769231,2.0,2.692307692,15.1234746,10.28793477,2.105711051,-1.884793164,2.092695586,-2.297360978,5.709685182,-0.66819819,2.74357423,376.9475422,9.259148545,8.195392099,8.195392099,6.363703305,4.837630739,4.837630739,3.176214948,3.176214948,2.460736064,2.460736064,1.746548323,1.746548323,-1.31,1657.016732,8.295578501,3.207521628,1.223176277,78.42158748,0.0,0.0,11.03340144,6.327320075,0.0,0.0,0.0,9.134199296,0,0.0,12.13273414,25.98020854,0.0,13.08951281,4.567099648,11.03340144,4.567099648,0.0,26.93698721,0.0,30.59278835,0.0,4.567099648,0.0,0.0,0.0,4.567099648,13.08951281,0.0,13.8474744,30.59278835,11.03340144,8.81,0.0,0.0,0,0.0,0.0,13.08951281,11.03340144,0.0,0.0,53.57446204,0.0,4.553240741,0.0,0.0,2.651574074,0.0,8.526759259,2.185185185,6.416574074,0.0,0.363636364,13,0,2,0,0,0,1,1,2,1,0,2,2,0,0,0,2,1.9686,53.481,0,0,2,2,0,0,0,0,0,0,0,2,1,1,0,0,0,1,0,0,0,0,0,2,0,0,0,0,0,1.0,80,1.0,0.0,0.0,0.0,0.6179348465,0.4906449963571428,0.5862926796428571,0
CCN1C=[N+](CC)C2=C1C=CC=C2,11,2,0,0,0,1,0.363636364,1.035231481,2.27662037,1.035231481,0.616981625,175.255,160.135,175.1229749,68,0.244220995,-0.230144887,0.244220995,0.230144887,1.230769231,2.0,2.692307692,15.1234746,10.28793477,2.105711051,-1.884793164,2.092695586,-2.297360978,5.709685182,-0.66819819,2.74357423,376.9475422,9.259148545,8.195392099,8.195392099,6.363703305,4.837630739,4.837630739,3.176214948,3.176214948,2.460736064,2.460736064,1.746548323,1.746548323,-1.31,1657.016732,8.295578501,3.207521628,1.223176277,78.42158748,0.0,0.0,11.03340144,6.327320075,0.0,0.0,0.0,9.134199296,0,0.0,12.13273414,25.98020854,0.0,13.08951281,4.567099648,11.03340144,4.567099648,0.0,26.93698721,0.0,30.59278835,0.0,4.567099648,0.0,0.0,0.0,4.567099648,13.08951281,0.0,13.8474744,30.59278835,11.03340144,8.81,0.0,0.0,0,0.0,0.0,13.08951281,11.03340144,0.0,0.0,53.57446204,0.0,4.553240741,0.0,0.0,2.651574074,0.0,8.526759259,2.185185185,6.416574074,0.0,0.363636364,13,0,2,0,0,0,1,1,2,1,0,2,2,0,0,0,2,1.9686,53.481,0,0,2,2,0,0,0,0,0,0,0,2,1,1,0,0,0,1,0,0,0,0,0,2,0,0,0,0,0,1.0,80,1.0,0.0,120.0,43.3735,0.6179348465,0.4906449963571428,0.5862926796428571,0
CCN1C=[N+](CC)C2=C1C=CC=C2,11,2,0,0,0,1,0.363636364,1.035231481,2.27662037,1.035231481,0.616981625,175.255,160.135,175.1229749,68,0.244220995,-0.230144887,0.244220995,0.230144887,1.230769231,2.0,2.692307692,15.1234746,10.28793477,2.105711051,-1.884793164,2.092695586,-2.297360978,5.709685182,-0.66819819,2.74357423,376.9475422,9.259148545,8.195392099,8.195392099,6.363703305,4.837630739,4.837630739,3.176214948,3.176214948,2.460736064,2.460736064,1.746548323,1.746548323,-1.31,1657.016732,8.295578501,3.207521628,1.223176277,78.42158748,0.0,0.0,11.03340144,6.327320075,0.0,0.0,0.0,9.134199296,0,0.0,12.13273414,25.98020854,0.0,13.08951281,4.567099648,11.03340144,4.567099648,0.0,26.93698721,0.0,30.59278835,0.0,4.567099648,0.0,0.0,0.0,4.567099648,13.08951281,0.0,13.8474744,30.59278835,11.03340144,8.81,0.0,0.0,0,0.0,0.0,13.08951281,11.03340144,0.0,0.0,53.57446204,0.0,4.553240741,0.0,0.0,2.651574074,0.0,8.526759259,2.185185185,6.416574074,0.0,0.363636364,13,0,2,0,0,0,1,1,2,1,0,2,2,0,0,0,2,1.9686,53.481,0,0,2,2,0,0,0,0,0,0,0,2,1,1,0,0,0,1,0,0,0,0,0,2,0,0,0,0,0,1.0,80,1.0,0.0,240.0,56.6265,0.6179348465,0.4906449963571428,0.5862926796428571,0
CCN1C=[N+](CC)C2=C1C=CC=C2,11,2,0,0,0,1,0.363636364,1.035231481,2.27662037,1.035231481,0.616981625,175.255,160.135,175.1229749,68,0.244220995,-0.230144887,0.244220995,0.230144887,1.230769231,2.0,2.692307692,15.1234746,10.28793477,2.105711051,-1.884793164,2.092695586,-2.297360978,5.709685182,-0.66819819,2.74357423,376.9475422,9.259148545,8.195392099,8.195392099,6.363703305,4.837630739,4.837630739,3.176214948,3.176214948,2.460736064,2.460736064,1.746548323,1.746548323,-1.31,1657.016732,8.295578501,3.207521628,1.223176277,78.42158748,0.0,0.0,11.03340144,6.327320075,0.0,0.0,0.0,9.134199296,0,0.0,12.13273414,25.98020854,0.0,13.08951281,4.567099648,11.03340144,4.567099648,0.0,26.93698721,0.0,30.59278835,0.0,4.567099648,0.0,0.0,0.0,4.567099648,13.08951281,0.0,13.8474744,30.59278835,11.03340144,8.81,0.0,0.0,0,0.0,0.0,13.08951281,11.03340144,0.0,0.0,53.57446204,0.0,4.553240741,0.0,0.0,2.651574074,0.0,8.526759259,2.185185185,6.416574074,0.0,0.363636364,13,0,2,0,0,0,1,1,2,1,0,2,2,0,0,0,2,1.9686,53.481,0,0,2,2,0,0,0,0,0,0,0,2,1,1,0,0,0,1,0,0,0,0,0,2,0,0,0,0,0,1.0,80,1.0,0.0,360.0,62.0482,0.6179348465,0.4906449963571428,0.5862926796428571,0
CCN1C=[N+](CC)C2=C1C=CC=C2,11,2,0,0,0,1,0.363636364,1.035231481,2.27662037,1.035231481,0.616981625,175.255,160.135,175.1229749,68,0.244220995,-0.230144887,0.244220995,0.230144887,1.230769231,2.0,2.692307692,15.1234746,10.28793477,2.105711051,-1.884793164,2.092695586,-2.297360978,5.709685182,-0.66819819,2.74357423,376.9475422,9.259148545,8.195392099,8.195392099,6.363703305,4.837630739,4.837630739,3.176214948,3.176214948,2.460736064,2.460736064,1.746548323,1.746548323,-1.31,1657.016732,8.295578501,3.207521628,1.223176277,78.42158748,0.0,0.0,11.03340144,6.327320075,0.0,0.0,0.0,9.134199296,0,0.0,12.13273414,25.98020854,0.0,13.08951281,4.567099648,11.03340144,4.567099648,0.0,26.93698721,0.0,30.59278835,0.0,4.567099648,0.0,0.0,0.0,4.567099648,13.08951281,0.0,13.8474744,30.59278835,11.03340144,8.81,0.0,0.0,0,0.0,0.0,13.08951281,11.03340144,0.0,0.0,53.57446204,0.0,4.553240741,0.0,0.0,2.651574074,0.0,8.526759259,2.185185185,6.416574074,0.0,0.363636364,13,0,2,0,0,0,1,1,2,1,0,2,2,0,0,0,2,1.9686,53.481,0,0,2,2,0,0,0,0,0,0,0,2,1,1,0,0,0,1,0,0,0,0,0,2,0,0,0,0,0,1.0,80,1.0,0.0,480.0,65.6627,0.6179348465,0.4906449963571428,0.5862926796428571,0
CCN1C=[N+](CC)C2=C1C=CC=C2,11,2,0,0,0,1,0.363636364,1.035231481,2.27662037,1.035231481,0.616981625,175.255,160.135,175.1229749,68,0.244220995,-0.230144887,0.244220995,0.230144887,1.230769231,2.0,2.692307692,15.1234746,10.28793477,2.105711051,-1.884793164,2.092695586,-2.297360978,5.709685182,-0.66819819,2.74357423,376.9475422,9.259148545,8.195392099,8.195392099,6.363703305,4.837630739,4.837630739,3.176214948,3.176214948,2.460736064,2.460736064,1.746548323,1.746548323,-1.31,1657.016732,8.295578501,3.207521628,1.223176277,78.42158748,0.0,0.0,11.03340144,6.327320075,0.0,0.0,0.0,9.134199296,0,0.0,12.13273414,25.98020854,0.0,13.08951281,4.567099648,11.03340144,4.567099648,0.0,26.93698721,0.0,30.59278835,0.0,4.567099648,0.0,0.0,0.0,4.567099648,13.08951281,0.0,13.8474744,30.59278835,11.03340144,8.81,0.0,0.0,0,0.0,0.0,13.08951281,11.03340144,0.0,0.0,53.57446204,0.0,4.553240741,0.0,0.0,2.651574074,0.0,8.526759259,2.185185185,6.416574074,0.0,0.363636364,13,0,2,0,0,0,1,1,2,1,0,2,2,0,0,0,2,1.9686,53.481,0,0,2,2,0,0,0,0,0,0,0,2,1,1,0,0,0,1,0,0,0,0,0,2,0,0,0,0,0,1.0,80,1.0,0.0,600.0,70.4819,0.6179348465,0.4906449963571428,0.5862926796428571,0
CCN1C=[N+](CC)C2=C1C=CC=C2,11,2,0,0,0,1,0.363636364,1.035231481,2.27662037,1.035231481,0.616981625,175.255,160.135,175.1229749,68,0.244220995,-0.230144887,0.244220995,0.230144887,1.230769231,2.0,2.692307692,15.1234746,10.28793477,2.105711051,-1.884793164,2.092695586,-2.297360978,5.709685182,-0.66819819,2.74357423,376.9475422,9.259148545,8.195392099,8.195392099,6.363703305,4.837630739,4.837630739,3.176214948,3.176214948,2.460736064,2.460736064,1.746548323,1.746548323,-1.31,1657.016732,8.295578501,3.207521628,1.223176277,78.42158748,0.0,0.0,11.03340144,6.327320075,0.0,0.0,0.0,9.134199296,0,0.0,12.13273414,25.98020854,0.0,13.08951281,4.567099648,11.03340144,4.567099648,0.0,26.93698721,0.0,30.59278835,0.0,4.567099648,0.0,0.0,0.0,4.567099648,13.08951281,0.0,13.8474744,30.59278835,11.03340144,8.81,0.0,0.0,0,0.0,0.0,13.08951281,11.03340144,0.0,0.0,53.57446204,0.0,4.553240741,0.0,0.0,2.651574074,0.0,8.526759259,2.185185185,6.416574074,0.0,0.363636364,13,0,2,0,0,0,1,1,2,1,0,2,2,0,0,0,2,1.9686,53.481,0,0,2,2,0,0,0,0,0,0,0,2,1,1,0,0,0,1,0,0,0,0,0,2,0,0,0,0,0,1.0,80,1.0,0.0,720.0,72.8916,0.6179348465,0.4906449963571428,0.5862926796428571,0
C1=CC=C(C[N+]2=CC=CC=C2)C=C1,12,1,0,0,0,1,0.083333333,0.946111111,2.162037037,0.946111111,0.607026736,170.235,158.139,170.0964258,64,0.1732973,-0.200778191,0.200778191,0.1732973,0.769230769,1.384615385,2.076923077,14.91773153,10.2000858,1.977779531,-1.950965332,1.961325305,-2.321392417,5.126707994,-0.687935932,2.161475751,315.8986487,8.932875131,7.427823069,7.427823069,6.449489743,4.430195872,4.430195872,3.033424679,3.033424679,1.985278953,1.985278953,1.333965744,1.333965744,-1.63,1589.71823,7.990585046,3.853986625,2.152838045,78.28305891,0.0,0.0,18.93844355,0.0,0.0,0.0,0.0,4.567099648,0,0.0,36.39820241,0.0,17.69618563,0.0,4.567099648,0.0,0.0,0.0,6.544756406,0.0,66.48807518,0.0,4.567099648,0.0,0.0,0.0,0.0,6.544756406,0.0,5.563451492,60.92462369,0.0,3.88,0.0,0.0,0,0.0,0.0,6.544756406,5.563451492,0.0,24.26546827,41.22625506,0.0,2.162037037,0.0,0.0,1.33212963,0.0,16.57361111,4.152777778,0.946111111,0.0,0.083333333,13,0,1,0,0,0,1,1,2,0,0,1,2,0,0,0,2,2.0224,52.181,0,0,1,1,0,0,0,0,0,0,0,0,1,0,0,0,0,0,0,0,0,0,0,0,0,0,1,0,0,1.0,80,1.0,0.0,0.0,0.0,0.8814376178666666,0.22150478393333334,0.9698084282666667,0
C1=CC=C(C[N+]2=CC=CC=C2)C=C1,12,1,0,0,0,1,0.083333333,0.946111111,2.162037037,0.946111111,0.607026736,170.235,158.139,170.0964258,64,0.1732973,-0.200778191,0.200778191,0.1732973,0.769230769,1.384615385,2.076923077,14.91773153,10.2000858,1.977779531,-1.950965332,1.961325305,-2.321392417,5.126707994,-0.687935932,2.161475751,315.8986487,8.932875131,7.427823069,7.427823069,6.449489743,4.430195872,4.430195872,3.033424679,3.033424679,1.985278953,1.985278953,1.333965744,1.333965744,-1.63,1589.71823,7.990585046,3.853986625,2.152838045,78.28305891,0.0,0.0,18.93844355,0.0,0.0,0.0,0.0,4.567099648,0,0.0,36.39820241,0.0,17.69618563,0.0,4.567099648,0.0,0.0,0.0,6.544756406,0.0,66.48807518,0.0,4.567099648,0.0,0.0,0.0,0.0,6.544756406,0.0,5.563451492,60.92462369,0.0,3.88,0.0,0.0,0,0.0,0.0,6.544756406,5.563451492,0.0,24.26546827,41.22625506,0.0,2.162037037,0.0,0.0,1.33212963,0.0,16.57361111,4.152777778,0.946111111,0.0,0.083333333,13,0,1,0,0,0,1,1,2,0,0,1,2,0,0,0,2,2.0224,52.181,0,0,1,1,0,0,0,0,0,0,0,0,1,0,0,0,0,0,0,0,0,0,0,0,0,0,1,0,0,1.0,80,1.0,0.0,120.0,100.0,0.8814376178666666,0.22150478393333334,0.9698084282666667,0
C1=CC=C(C[N+]2=CC=CC=C2)C=C1,12,1,0,0,0,1,0.083333333,0.946111111,2.162037037,0.946111111,0.607026736,170.235,158.139,170.0964258,64,0.1732973,-0.200778191,0.200778191,0.1732973,0.769230769,1.384615385,2.076923077,14.91773153,10.2000858,1.977779531,-1.950965332,1.961325305,-2.321392417,5.126707994,-0.687935932,2.161475751,315.8986487,8.932875131,7.427823069,7.427823069,6.449489743,4.430195872,4.430195872,3.033424679,3.033424679,1.985278953,1.985278953,1.333965744,1.333965744,-1.63,1589.71823,7.990585046,3.853986625,2.152838045,78.28305891,0.0,0.0,18.93844355,0.0,0.0,0.0,0.0,4.567099648,0,0.0,36.39820241,0.0,17.69618563,0.0,4.567099648,0.0,0.0,0.0,6.544756406,0.0,66.48807518,0.0,4.567099648,0.0,0.0,0.0,0.0,6.544756406,0.0,5.563451492,60.92462369,0.0,3.88,0.0,0.0,0,0.0,0.0,6.544756406,5.563451492,0.0,24.26546827,41.22625506,0.0,2.162037037,0.0,0.0,1.33212963,0.0,16.57361111,4.152777778,0.946111111,0.0,0.083333333,13,0,1,0,0,0,1,1,2,0,0,1,2,0,0,0,2,2.0224,52.181,0,0,1,1,0,0,0,0,0,0,0,0,1,0,0,0,0,0,0,0,0,0,0,0,0,0,1,0,0,1.0,80,1.0,0.0,240.0,100.0,0.8814376178666666,0.22150478393333334,0.9698084282666667,0
C1=CC=C(C[N+]2=CC=CC=C2)C=C1,12,1,0,0,0,1,0.083333333,0.946111111,2.162037037,0.946111111,0.607026736,170.235,158.139,170.0964258,64,0.1732973,-0.200778191,0.200778191,0.1732973,0.769230769,1.384615385,2.076923077,14.91773153,10.2000858,1.977779531,-1.950965332,1.961325305,-2.321392417,5.126707994,-0.687935932,2.161475751,315.8986487,8.932875131,7.427823069,7.427823069,6.449489743,4.430195872,4.430195872,3.033424679,3.033424679,1.985278953,1.985278953,1.333965744,1.333965744,-1.63,1589.71823,7.990585046,3.853986625,2.152838045,78.28305891,0.0,0.0,18.93844355,0.0,0.0,0.0,0.0,4.567099648,0,0.0,36.39820241,0.0,17.69618563,0.0,4.567099648,0.0,0.0,0.0,6.544756406,0.0,66.48807518,0.0,4.567099648,0.0,0.0,0.0,0.0,6.544756406,0.0,5.563451492,60.92462369,0.0,3.88,0.0,0.0,0,0.0,0.0,6.544756406,5.563451492,0.0,24.26546827,41.22625506,0.0,2.162037037,0.0,0.0,1.33212963,0.0,16.57361111,4.152777778,0.946111111,0.0,0.083333333,13,0,1,0,0,0,1,1,2,0,0,1,2,0,0,0,2,2.0224,52.181,0,0,1,1,0,0,0,0,0,0,0,0,1,0,0,0,0,0,0,0,0,0,0,0,0,0,1,0,0,1.0,80,1.0,0.0,360.0,100.0,0.8814376178666666,0.22150478393333334,0.9698084282666667,0
C1=CC=C(C[N+]2=CC=CC=C2)C=C1,12,1,0,0,0,1,0.083333333,0.946111111,2.162037037,0.946111111,0.607026736,170.235,158.139,170.0964258,64,0.1732973,-0.200778191,0.200778191,0.1732973,0.769230769,1.384615385,2.076923077,14.91773153,10.2000858,1.977779531,-1.950965332,1.961325305,-2.321392417,5.126707994,-0.687935932,2.161475751,315.8986487,8.932875131,7.427823069,7.427823069,6.449489743,4.430195872,4.430195872,3.033424679,3.033424679,1.985278953,1.985278953,1.333965744,1.333965744,-1.63,1589.71823,7.990585046,3.853986625,2.152838045,78.28305891,0.0,0.0,18.93844355,0.0,0.0,0.0,0.0,4.567099648,0,0.0,36.39820241,0.0,17.69618563,0.0,4.567099648,0.0,0.0,0.0,6.544756406,0.0,66.48807518,0.0,4.567099648,0.0,0.0,0.0,0.0,6.544756406,0.0,5.563451492,60.92462369,0.0,3.88,0.0,0.0,0,0.0,0.0,6.544756406,5.563451492,0.0,24.26546827,41.22625506,0.0,2.162037037,0.0,0.0,1.33212963,0.0,16.57361111,4.152777778,0.946111111,0.0,0.083333333,13,0,1,0,0,0,1,1,2,0,0,1,2,0,0,0,2,2.0224,52.181,0,0,1,1,0,0,0,0,0,0,0,0,1,0,0,0,0,0,0,0,0,0,0,0,0,0,1,0,0,1.0,80,1.0,0.0,480.0,100.0,0.8814376178666666,0.22150478393333334,0.9698084282666667,0
C1=CC=C(C[N+]2=CC=CC=C2)C=C1,12,1,0,0,0,1,0.083333333,0.946111111,2.162037037,0.946111111,0.607026736,170.235,158.139,170.0964258,64,0.1732973,-0.200778191,0.200778191,0.1732973,0.769230769,1.384615385,2.076923077,14.91773153,10.2000858,1.977779531,-1.950965332,1.961325305,-2.321392417,5.126707994,-0.687935932,2.161475751,315.8986487,8.932875131,7.427823069,7.427823069,6.449489743,4.430195872,4.430195872,3.033424679,3.033424679,1.985278953,1.985278953,1.333965744,1.333965744,-1.63,1589.71823,7.990585046,3.853986625,2.152838045,78.28305891,0.0,0.0,18.93844355,0.0,0.0,0.0,0.0,4.567099648,0,0.0,36.39820241,0.0,17.69618563,0.0,4.567099648,0.0,0.0,0.0,6.544756406,0.0,66.48807518,0.0,4.567099648,0.0,0.0,0.0,0.0,6.544756406,0.0,5.563451492,60.92462369,0.0,3.88,0.0,0.0,0,0.0,0.0,6.544756406,5.563451492,0.0,24.26546827,41.22625506,0.0,2.162037037,0.0,0.0,1.33212963,0.0,16.57361111,4.152777778,0.946111111,0.0,0.083333333,13,0,1,0,0,0,1,1,2,0,0,1,2,0,0,0,2,2.0224,52.181,0,0,1,1,0,0,0,0,0,0,0,0,1,0,0,0,0,0,0,0,0,0,0,0,0,0,1,0,0,1.0,80,1.0,0.0,600.0,100.0,0.8814376178666666,0.22150478393333334,0.9698084282666667,0
C1=CC=C(C[N+]2=CC=CC=C2)C=C1,12,1,0,0,0,1,0.083333333,0.946111111,2.162037037,0.946111111,0.607026736,170.235,158.139,170.0964258,64,0.1732973,-0.200778191,0.200778191,0.1732973,0.769230769,1.384615385,2.076923077,14.91773153,10.2000858,1.977779531,-1.950965332,1.961325305,-2.321392417,5.126707994,-0.687935932,2.161475751,315.8986487,8.932875131,7.427823069,7.427823069,6.449489743,4.430195872,4.430195872,3.033424679,3.033424679,1.985278953,1.985278953,1.333965744,1.333965744,-1.63,1589.71823,7.990585046,3.853986625,2.152838045,78.28305891,0.0,0.0,18.93844355,0.0,0.0,0.0,0.0,4.567099648,0,0.0,36.39820241,0.0,17.69618563,0.0,4.567099648,0.0,0.0,0.0,6.544756406,0.0,66.48807518,0.0,4.567099648,0.0,0.0,0.0,0.0,6.544756406,0.0,5.563451492,60.92462369,0.0,3.88,0.0,0.0,0,0.0,0.0,6.544756406,5.563451492,0.0,24.26546827,41.22625506,0.0,2.162037037,0.0,0.0,1.33212963,0.0,16.57361111,4.152777778,0.946111111,0.0,0.083333333,13,0,1,0,0,0,1,1,2,0,0,1,2,0,0,0,2,2.0224,52.181,0,0,1,1,0,0,0,0,0,0,0,0,1,0,0,0,0,0,0,0,0,0,0,0,0,0,1,0,0,1.0,80,1.0,0.0,720.0,100.0,0.8814376178666666,0.22150478393333334,0.9698084282666667,0
CN(C)C(N(C)C)=[N+](C)CC1=CC=CC=C1,13,3,0,0,0,3,0.461538462,0.923148148,2.24537037,0.923148148,0.422171489,220.34,198.164,220.1808241,88,0.349140903,-0.270209268,0.349140903,0.270209268,1.0,1.5,1.9375,15.36322853,10.2020442,2.151624946,-2.188533892,2.005641981,-2.414343744,5.734873991,-0.523250374,2.901029662,342.7002729,12.12939203,10.93549891,10.93549891,7.519744508,5.48735313,5.48735313,4.430515271,4.430515271,2.403991029,2.403991029,2.010834496,2.010834496,-1.51,3020.911892,12.55901311,5.540043161,3.260044925,98.61095923,0.0,0.0,0.0,0.0,0.0,5.959554569,14.37534532,0.0,0,0.0,30.33183534,5.563451492,0.0,41.78311632,4.575525859,5.959554569,9.799819462,0.0,6.544756406,35.23835991,35.89528683,0.0,0.0,0.0,0.0,0.0,55.5732598,6.544756406,0.0,5.563451492,30.33183534,0.0,9.49,0.0,0.0,0,0.0,0.0,6.544756406,11.52300606,0.0,6.066367068,73.87917351,0.0,2.24537037,4.255833333,0.0,1.325185185,1.198012094,10.50717309,0.0,0.923148148,10.37861111,0.461538462,16,0,3,0,0,0,1,0,1,0,0,3,2,0,0,0,1,1.3081,68.7114,0,0,0,3,0,0,0,0,0,0,0,0,1,0,0,1,0,0,0,0,0,0,0,0,0,0,0,0,0,1.0,80,1.0,0.0,0.0,0.0,1.0337721733103449,0.314317454,0.9136971473448277,0
CN(C)C(N(C)C)=[N+](C)CC1=CC=CC=C1,13,3,0,0,0,3,0.461538462,0.923148148,2.24537037,0.923148148,0.422171489,220.34,198.164,220.1808241,88,0.349140903,-0.270209268,0.349140903,0.270209268,1.0,1.5,1.9375,15.36322853,10.2020442,2.151624946,-2.188533892,2.005641981,-2.414343744,5.734873991,-0.523250374,2.901029662,342.7002729,12.12939203,10.93549891,10.93549891,7.519744508,5.48735313,5.48735313,4.430515271,4.430515271,2.403991029,2.403991029,2.010834496,2.010834496,-1.51,3020.911892,12.55901311,5.540043161,3.260044925,98.61095923,0.0,0.0,0.0,0.0,0.0,5.959554569,14.37534532,0.0,0,0.0,30.33183534,5.563451492,0.0,41.78311632,4.575525859,5.959554569,9.799819462,0.0,6.544756406,35.23835991,35.89528683,0.0,0.0,0.0,0.0,0.0,55.5732598,6.544756406,0.0,5.563451492,30.33183534,0.0,9.49,0.0,0.0,0,0.0,0.0,6.544756406,11.52300606,0.0,6.066367068,73.87917351,0.0,2.24537037,4.255833333,0.0,1.325185185,1.198012094,10.50717309,0.0,0.923148148,10.37861111,0.461538462,16,0,3,0,0,0,1,0,1,0,0,3,2,0,0,0,1,1.3081,68.7114,0,0,0,3,0,0,0,0,0,0,0,0,1,0,0,1,0,0,0,0,0,0,0,0,0,0,0,0,0,1.0,80,1.0,0.0,120.0,100.0,1.0337721733103449,0.314317454,0.9136971473448277,0
CN(C)C(N(C)C)=[N+](C)CC1=CC=CC=C1,13,3,0,0,0,3,0.461538462,0.923148148,2.24537037,0.923148148,0.422171489,220.34,198.164,220.1808241,88,0.349140903,-0.270209268,0.349140903,0.270209268,1.0,1.5,1.9375,15.36322853,10.2020442,2.151624946,-2.188533892,2.005641981,-2.414343744,5.734873991,-0.523250374,2.901029662,342.7002729,12.12939203,10.93549891,10.93549891,7.519744508,5.48735313,5.48735313,4.430515271,4.430515271,2.403991029,2.403991029,2.010834496,2.010834496,-1.51,3020.911892,12.55901311,5.540043161,3.260044925,98.61095923,0.0,0.0,0.0,0.0,0.0,5.959554569,14.37534532,0.0,0,0.0,30.33183534,5.563451492,0.0,41.78311632,4.575525859,5.959554569,9.799819462,0.0,6.544756406,35.23835991,35.89528683,0.0,0.0,0.0,0.0,0.0,55.5732598,6.544756406,0.0,5.563451492,30.33183534,0.0,9.49,0.0,0.0,0,0.0,0.0,6.544756406,11.52300606,0.0,6.066367068,73.87917351,0.0,2.24537037,4.255833333,0.0,1.325185185,1.198012094,10.50717309,0.0,0.923148148,10.37861111,0.461538462,16,0,3,0,0,0,1,0,1,0,0,3,2,0,0,0,1,1.3081,68.7114,0,0,0,3,0,0,0,0,0,0,0,0,1,0,0,1,0,0,0,0,0,0,0,0,0,0,0,0,0,1.0,80,1.0,0.0,240.0,100.0,1.0337721733103449,0.314317454,0.9136971473448277,0
CN(C)C(N(C)C)=[N+](C)CC1=CC=CC=C1,13,3,0,0,0,3,0.461538462,0.923148148,2.24537037,0.923148148,0.422171489,220.34,198.164,220.1808241,88,0.349140903,-0.270209268,0.349140903,0.270209268,1.0,1.5,1.9375,15.36322853,10.2020442,2.151624946,-2.188533892,2.005641981,-2.414343744,5.734873991,-0.523250374,2.901029662,342.7002729,12.12939203,10.93549891,10.93549891,7.519744508,5.48735313,5.48735313,4.430515271,4.430515271,2.403991029,2.403991029,2.010834496,2.010834496,-1.51,3020.911892,12.55901311,5.540043161,3.260044925,98.61095923,0.0,0.0,0.0,0.0,0.0,5.959554569,14.37534532,0.0,0,0.0,30.33183534,5.563451492,0.0,41.78311632,4.575525859,5.959554569,9.799819462,0.0,6.544756406,35.23835991,35.89528683,0.0,0.0,0.0,0.0,0.0,55.5732598,6.544756406,0.0,5.563451492,30.33183534,0.0,9.49,0.0,0.0,0,0.0,0.0,6.544756406,11.52300606,0.0,6.066367068,73.87917351,0.0,2.24537037,4.255833333,0.0,1.325185185,1.198012094,10.50717309,0.0,0.923148148,10.37861111,0.461538462,16,0,3,0,0,0,1,0,1,0,0,3,2,0,0,0,1,1.3081,68.7114,0,0,0,3,0,0,0,0,0,0,0,0,1,0,0,1,0,0,0,0,0,0,0,0,0,0,0,0,0,1.0,80,1.0,0.0,360.0,100.0,1.0337721733103449,0.314317454,0.9136971473448277,0
CN(C)C(N(C)C)=[N+](C)CC1=CC=CC=C1,13,3,0,0,0,3,0.461538462,0.923148148,2.24537037,0.923148148,0.422171489,220.34,198.164,220.1808241,88,0.349140903,-0.270209268,0.349140903,0.270209268,1.0,1.5,1.9375,15.36322853,10.2020442,2.151624946,-2.188533892,2.005641981,-2.414343744,5.734873991,-0.523250374,2.901029662,342.7002729,12.12939203,10.93549891,10.93549891,7.519744508,5.48735313,5.48735313,4.430515271,4.430515271,2.403991029,2.403991029,2.010834496,2.010834496,-1.51,3020.911892,12.55901311,5.540043161,3.260044925,98.61095923,0.0,0.0,0.0,0.0,0.0,5.959554569,14.37534532,0.0,0,0.0,30.33183534,5.563451492,0.0,41.78311632,4.575525859,5.959554569,9.799819462,0.0,6.544756406,35.23835991,35.89528683,0.0,0.0,0.0,0.0,0.0,55.5732598,6.544756406,0.0,5.563451492,30.33183534,0.0,9.49,0.0,0.0,0,0.0,0.0,6.544756406,11.52300606,0.0,6.066367068,73.87917351,0.0,2.24537037,4.255833333,0.0,1.325185185,1.198012094,10.50717309,0.0,0.923148148,10.37861111,0.461538462,16,0,3,0,0,0,1,0,1,0,0,3,2,0,0,0,1,1.3081,68.7114,0,0,0,3,0,0,0,0,0,0,0,0,1,0,0,1,0,0,0,0,0,0,0,0,0,0,0,0,0,1.0,80,1.0,0.0,480.0,100.0,1.0337721733103449,0.314317454,0.9136971473448277,0
CN(C)C(N(C)C)=[N+](C)CC1=CC=CC=C1,13,3,0,0,0,3,0.461538462,0.923148148,2.24537037,0.923148148,0.422171489,220.34,198.164,220.1808241,88,0.349140903,-0.270209268,0.349140903,0.270209268,1.0,1.5,1.9375,15.36322853,10.2020442,2.151624946,-2.188533892,2.005641981,-2.414343744,5.734873991,-0.523250374,2.901029662,342.7002729,12.12939203,10.93549891,10.93549891,7.519744508,5.48735313,5.48735313,4.430515271,4.430515271,2.403991029,2.403991029,2.010834496,2.010834496,-1.51,3020.911892,12.55901311,5.540043161,3.260044925,98.61095923,0.0,0.0,0.0,0.0,0.0,5.959554569,14.37534532,0.0,0,0.0,30.33183534,5.563451492,0.0,41.78311632,4.575525859,5.959554569,9.799819462,0.0,6.544756406,35.23835991,35.89528683,0.0,0.0,0.0,0.0,0.0,55.5732598,6.544756406,0.0,5.563451492,30.33183534,0.0,9.49,0.0,0.0,0,0.0,0.0,6.544756406,11.52300606,0.0,6.066367068,73.87917351,0.0,2.24537037,4.255833333,0.0,1.325185185,1.198012094,10.50717309,0.0,0.923148148,10.37861111,0.461538462,16,0,3,0,0,0,1,0,1,0,0,3,2,0,0,0,1,1.3081,68.7114,0,0,0,3,0,0,0,0,0,0,0,0,1,0,0,1,0,0,0,0,0,0,0,0,0,0,0,0,0,1.0,80,1.0,0.0,600.0,100.0,1.0337721733103449,0.314317454,0.9136971473448277,0
CN(C)C(N(C)C)=[N+](C)CC1=CC=CC=C1,13,3,0,0,0,3,0.461538462,0.923148148,2.24537037,0.923148148,0.422171489,220.34,198.164,220.1808241,88,0.349140903,-0.270209268,0.349140903,0.270209268,1.0,1.5,1.9375,15.36322853,10.2020442,2.151624946,-2.188533892,2.005641981,-2.414343744,5.734873991,-0.523250374,2.901029662,342.7002729,12.12939203,10.93549891,10.93549891,7.519744508,5.48735313,5.48735313,4.430515271,4.430515271,2.403991029,2.403991029,2.010834496,2.010834496,-1.51,3020.911892,12.55901311,5.540043161,3.260044925,98.61095923,0.0,0.0,0.0,0.0,0.0,5.959554569,14.37534532,0.0,0,0.0,30.33183534,5.563451492,0.0,41.78311632,4.575525859,5.959554569,9.799819462,0.0,6.544756406,35.23835991,35.89528683,0.0,0.0,0.0,0.0,0.0,55.5732598,6.544756406,0.0,5.563451492,30.33183534,0.0,9.49,0.0,0.0,0,0.0,0.0,6.544756406,11.52300606,0.0,6.066367068,73.87917351,0.0,2.24537037,4.255833333,0.0,1.325185185,1.198012094,10.50717309,0.0,0.923148148,10.37861111,0.461538462,16,0,3,0,0,0,1,0,1,0,0,3,2,0,0,0,1,1.3081,68.7114,0,0,0,3,0,0,0,0,0,0,0,0,1,0,0,1,0,0,0,0,0,0,0,0,0,0,0,0,0,1.0,80,1.0,0.0,720.0,100.0,1.0337721733103449,0.314317454,0.9136971473448277,0
CN(C1CCCCC1)[P+](N(C)C1CCCCC1)(N(C)C1CCCCC1)N(C)C1CCCCC1,28,4,0,0,1,1,0.6,-1.800925926,3.017834467,0.75944909,0.330305863,479.758,423.31,479.4237108,192,0.308102965,-0.133102457,0.308102965,0.133102457,0.333333333,0.515151515,0.696969697,31.20806956,9.954857359,2.625518638,-2.553190701,2.722792743,-2.578476926,7.662711001,0.150406478,1.74606563,460.7349121,23.26093778,22.68760468,23.58203187,16.06342127,14.88763626,16.48763626,11.99866788,15.59574094,10.1055626,14.79793706,8.030405825,13.37731662,0.27,41093013.14,26.33635214,12.48639178,5.66118957,206.9181161,0.0,0.0,0.0,0.0,0.0,7.865383607,0.0,0.0,0,18.68166476,77.04985948,51.36657298,52.35805125,0.0,0.0,7.865383607,18.68166476,0.0,152.5837958,28.19068793,0.0,0.0,0.0,0.0,0.0,7.865383607,71.03971601,0.0,0.0,128.4164325,0.0,0.0,12.96,7.865383607,0.0,0,0.0,0.0,24.16736332,128.4164325,0.0,0.0,46.87235269,0.0,12.07133787,0.0,0.0,0.0,0.0,3.037796359,28.54598325,0.0,8.483771416,1.0,33,0,4,4,0,4,0,0,0,4,0,5,8,4,0,4,4,7.722,145.464,0,0,0,4,0,0,0,0,0,0,0,0,0,0,0,0,0,0,0,0,0,0,0,0,0,0,0,0,0,1.0,80,1.0,0.0,0.0,0.0,0.9958301147142857,0.341299902,0.9065267608571429,0
CN(C1CCCCC1)[P+](N(C)C1CCCCC1)(N(C)C1CCCCC1)N(C)C1CCCCC1,28,4,0,0,1,1,0.6,-1.800925926,3.017834467,0.75944909,0.330305863,479.758,423.31,479.4237108,192,0.308102965,-0.133102457,0.308102965,0.133102457,0.333333333,0.515151515,0.696969697,31.20806956,9.954857359,2.625518638,-2.553190701,2.722792743,-2.578476926,7.662711001,0.150406478,1.74606563,460.7349121,23.26093778,22.68760468,23.58203187,16.06342127,14.88763626,16.48763626,11.99866788,15.59574094,10.1055626,14.79793706,8.030405825,13.37731662,0.27,41093013.14,26.33635214,12.48639178,5.66118957,206.9181161,0.0,0.0,0.0,0.0,0.0,7.865383607,0.0,0.0,0,18.68166476,77.04985948,51.36657298,52.35805125,0.0,0.0,7.865383607,18.68166476,0.0,152.5837958,28.19068793,0.0,0.0,0.0,0.0,0.0,7.865383607,71.03971601,0.0,0.0,128.4164325,0.0,0.0,12.96,7.865383607,0.0,0,0.0,0.0,24.16736332,128.4164325,0.0,0.0,46.87235269,0.0,12.07133787,0.0,0.0,0.0,0.0,3.037796359,28.54598325,0.0,8.483771416,1.0,33,0,4,4,0,4,0,0,0,4,0,5,8,4,0,4,4,7.722,145.464,0,0,0,4,0,0,0,0,0,0,0,0,0,0,0,0,0,0,0,0,0,0,0,0,0,0,0,0,0,1.0,80,1.0,0.0,120.0,0.0,0.9958301147142857,0.341299902,0.9065267608571429,0
CN(C1CCCCC1)[P+](N(C)C1CCCCC1)(N(C)C1CCCCC1)N(C)C1CCCCC1,28,4,0,0,1,1,0.6,-1.800925926,3.017834467,0.75944909,0.330305863,479.758,423.31,479.4237108,192,0.308102965,-0.133102457,0.308102965,0.133102457,0.333333333,0.515151515,0.696969697,31.20806956,9.954857359,2.625518638,-2.553190701,2.722792743,-2.578476926,7.662711001,0.150406478,1.74606563,460.7349121,23.26093778,22.68760468,23.58203187,16.06342127,14.88763626,16.48763626,11.99866788,15.59574094,10.1055626,14.79793706,8.030405825,13.37731662,0.27,41093013.14,26.33635214,12.48639178,5.66118957,206.9181161,0.0,0.0,0.0,0.0,0.0,7.865383607,0.0,0.0,0,18.68166476,77.04985948,51.36657298,52.35805125,0.0,0.0,7.865383607,18.68166476,0.0,152.5837958,28.19068793,0.0,0.0,0.0,0.0,0.0,7.865383607,71.03971601,0.0,0.0,128.4164325,0.0,0.0,12.96,7.865383607,0.0,0,0.0,0.0,24.16736332,128.4164325,0.0,0.0,46.87235269,0.0,12.07133787,0.0,0.0,0.0,0.0,3.037796359,28.54598325,0.0,8.483771416,1.0,33,0,4,4,0,4,0,0,0,4,0,5,8,4,0,4,4,7.722,145.464,0,0,0,4,0,0,0,0,0,0,0,0,0,0,0,0,0,0,0,0,0,0,0,0,0,0,0,0,0,1.0,80,1.0,0.0,240.0,0.0,0.9958301147142857,0.341299902,0.9065267608571429,0
CN(C1CCCCC1)[P+](N(C)C1CCCCC1)(N(C)C1CCCCC1)N(C)C1CCCCC1,28,4,0,0,1,1,0.6,-1.800925926,3.017834467,0.75944909,0.330305863,479.758,423.31,479.4237108,192,0.308102965,-0.133102457,0.308102965,0.133102457,0.333333333,0.515151515,0.696969697,31.20806956,9.954857359,2.625518638,-2.553190701,2.722792743,-2.578476926,7.662711001,0.150406478,1.74606563,460.7349121,23.26093778,22.68760468,23.58203187,16.06342127,14.88763626,16.48763626,11.99866788,15.59574094,10.1055626,14.79793706,8.030405825,13.37731662,0.27,41093013.14,26.33635214,12.48639178,5.66118957,206.9181161,0.0,0.0,0.0,0.0,0.0,7.865383607,0.0,0.0,0,18.68166476,77.04985948,51.36657298,52.35805125,0.0,0.0,7.865383607,18.68166476,0.0,152.5837958,28.19068793,0.0,0.0,0.0,0.0,0.0,7.865383607,71.03971601,0.0,0.0,128.4164325,0.0,0.0,12.96,7.865383607,0.0,0,0.0,0.0,24.16736332,128.4164325,0.0,0.0,46.87235269,0.0,12.07133787,0.0,0.0,0.0,0.0,3.037796359,28.54598325,0.0,8.483771416,1.0,33,0,4,4,0,4,0,0,0,4,0,5,8,4,0,4,4,7.722,145.464,0,0,0,4,0,0,0,0,0,0,0,0,0,0,0,0,0,0,0,0,0,0,0,0,0,0,0,0,0,1.0,80,1.0,0.0,360.0,0.0,0.9958301147142857,0.341299902,0.9065267608571429,0
CN(C1CCCCC1)[P+](N(C)C1CCCCC1)(N(C)C1CCCCC1)N(C)C1CCCCC1,28,4,0,0,1,1,0.6,-1.800925926,3.017834467,0.75944909,0.330305863,479.758,423.31,479.4237108,192,0.308102965,-0.133102457,0.308102965,0.133102457,0.333333333,0.515151515,0.696969697,31.20806956,9.954857359,2.625518638,-2.553190701,2.722792743,-2.578476926,7.662711001,0.150406478,1.74606563,460.7349121,23.26093778,22.68760468,23.58203187,16.06342127,14.88763626,16.48763626,11.99866788,15.59574094,10.1055626,14.79793706,8.030405825,13.37731662,0.27,41093013.14,26.33635214,12.48639178,5.66118957,206.9181161,0.0,0.0,0.0,0.0,0.0,7.865383607,0.0,0.0,0,18.68166476,77.04985948,51.36657298,52.35805125,0.0,0.0,7.865383607,18.68166476,0.0,152.5837958,28.19068793,0.0,0.0,0.0,0.0,0.0,7.865383607,71.03971601,0.0,0.0,128.4164325,0.0,0.0,12.96,7.865383607,0.0,0,0.0,0.0,24.16736332,128.4164325,0.0,0.0,46.87235269,0.0,12.07133787,0.0,0.0,0.0,0.0,3.037796359,28.54598325,0.0,8.483771416,1.0,33,0,4,4,0,4,0,0,0,4,0,5,8,4,0,4,4,7.722,145.464,0,0,0,4,0,0,0,0,0,0,0,0,0,0,0,0,0,0,0,0,0,0,0,0,0,0,0,0,0,1.0,80,1.0,0.0,480.0,0.0,0.9958301147142857,0.341299902,0.9065267608571429,0
CN(C1CCCCC1)[P+](N(C)C1CCCCC1)(N(C)C1CCCCC1)N(C)C1CCCCC1,28,4,0,0,1,1,0.6,-1.800925926,3.017834467,0.75944909,0.330305863,479.758,423.31,479.4237108,192,0.308102965,-0.133102457,0.308102965,0.133102457,0.333333333,0.515151515,0.696969697,31.20806956,9.954857359,2.625518638,-2.553190701,2.722792743,-2.578476926,7.662711001,0.150406478,1.74606563,460.7349121,23.26093778,22.68760468,23.58203187,16.06342127,14.88763626,16.48763626,11.99866788,15.59574094,10.1055626,14.79793706,8.030405825,13.37731662,0.27,41093013.14,26.33635214,12.48639178,5.66118957,206.9181161,0.0,0.0,0.0,0.0,0.0,7.865383607,0.0,0.0,0,18.68166476,77.04985948,51.36657298,52.35805125,0.0,0.0,7.865383607,18.68166476,0.0,152.5837958,28.19068793,0.0,0.0,0.0,0.0,0.0,7.865383607,71.03971601,0.0,0.0,128.4164325,0.0,0.0,12.96,7.865383607,0.0,0,0.0,0.0,24.16736332,128.4164325,0.0,0.0,46.87235269,0.0,12.07133787,0.0,0.0,0.0,0.0,3.037796359,28.54598325,0.0,8.483771416,1.0,33,0,4,4,0,4,0,0,0,4,0,5,8,4,0,4,4,7.722,145.464,0,0,0,4,0,0,0,0,0,0,0,0,0,0,0,0,0,0,0,0,0,0,0,0,0,0,0,0,0,1.0,80,1.0,0.0,600.0,0.0,0.9958301147142857,0.341299902,0.9065267608571429,0
CN(C1CCCCC1)[P+](N(C)C1CCCCC1)(N(C)C1CCCCC1)N(C)C1CCCCC1,28,4,0,0,1,1,0.6,-1.800925926,3.017834467,0.75944909,0.330305863,479.758,423.31,479.4237108,192,0.308102965,-0.133102457,0.308102965,0.133102457,0.333333333,0.515151515,0.696969697,31.20806956,9.954857359,2.625518638,-2.553190701,2.722792743,-2.578476926,7.662711001,0.150406478,1.74606563,460.7349121,23.26093778,22.68760468,23.58203187,16.06342127,14.88763626,16.48763626,11.99866788,15.59574094,10.1055626,14.79793706,8.030405825,13.37731662,0.27,41093013.14,26.33635214,12.48639178,5.66118957,206.9181161,0.0,0.0,0.0,0.0,0.0,7.865383607,0.0,0.0,0,18.68166476,77.04985948,51.36657298,52.35805125,0.0,0.0,7.865383607,18.68166476,0.0,152.5837958,28.19068793,0.0,0.0,0.0,0.0,0.0,7.865383607,71.03971601,0.0,0.0,128.4164325,0.0,0.0,12.96,7.865383607,0.0,0,0.0,0.0,24.16736332,128.4164325,0.0,0.0,46.87235269,0.0,12.07133787,0.0,0.0,0.0,0.0,3.037796359,28.54598325,0.0,8.483771416,1.0,33,0,4,4,0,4,0,0,0,4,0,5,8,4,0,4,4,7.722,145.464,0,0,0,4,0,0,0,0,0,0,0,0,0,0,0,0,0,0,0,0,0,0,0,0,0,0,0,0,0,1.0,80,1.0,0.0,720.0,0.0,0.9958301147142857,0.341299902,0.9065267608571429,0
C1CCN([P+](N2CCCC2)(N2CCCC2)N2CCCC2)C1,16,4,0,0,1,1,1.0,-1.353395062,2.967222222,1.353395062,0.739849419,311.434,279.178,311.2359101,120,0.308099749,-0.133092971,0.308099749,0.133092971,0.333333333,0.523809524,0.714285714,31.20806864,10.39358405,2.627023079,-2.471080099,2.724862718,-2.497404029,7.663133009,0.301555984,1.714071065,270.6763641,14.12310958,13.54977648,14.44420367,10.42068686,9.329822128,10.92982213,7.179735862,10.51579019,5.847715405,10.48350196,4.948378661,10.37300003,0.27,209317.1333,14.83663575,6.40898078,2.476428784,130.5388108,0.0,0.0,0.0,0.0,0.0,7.865383607,0.0,0.0,0,18.68166476,0.0,51.36657298,52.35805125,0.0,0.0,7.865383607,18.68166476,0.0,51.36657298,52.35805125,0.0,0.0,0.0,0.0,0.0,7.865383607,71.03971601,0.0,0.0,51.36657298,0.0,0.0,12.96,7.865383607,0.0,0,0.0,0.0,0.0,103.7246242,0.0,0.0,18.68166476,0.0,11.86888889,0.0,0.0,0.0,0.0,0.0,11.42277778,10.86728395,-1.353395062,1.0,21,0,4,0,4,4,0,0,0,4,0,5,4,0,4,4,4,3.0472,90.148,0,0,0,4,0,0,0,0,0,0,0,0,0,0,0,0,0,0,0,0,0,0,0,0,0,0,0,0,0,1.0,80,1.0,0.0,0.0,0.0,1.6195380532142856,0.8530106838571428,0.9451986835,0
C1CCN([P+](N2CCCC2)(N2CCCC2)N2CCCC2)C1,16,4,0,0,1,1,1.0,-1.353395062,2.967222222,1.353395062,0.739849419,311.434,279.178,311.2359101,120,0.308099749,-0.133092971,0.308099749,0.133092971,0.333333333,0.523809524,0.714285714,31.20806864,10.39358405,2.627023079,-2.471080099,2.724862718,-2.497404029,7.663133009,0.301555984,1.714071065,270.6763641,14.12310958,13.54977648,14.44420367,10.42068686,9.329822128,10.92982213,7.179735862,10.51579019,5.847715405,10.48350196,4.948378661,10.37300003,0.27,209317.1333,14.83663575,6.40898078,2.476428784,130.5388108,0.0,0.0,0.0,0.0,0.0,7.865383607,0.0,0.0,0,18.68166476,0.0,51.36657298,52.35805125,0.0,0.0,7.865383607,18.68166476,0.0,51.36657298,52.35805125,0.0,0.0,0.0,0.0,0.0,7.865383607,71.03971601,0.0,0.0,51.36657298,0.0,0.0,12.96,7.865383607,0.0,0,0.0,0.0,0.0,103.7246242,0.0,0.0,18.68166476,0.0,11.86888889,0.0,0.0,0.0,0.0,0.0,11.42277778,10.86728395,-1.353395062,1.0,21,0,4,0,4,4,0,0,0,4,0,5,4,0,4,4,4,3.0472,90.148,0,0,0,4,0,0,0,0,0,0,0,0,0,0,0,0,0,0,0,0,0,0,0,0,0,0,0,0,0,1.0,80,1.0,0.0,120.0,0.0,1.6195380532142856,0.8530106838571428,0.9451986835,0
C1CCN([P+](N2CCCC2)(N2CCCC2)N2CCCC2)C1,16,4,0,0,1,1,1.0,-1.353395062,2.967222222,1.353395062,0.739849419,311.434,279.178,311.2359101,120,0.308099749,-0.133092971,0.308099749,0.133092971,0.333333333,0.523809524,0.714285714,31.20806864,10.39358405,2.627023079,-2.471080099,2.724862718,-2.497404029,7.663133009,0.301555984,1.714071065,270.6763641,14.12310958,13.54977648,14.44420367,10.42068686,9.329822128,10.92982213,7.179735862,10.51579019,5.847715405,10.48350196,4.948378661,10.37300003,0.27,209317.1333,14.83663575,6.40898078,2.476428784,130.5388108,0.0,0.0,0.0,0.0,0.0,7.865383607,0.0,0.0,0,18.68166476,0.0,51.36657298,52.35805125,0.0,0.0,7.865383607,18.68166476,0.0,51.36657298,52.35805125,0.0,0.0,0.0,0.0,0.0,7.865383607,71.03971601,0.0,0.0,51.36657298,0.0,0.0,12.96,7.865383607,0.0,0,0.0,0.0,0.0,103.7246242,0.0,0.0,18.68166476,0.0,11.86888889,0.0,0.0,0.0,0.0,0.0,11.42277778,10.86728395,-1.353395062,1.0,21,0,4,0,4,4,0,0,0,4,0,5,4,0,4,4,4,3.0472,90.148,0,0,0,4,0,0,0,0,0,0,0,0,0,0,0,0,0,0,0,0,0,0,0,0,0,0,0,0,0,1.0,80,1.0,0.0,240.0,0.0,1.6195380532142856,0.8530106838571428,0.9451986835,0
C1CCN([P+](N2CCCC2)(N2CCCC2)N2CCCC2)C1,16,4,0,0,1,1,1.0,-1.353395062,2.967222222,1.353395062,0.739849419,311.434,279.178,311.2359101,120,0.308099749,-0.133092971,0.308099749,0.133092971,0.333333333,0.523809524,0.714285714,31.20806864,10.39358405,2.627023079,-2.471080099,2.724862718,-2.497404029,7.663133009,0.301555984,1.714071065,270.6763641,14.12310958,13.54977648,14.44420367,10.42068686,9.329822128,10.92982213,7.179735862,10.51579019,5.847715405,10.48350196,4.948378661,10.37300003,0.27,209317.1333,14.83663575,6.40898078,2.476428784,130.5388108,0.0,0.0,0.0,0.0,0.0,7.865383607,0.0,0.0,0,18.68166476,0.0,51.36657298,52.35805125,0.0,0.0,7.865383607,18.68166476,0.0,51.36657298,52.35805125,0.0,0.0,0.0,0.0,0.0,7.865383607,71.03971601,0.0,0.0,51.36657298,0.0,0.0,12.96,7.865383607,0.0,0,0.0,0.0,0.0,103.7246242,0.0,0.0,18.68166476,0.0,11.86888889,0.0,0.0,0.0,0.0,0.0,11.42277778,10.86728395,-1.353395062,1.0,21,0,4,0,4,4,0,0,0,4,0,5,4,0,4,4,4,3.0472,90.148,0,0,0,4,0,0,0,0,0,0,0,0,0,0,0,0,0,0,0,0,0,0,0,0,0,0,0,0,0,1.0,80,1.0,0.0,360.0,0.0,1.6195380532142856,0.8530106838571428,0.9451986835,0
C1CCN([P+](N2CCCC2)(N2CCCC2)N2CCCC2)C1,16,4,0,0,1,1,1.0,-1.353395062,2.967222222,1.353395062,0.739849419,311.434,279.178,311.2359101,120,0.308099749,-0.133092971,0.308099749,0.133092971,0.333333333,0.523809524,0.714285714,31.20806864,10.39358405,2.627023079,-2.471080099,2.724862718,-2.497404029,7.663133009,0.301555984,1.714071065,270.6763641,14.12310958,13.54977648,14.44420367,10.42068686,9.329822128,10.92982213,7.179735862,10.51579019,5.847715405,10.48350196,4.948378661,10.37300003,0.27,209317.1333,14.83663575,6.40898078,2.476428784,130.5388108,0.0,0.0,0.0,0.0,0.0,7.865383607,0.0,0.0,0,18.68166476,0.0,51.36657298,52.35805125,0.0,0.0,7.865383607,18.68166476,0.0,51.36657298,52.35805125,0.0,0.0,0.0,0.0,0.0,7.865383607,71.03971601,0.0,0.0,51.36657298,0.0,0.0,12.96,7.865383607,0.0,0,0.0,0.0,0.0,103.7246242,0.0,0.0,18.68166476,0.0,11.86888889,0.0,0.0,0.0,0.0,0.0,11.42277778,10.86728395,-1.353395062,1.0,21,0,4,0,4,4,0,0,0,4,0,5,4,0,4,4,4,3.0472,90.148,0,0,0,4,0,0,0,0,0,0,0,0,0,0,0,0,0,0,0,0,0,0,0,0,0,0,0,0,0,1.0,80,1.0,0.0,480.0,0.0,1.6195380532142856,0.8530106838571428,0.9451986835,0
C1CCN([P+](N2CCCC2)(N2CCCC2)N2CCCC2)C1,16,4,0,0,1,1,1.0,-1.353395062,2.967222222,1.353395062,0.739849419,311.434,279.178,311.2359101,120,0.308099749,-0.133092971,0.308099749,0.133092971,0.333333333,0.523809524,0.714285714,31.20806864,10.39358405,2.627023079,-2.471080099,2.724862718,-2.497404029,7.663133009,0.301555984,1.714071065,270.6763641,14.12310958,13.54977648,14.44420367,10.42068686,9.329822128,10.92982213,7.179735862,10.51579019,5.847715405,10.48350196,4.948378661,10.37300003,0.27,209317.1333,14.83663575,6.40898078,2.476428784,130.5388108,0.0,0.0,0.0,0.0,0.0,7.865383607,0.0,0.0,0,18.68166476,0.0,51.36657298,52.35805125,0.0,0.0,7.865383607,18.68166476,0.0,51.36657298,52.35805125,0.0,0.0,0.0,0.0,0.0,7.865383607,71.03971601,0.0,0.0,51.36657298,0.0,0.0,12.96,7.865383607,0.0,0,0.0,0.0,0.0,103.7246242,0.0,0.0,18.68166476,0.0,11.86888889,0.0,0.0,0.0,0.0,0.0,11.42277778,10.86728395,-1.353395062,1.0,21,0,4,0,4,4,0,0,0,4,0,5,4,0,4,4,4,3.0472,90.148,0,0,0,4,0,0,0,0,0,0,0,0,0,0,0,0,0,0,0,0,0,0,0,0,0,0,0,0,0,1.0,80,1.0,0.0,600.0,0.0,1.6195380532142856,0.8530106838571428,0.9451986835,0
C1CCN([P+](N2CCCC2)(N2CCCC2)N2CCCC2)C1,16,4,0,0,1,1,1.0,-1.353395062,2.967222222,1.353395062,0.739849419,311.434,279.178,311.2359101,120,0.308099749,-0.133092971,0.308099749,0.133092971,0.333333333,0.523809524,0.714285714,31.20806864,10.39358405,2.627023079,-2.471080099,2.724862718,-2.497404029,7.663133009,0.301555984,1.714071065,270.6763641,14.12310958,13.54977648,14.44420367,10.42068686,9.329822128,10.92982213,7.179735862,10.51579019,5.847715405,10.48350196,4.948378661,10.37300003,0.27,209317.1333,14.83663575,6.40898078,2.476428784,130.5388108,0.0,0.0,0.0,0.0,0.0,7.865383607,0.0,0.0,0,18.68166476,0.0,51.36657298,52.35805125,0.0,0.0,7.865383607,18.68166476,0.0,51.36657298,52.35805125,0.0,0.0,0.0,0.0,0.0,7.865383607,71.03971601,0.0,0.0,51.36657298,0.0,0.0,12.96,7.865383607,0.0,0,0.0,0.0,0.0,103.7246242,0.0,0.0,18.68166476,0.0,11.86888889,0.0,0.0,0.0,0.0,0.0,11.42277778,10.86728395,-1.353395062,1.0,21,0,4,0,4,4,0,0,0,4,0,5,4,0,4,4,4,3.0472,90.148,0,0,0,4,0,0,0,0,0,0,0,0,0,0,0,0,0,0,0,0,0,0,0,0,0,0,0,0,0,1.0,80,1.0,0.0,720.0,0.0,1.6195380532142856,0.8530106838571428,0.9451986835,0
COC1=CC(OC)=C([P+](CC2=CC=CC=C2)(C2=C(OC)C=C(OC)C=C2OC)C2=C(OC)C=C(OC)C=C2OC)C(OC)=C1,34,0,9,0,1,1,0.294117647,-3.107681721,6.156011432,0.477169076,0.174868277,623.659,583.339,623.2404459,234,0.18860906,-0.496475275,0.496475275,0.18860906,0.386363636,0.659090909,0.886363636,31.18342689,10.23355009,2.577498066,-2.332043485,2.67807044,-2.367849658,7.956358548,0.377712077,2.409608761,1344.038973,31.8547959,26.67940795,27.57383514,21.3814988,13.72673869,15.70083501,9.595038794,12.87241104,7.474795729,11.92692906,5.520357085,10.61642121,-4.49,5726948073.0,32.42439318,14.32109392,5.842427988,259.3585944,42.63176658,24.51101469,50.41069069,0.0,0.0,0.0,0.0,0.0,0,0.0,30.33183534,5.563451492,36.39820241,70.1500879,42.63176658,23.17609888,0.0,0.0,6.161910027,63.98817787,72.29348924,51.7456065,58.54538627,0.0,51.7456065,7.262479191,63.98817787,6.161910027,0.0,5.563451492,66.73003775,0.0,83.07,7.262479191,0.0,0,0.0,57.90751653,21.47707118,0.0,63.98817787,54.59730362,12.13273414,42.63176658,53.90775532,0.0,2.321352041,1.042227655,4.995023732,21.27961547,0.477169076,0.0,11.44907892,0.294117647,44,0,9,0,0,0,4,0,4,9,0,10,14,0,0,0,4,5.2581,174.262,0,0,0,0,0,0,0,0,0,0,0,0,4,0,9,0,0,0,9,0,0,0,0,0,0,0,0,0,0,1.0,80,1.0,0.0,0.0,0.0,1.8691680667857145,0.7121976419999999,0.8008176374285715,0
COC1=CC(OC)=C([P+](CC2=CC=CC=C2)(C2=C(OC)C=C(OC)C=C2OC)C2=C(OC)C=C(OC)C=C2OC)C(OC)=C1,34,0,9,0,1,1,0.294117647,-3.107681721,6.156011432,0.477169076,0.174868277,623.659,583.339,623.2404459,234,0.18860906,-0.496475275,0.496475275,0.18860906,0.386363636,0.659090909,0.886363636,31.18342689,10.23355009,2.577498066,-2.332043485,2.67807044,-2.367849658,7.956358548,0.377712077,2.409608761,1344.038973,31.8547959,26.67940795,27.57383514,21.3814988,13.72673869,15.70083501,9.595038794,12.87241104,7.474795729,11.92692906,5.520357085,10.61642121,-4.49,5726948073.0,32.42439318,14.32109392,5.842427988,259.3585944,42.63176658,24.51101469,50.41069069,0.0,0.0,0.0,0.0,0.0,0,0.0,30.33183534,5.563451492,36.39820241,70.1500879,42.63176658,23.17609888,0.0,0.0,6.161910027,63.98817787,72.29348924,51.7456065,58.54538627,0.0,51.7456065,7.262479191,63.98817787,6.161910027,0.0,5.563451492,66.73003775,0.0,83.07,7.262479191,0.0,0,0.0,57.90751653,21.47707118,0.0,63.98817787,54.59730362,12.13273414,42.63176658,53.90775532,0.0,2.321352041,1.042227655,4.995023732,21.27961547,0.477169076,0.0,11.44907892,0.294117647,44,0,9,0,0,0,4,0,4,9,0,10,14,0,0,0,4,5.2581,174.262,0,0,0,0,0,0,0,0,0,0,0,0,4,0,9,0,0,0,9,0,0,0,0,0,0,0,0,0,0,1.0,80,1.0,0.0,120.0,7.8313,1.8691680667857145,0.7121976419999999,0.8008176374285715,0
COC1=CC(OC)=C([P+](CC2=CC=CC=C2)(C2=C(OC)C=C(OC)C=C2OC)C2=C(OC)C=C(OC)C=C2OC)C(OC)=C1,34,0,9,0,1,1,0.294117647,-3.107681721,6.156011432,0.477169076,0.174868277,623.659,583.339,623.2404459,234,0.18860906,-0.496475275,0.496475275,0.18860906,0.386363636,0.659090909,0.886363636,31.18342689,10.23355009,2.577498066,-2.332043485,2.67807044,-2.367849658,7.956358548,0.377712077,2.409608761,1344.038973,31.8547959,26.67940795,27.57383514,21.3814988,13.72673869,15.70083501,9.595038794,12.87241104,7.474795729,11.92692906,5.520357085,10.61642121,-4.49,5726948073.0,32.42439318,14.32109392,5.842427988,259.3585944,42.63176658,24.51101469,50.41069069,0.0,0.0,0.0,0.0,0.0,0,0.0,30.33183534,5.563451492,36.39820241,70.1500879,42.63176658,23.17609888,0.0,0.0,6.161910027,63.98817787,72.29348924,51.7456065,58.54538627,0.0,51.7456065,7.262479191,63.98817787,6.161910027,0.0,5.563451492,66.73003775,0.0,83.07,7.262479191,0.0,0,0.0,57.90751653,21.47707118,0.0,63.98817787,54.59730362,12.13273414,42.63176658,53.90775532,0.0,2.321352041,1.042227655,4.995023732,21.27961547,0.477169076,0.0,11.44907892,0.294117647,44,0,9,0,0,0,4,0,4,9,0,10,14,0,0,0,4,5.2581,174.262,0,0,0,0,0,0,0,0,0,0,0,0,4,0,9,0,0,0,9,0,0,0,0,0,0,0,0,0,0,1.0,80,1.0,0.0,240.0,15.0602,1.8691680667857145,0.7121976419999999,0.8008176374285715,0
COC1=CC(OC)=C([P+](CC2=CC=CC=C2)(C2=C(OC)C=C(OC)C=C2OC)C2=C(OC)C=C(OC)C=C2OC)C(OC)=C1,34,0,9,0,1,1,0.294117647,-3.107681721,6.156011432,0.477169076,0.174868277,623.659,583.339,623.2404459,234,0.18860906,-0.496475275,0.496475275,0.18860906,0.386363636,0.659090909,0.886363636,31.18342689,10.23355009,2.577498066,-2.332043485,2.67807044,-2.367849658,7.956358548,0.377712077,2.409608761,1344.038973,31.8547959,26.67940795,27.57383514,21.3814988,13.72673869,15.70083501,9.595038794,12.87241104,7.474795729,11.92692906,5.520357085,10.61642121,-4.49,5726948073.0,32.42439318,14.32109392,5.842427988,259.3585944,42.63176658,24.51101469,50.41069069,0.0,0.0,0.0,0.0,0.0,0,0.0,30.33183534,5.563451492,36.39820241,70.1500879,42.63176658,23.17609888,0.0,0.0,6.161910027,63.98817787,72.29348924,51.7456065,58.54538627,0.0,51.7456065,7.262479191,63.98817787,6.161910027,0.0,5.563451492,66.73003775,0.0,83.07,7.262479191,0.0,0,0.0,57.90751653,21.47707118,0.0,63.98817787,54.59730362,12.13273414,42.63176658,53.90775532,0.0,2.321352041,1.042227655,4.995023732,21.27961547,0.477169076,0.0,11.44907892,0.294117647,44,0,9,0,0,0,4,0,4,9,0,10,14,0,0,0,4,5.2581,174.262,0,0,0,0,0,0,0,0,0,0,0,0,4,0,9,0,0,0,9,0,0,0,0,0,0,0,0,0,0,1.0,80,1.0,0.0,360.0,19.8795,1.8691680667857145,0.7121976419999999,0.8008176374285715,0
COC1=CC(OC)=C([P+](CC2=CC=CC=C2)(C2=C(OC)C=C(OC)C=C2OC)C2=C(OC)C=C(OC)C=C2OC)C(OC)=C1,34,0,9,0,1,1,0.294117647,-3.107681721,6.156011432,0.477169076,0.174868277,623.659,583.339,623.2404459,234,0.18860906,-0.496475275,0.496475275,0.18860906,0.386363636,0.659090909,0.886363636,31.18342689,10.23355009,2.577498066,-2.332043485,2.67807044,-2.367849658,7.956358548,0.377712077,2.409608761,1344.038973,31.8547959,26.67940795,27.57383514,21.3814988,13.72673869,15.70083501,9.595038794,12.87241104,7.474795729,11.92692906,5.520357085,10.61642121,-4.49,5726948073.0,32.42439318,14.32109392,5.842427988,259.3585944,42.63176658,24.51101469,50.41069069,0.0,0.0,0.0,0.0,0.0,0,0.0,30.33183534,5.563451492,36.39820241,70.1500879,42.63176658,23.17609888,0.0,0.0,6.161910027,63.98817787,72.29348924,51.7456065,58.54538627,0.0,51.7456065,7.262479191,63.98817787,6.161910027,0.0,5.563451492,66.73003775,0.0,83.07,7.262479191,0.0,0,0.0,57.90751653,21.47707118,0.0,63.98817787,54.59730362,12.13273414,42.63176658,53.90775532,0.0,2.321352041,1.042227655,4.995023732,21.27961547,0.477169076,0.0,11.44907892,0.294117647,44,0,9,0,0,0,4,0,4,9,0,10,14,0,0,0,4,5.2581,174.262,0,0,0,0,0,0,0,0,0,0,0,0,4,0,9,0,0,0,9,0,0,0,0,0,0,0,0,0,0,1.0,80,1.0,0.0,480.0,21.6867,1.8691680667857145,0.7121976419999999,0.8008176374285715,0
COC1=CC(OC)=C([P+](CC2=CC=CC=C2)(C2=C(OC)C=C(OC)C=C2OC)C2=C(OC)C=C(OC)C=C2OC)C(OC)=C1,34,0,9,0,1,1,0.294117647,-3.107681721,6.156011432,0.477169076,0.174868277,623.659,583.339,623.2404459,234,0.18860906,-0.496475275,0.496475275,0.18860906,0.386363636,0.659090909,0.886363636,31.18342689,10.23355009,2.577498066,-2.332043485,2.67807044,-2.367849658,7.956358548,0.377712077,2.409608761,1344.038973,31.8547959,26.67940795,27.57383514,21.3814988,13.72673869,15.70083501,9.595038794,12.87241104,7.474795729,11.92692906,5.520357085,10.61642121,-4.49,5726948073.0,32.42439318,14.32109392,5.842427988,259.3585944,42.63176658,24.51101469,50.41069069,0.0,0.0,0.0,0.0,0.0,0,0.0,30.33183534,5.563451492,36.39820241,70.1500879,42.63176658,23.17609888,0.0,0.0,6.161910027,63.98817787,72.29348924,51.7456065,58.54538627,0.0,51.7456065,7.262479191,63.98817787,6.161910027,0.0,5.563451492,66.73003775,0.0,83.07,7.262479191,0.0,0,0.0,57.90751653,21.47707118,0.0,63.98817787,54.59730362,12.13273414,42.63176658,53.90775532,0.0,2.321352041,1.042227655,4.995023732,21.27961547,0.477169076,0.0,11.44907892,0.294117647,44,0,9,0,0,0,4,0,4,9,0,10,14,0,0,0,4,5.2581,174.262,0,0,0,0,0,0,0,0,0,0,0,0,4,0,9,0,0,0,9,0,0,0,0,0,0,0,0,0,0,1.0,80,1.0,0.0,600.0,26.506,1.8691680667857145,0.7121976419999999,0.8008176374285715,0
COC1=CC(OC)=C([P+](CC2=CC=CC=C2)(C2=C(OC)C=C(OC)C=C2OC)C2=C(OC)C=C(OC)C=C2OC)C(OC)=C1,34,0,9,0,1,1,0.294117647,-3.107681721,6.156011432,0.477169076,0.174868277,623.659,583.339,623.2404459,234,0.18860906,-0.496475275,0.496475275,0.18860906,0.386363636,0.659090909,0.886363636,31.18342689,10.23355009,2.577498066,-2.332043485,2.67807044,-2.367849658,7.956358548,0.377712077,2.409608761,1344.038973,31.8547959,26.67940795,27.57383514,21.3814988,13.72673869,15.70083501,9.595038794,12.87241104,7.474795729,11.92692906,5.520357085,10.61642121,-4.49,5726948073.0,32.42439318,14.32109392,5.842427988,259.3585944,42.63176658,24.51101469,50.41069069,0.0,0.0,0.0,0.0,0.0,0,0.0,30.33183534,5.563451492,36.39820241,70.1500879,42.63176658,23.17609888,0.0,0.0,6.161910027,63.98817787,72.29348924,51.7456065,58.54538627,0.0,51.7456065,7.262479191,63.98817787,6.161910027,0.0,5.563451492,66.73003775,0.0,83.07,7.262479191,0.0,0,0.0,57.90751653,21.47707118,0.0,63.98817787,54.59730362,12.13273414,42.63176658,53.90775532,0.0,2.321352041,1.042227655,4.995023732,21.27961547,0.477169076,0.0,11.44907892,0.294117647,44,0,9,0,0,0,4,0,4,9,0,10,14,0,0,0,4,5.2581,174.262,0,0,0,0,0,0,0,0,0,0,0,0,4,0,9,0,0,0,9,0,0,0,0,0,0,0,0,0,0,1.0,80,1.0,0.0,720.0,33.7349,1.8691680667857145,0.7121976419999999,0.8008176374285715,0
C[P+](C)(C)CC1=CC=CC=C1,10,0,0,0,1,1,0.4,-0.637608025,2.375,0.637608025,0.593597986,167.212,151.084,167.0984136,60,0.083440607,-0.062244042,0.083440607,0.062244042,1.0,1.545454545,2.0,31.18282246,10.23954617,2.16294632,-2.103583115,2.492929412,-1.897298443,7.724920991,1.375554147,2.657660985,208.0644284,8.319990956,7.541071723,8.435498914,5.078298262,3.922105546,7.237842651,3.934036527,8.830912462,1.499740497,2.813572167,1.131142384,2.43740601,-0.35,244.8579632,8.743896714,3.364219152,3.529141996,69.97575204,0.0,0.0,0.0,0.0,0.0,0.0,0.0,0.0,0,0.0,30.33183534,5.563451492,27.256956,6.161910027,0.0,7.262479191,0.0,0.0,6.161910027,19.99447681,35.89528683,0.0,0.0,0.0,0.0,7.262479191,19.99447681,6.161910027,0.0,5.563451492,30.33183534,0.0,0.0,7.262479191,0.0,0,0.0,0.0,0.0,11.72536152,0.0,0.0,50.32631216,0.0,0.0,0.0,0.0,1.479938272,0.0,10.73322531,1.271666667,7.125,-0.637608025,0.4,11,0,0,0,0,0,1,0,1,0,0,1,2,0,0,0,1,3.0936,54.838,0,0,0,0,0,0,0,0,0,0,0,0,1,0,0,0,0,0,0,0,0,0,0,0,0,0,0,0,0,1.0,80,1.0,0.0,0.0,0.0,0.8309822581428571,0.24849022885714286,0.9237761046428572,0
C[P+](C)(C)CC1=CC=CC=C1,10,0,0,0,1,1,0.4,-0.637608025,2.375,0.637608025,0.593597986,167.212,151.084,167.0984136,60,0.083440607,-0.062244042,0.083440607,0.062244042,1.0,1.545454545,2.0,31.18282246,10.23954617,2.16294632,-2.103583115,2.492929412,-1.897298443,7.724920991,1.375554147,2.657660985,208.0644284,8.319990956,7.541071723,8.435498914,5.078298262,3.922105546,7.237842651,3.934036527,8.830912462,1.499740497,2.813572167,1.131142384,2.43740601,-0.35,244.8579632,8.743896714,3.364219152,3.529141996,69.97575204,0.0,0.0,0.0,0.0,0.0,0.0,0.0,0.0,0,0.0,30.33183534,5.563451492,27.256956,6.161910027,0.0,7.262479191,0.0,0.0,6.161910027,19.99447681,35.89528683,0.0,0.0,0.0,0.0,7.262479191,19.99447681,6.161910027,0.0,5.563451492,30.33183534,0.0,0.0,7.262479191,0.0,0,0.0,0.0,0.0,11.72536152,0.0,0.0,50.32631216,0.0,0.0,0.0,0.0,1.479938272,0.0,10.73322531,1.271666667,7.125,-0.637608025,0.4,11,0,0,0,0,0,1,0,1,0,0,1,2,0,0,0,1,3.0936,54.838,0,0,0,0,0,0,0,0,0,0,0,0,1,0,0,0,0,0,0,0,0,0,0,0,0,0,0,0,0,1.0,80,1.0,0.0,120.0,100.0,0.8309822581428571,0.24849022885714286,0.9237761046428572,0
C[P+](C)(C)CC1=CC=CC=C1,10,0,0,0,1,1,0.4,-0.637608025,2.375,0.637608025,0.593597986,167.212,151.084,167.0984136,60,0.083440607,-0.062244042,0.083440607,0.062244042,1.0,1.545454545,2.0,31.18282246,10.23954617,2.16294632,-2.103583115,2.492929412,-1.897298443,7.724920991,1.375554147,2.657660985,208.0644284,8.319990956,7.541071723,8.435498914,5.078298262,3.922105546,7.237842651,3.934036527,8.830912462,1.499740497,2.813572167,1.131142384,2.43740601,-0.35,244.8579632,8.743896714,3.364219152,3.529141996,69.97575204,0.0,0.0,0.0,0.0,0.0,0.0,0.0,0.0,0,0.0,30.33183534,5.563451492,27.256956,6.161910027,0.0,7.262479191,0.0,0.0,6.161910027,19.99447681,35.89528683,0.0,0.0,0.0,0.0,7.262479191,19.99447681,6.161910027,0.0,5.563451492,30.33183534,0.0,0.0,7.262479191,0.0,0,0.0,0.0,0.0,11.72536152,0.0,0.0,50.32631216,0.0,0.0,0.0,0.0,1.479938272,0.0,10.73322531,1.271666667,7.125,-0.637608025,0.4,11,0,0,0,0,0,1,0,1,0,0,1,2,0,0,0,1,3.0936,54.838,0,0,0,0,0,0,0,0,0,0,0,0,1,0,0,0,0,0,0,0,0,0,0,0,0,0,0,0,0,1.0,80,1.0,0.0,240.0,100.0,0.8309822581428571,0.24849022885714286,0.9237761046428572,0
C[P+](C)(C)CC1=CC=CC=C1,10,0,0,0,1,1,0.4,-0.637608025,2.375,0.637608025,0.593597986,167.212,151.084,167.0984136,60,0.083440607,-0.062244042,0.083440607,0.062244042,1.0,1.545454545,2.0,31.18282246,10.23954617,2.16294632,-2.103583115,2.492929412,-1.897298443,7.724920991,1.375554147,2.657660985,208.0644284,8.319990956,7.541071723,8.435498914,5.078298262,3.922105546,7.237842651,3.934036527,8.830912462,1.499740497,2.813572167,1.131142384,2.43740601,-0.35,244.8579632,8.743896714,3.364219152,3.529141996,69.97575204,0.0,0.0,0.0,0.0,0.0,0.0,0.0,0.0,0,0.0,30.33183534,5.563451492,27.256956,6.161910027,0.0,7.262479191,0.0,0.0,6.161910027,19.99447681,35.89528683,0.0,0.0,0.0,0.0,7.262479191,19.99447681,6.161910027,0.0,5.563451492,30.33183534,0.0,0.0,7.262479191,0.0,0,0.0,0.0,0.0,11.72536152,0.0,0.0,50.32631216,0.0,0.0,0.0,0.0,1.479938272,0.0,10.73322531,1.271666667,7.125,-0.637608025,0.4,11,0,0,0,0,0,1,0,1,0,0,1,2,0,0,0,1,3.0936,54.838,0,0,0,0,0,0,0,0,0,0,0,0,1,0,0,0,0,0,0,0,0,0,0,0,0,0,0,0,0,1.0,80,1.0,0.0,360.0,100.0,0.8309822581428571,0.24849022885714286,0.9237761046428572,0
C[P+](C)(C)CC1=CC=CC=C1,10,0,0,0,1,1,0.4,-0.637608025,2.375,0.637608025,0.593597986,167.212,151.084,167.0984136,60,0.083440607,-0.062244042,0.083440607,0.062244042,1.0,1.545454545,2.0,31.18282246,10.23954617,2.16294632,-2.103583115,2.492929412,-1.897298443,7.724920991,1.375554147,2.657660985,208.0644284,8.319990956,7.541071723,8.435498914,5.078298262,3.922105546,7.237842651,3.934036527,8.830912462,1.499740497,2.813572167,1.131142384,2.43740601,-0.35,244.8579632,8.743896714,3.364219152,3.529141996,69.97575204,0.0,0.0,0.0,0.0,0.0,0.0,0.0,0.0,0,0.0,30.33183534,5.563451492,27.256956,6.161910027,0.0,7.262479191,0.0,0.0,6.161910027,19.99447681,35.89528683,0.0,0.0,0.0,0.0,7.262479191,19.99447681,6.161910027,0.0,5.563451492,30.33183534,0.0,0.0,7.262479191,0.0,0,0.0,0.0,0.0,11.72536152,0.0,0.0,50.32631216,0.0,0.0,0.0,0.0,1.479938272,0.0,10.73322531,1.271666667,7.125,-0.637608025,0.4,11,0,0,0,0,0,1,0,1,0,0,1,2,0,0,0,1,3.0936,54.838,0,0,0,0,0,0,0,0,0,0,0,0,1,0,0,0,0,0,0,0,0,0,0,0,0,0,0,0,0,1.0,80,1.0,0.0,480.0,100.0,0.8309822581428571,0.24849022885714286,0.9237761046428572,0
C[P+](C)(C)CC1=CC=CC=C1,10,0,0,0,1,1,0.4,-0.637608025,2.375,0.637608025,0.593597986,167.212,151.084,167.0984136,60,0.083440607,-0.062244042,0.083440607,0.062244042,1.0,1.545454545,2.0,31.18282246,10.23954617,2.16294632,-2.103583115,2.492929412,-1.897298443,7.724920991,1.375554147,2.657660985,208.0644284,8.319990956,7.541071723,8.435498914,5.078298262,3.922105546,7.237842651,3.934036527,8.830912462,1.499740497,2.813572167,1.131142384,2.43740601,-0.35,244.8579632,8.743896714,3.364219152,3.529141996,69.97575204,0.0,0.0,0.0,0.0,0.0,0.0,0.0,0.0,0,0.0,30.33183534,5.563451492,27.256956,6.161910027,0.0,7.262479191,0.0,0.0,6.161910027,19.99447681,35.89528683,0.0,0.0,0.0,0.0,7.262479191,19.99447681,6.161910027,0.0,5.563451492,30.33183534,0.0,0.0,7.262479191,0.0,0,0.0,0.0,0.0,11.72536152,0.0,0.0,50.32631216,0.0,0.0,0.0,0.0,1.479938272,0.0,10.73322531,1.271666667,7.125,-0.637608025,0.4,11,0,0,0,0,0,1,0,1,0,0,1,2,0,0,0,1,3.0936,54.838,0,0,0,0,0,0,0,0,0,0,0,0,1,0,0,0,0,0,0,0,0,0,0,0,0,0,0,0,0,1.0,80,1.0,0.0,600.0,100.0,0.8309822581428571,0.24849022885714286,0.9237761046428572,0
C[P+](C)(C)CC1=CC=CC=C1,10,0,0,0,1,1,0.4,-0.637608025,2.375,0.637608025,0.593597986,167.212,151.084,167.0984136,60,0.083440607,-0.062244042,0.083440607,0.062244042,1.0,1.545454545,2.0,31.18282246,10.23954617,2.16294632,-2.103583115,2.492929412,-1.897298443,7.724920991,1.375554147,2.657660985,208.0644284,8.319990956,7.541071723,8.435498914,5.078298262,3.922105546,7.237842651,3.934036527,8.830912462,1.499740497,2.813572167,1.131142384,2.43740601,-0.35,244.8579632,8.743896714,3.364219152,3.529141996,69.97575204,0.0,0.0,0.0,0.0,0.0,0.0,0.0,0.0,0,0.0,30.33183534,5.563451492,27.256956,6.161910027,0.0,7.262479191,0.0,0.0,6.161910027,19.99447681,35.89528683,0.0,0.0,0.0,0.0,7.262479191,19.99447681,6.161910027,0.0,5.563451492,30.33183534,0.0,0.0,7.262479191,0.0,0,0.0,0.0,0.0,11.72536152,0.0,0.0,50.32631216,0.0,0.0,0.0,0.0,1.479938272,0.0,10.73322531,1.271666667,7.125,-0.637608025,0.4,11,0,0,0,0,0,1,0,1,0,0,1,2,0,0,0,1,3.0936,54.838,0,0,0,0,0,0,0,0,0,0,0,0,1,0,0,0,0,0,0,0,0,0,0,0,0,0,0,0,0,1.0,80,1.0,0.0,720.0,100.0,0.8309822581428571,0.24849022885714286,0.9237761046428572,0
C1=CC=C(C[N+]23CCC(CC2)CC3)C=C1,14,1,0,0,0,1,0.571428571,1.070160515,2.285410998,1.070160515,0.646911569,202.321,182.161,202.1590261,80,0.104361417,-0.319834226,0.319834226,0.104361417,0.933333333,1.533333333,2.133333333,15.36281948,9.851470737,2.388114369,-2.488093955,2.344091054,-2.568677396,5.130950788,-0.954588638,1.76429187,308.6773164,10.13998191,9.361062679,9.361062679,7.363703305,6.253892929,6.253892929,5.38822443,5.38822443,4.395877198,4.395877198,3.345618278,3.345618278,-0.82,5345.348777,9.40914187,3.639008949,1.808675045,92.30908288,4.483030858,6.544756406,0.0,0.0,0.0,0.0,0.0,0.0,0,0.0,30.33183534,25.18037091,5.563451492,19.63426922,4.483030858,0.0,0.0,5.917906046,25.80722127,19.63426922,35.89528683,0.0,0.0,0.0,0.0,0.0,24.11730008,6.544756406,5.917906046,24.82591636,30.33183534,0.0,0.0,0.0,0.0,0,0.0,0.0,5.917906046,55.48797284,0.0,0.0,30.33183534,0.0,1.375509259,0.0,0.0,1.525787037,1.070160515,11.02978965,4.437004677,5.561748866,0.0,0.571428571,15,0,1,0,3,3,1,0,1,0,0,1,2,0,3,3,4,2.8171,62.3484,0,0,0,1,0,0,0,0,0,0,0,0,1,3,0,0,0,0,0,0,0,0,0,0,3,0,0,1,0,2.0,80,1.0,0.0,0.0,0.0,0.990113783,0.23554173949999999,0.9759768457857143,0
C1=CC=C(C[N+]23CCC(CC2)CC3)C=C1,14,1,0,0,0,1,0.571428571,1.070160515,2.285410998,1.070160515,0.646911569,202.321,182.161,202.1590261,80,0.104361417,-0.319834226,0.319834226,0.104361417,0.933333333,1.533333333,2.133333333,15.36281948,9.851470737,2.388114369,-2.488093955,2.344091054,-2.568677396,5.130950788,-0.954588638,1.76429187,308.6773164,10.13998191,9.361062679,9.361062679,7.363703305,6.253892929,6.253892929,5.38822443,5.38822443,4.395877198,4.395877198,3.345618278,3.345618278,-0.82,5345.348777,9.40914187,3.639008949,1.808675045,92.30908288,4.483030858,6.544756406,0.0,0.0,0.0,0.0,0.0,0.0,0,0.0,30.33183534,25.18037091,5.563451492,19.63426922,4.483030858,0.0,0.0,5.917906046,25.80722127,19.63426922,35.89528683,0.0,0.0,0.0,0.0,0.0,24.11730008,6.544756406,5.917906046,24.82591636,30.33183534,0.0,0.0,0.0,0.0,0,0.0,0.0,5.917906046,55.48797284,0.0,0.0,30.33183534,0.0,1.375509259,0.0,0.0,1.525787037,1.070160515,11.02978965,4.437004677,5.561748866,0.0,0.571428571,15,0,1,0,3,3,1,0,1,0,0,1,2,0,3,3,4,2.8171,62.3484,0,0,0,1,0,0,0,0,0,0,0,0,1,3,0,0,0,0,0,0,0,0,0,0,3,0,0,1,0,2.0,80,1.0,0.0,120.0,26.6098,0.990113783,0.23554173949999999,0.9759768457857143,0
C1=CC=C(C[N+]23CCC(CC2)CC3)C=C1,14,1,0,0,0,1,0.571428571,1.070160515,2.285410998,1.070160515,0.646911569,202.321,182.161,202.1590261,80,0.104361417,-0.319834226,0.319834226,0.104361417,0.933333333,1.533333333,2.133333333,15.36281948,9.851470737,2.388114369,-2.488093955,2.344091054,-2.568677396,5.130950788,-0.954588638,1.76429187,308.6773164,10.13998191,9.361062679,9.361062679,7.363703305,6.253892929,6.253892929,5.38822443,5.38822443,4.395877198,4.395877198,3.345618278,3.345618278,-0.82,5345.348777,9.40914187,3.639008949,1.808675045,92.30908288,4.483030858,6.544756406,0.0,0.0,0.0,0.0,0.0,0.0,0,0.0,30.33183534,25.18037091,5.563451492,19.63426922,4.483030858,0.0,0.0,5.917906046,25.80722127,19.63426922,35.89528683,0.0,0.0,0.0,0.0,0.0,24.11730008,6.544756406,5.917906046,24.82591636,30.33183534,0.0,0.0,0.0,0.0,0,0.0,0.0,5.917906046,55.48797284,0.0,0.0,30.33183534,0.0,1.375509259,0.0,0.0,1.525787037,1.070160515,11.02978965,4.437004677,5.561748866,0.0,0.571428571,15,0,1,0,3,3,1,0,1,0,0,1,2,0,3,3,4,2.8171,62.3484,0,0,0,1,0,0,0,0,0,0,0,0,1,3,0,0,0,0,0,0,0,0,0,0,3,0,0,1,0,2.0,80,1.0,0.0,240.0,32.7596,0.990113783,0.23554173949999999,0.9759768457857143,0
C1=CC=C(C[N+]23CCC(CC2)CC3)C=C1,14,1,0,0,0,1,0.571428571,1.070160515,2.285410998,1.070160515,0.646911569,202.321,182.161,202.1590261,80,0.104361417,-0.319834226,0.319834226,0.104361417,0.933333333,1.533333333,2.133333333,15.36281948,9.851470737,2.388114369,-2.488093955,2.344091054,-2.568677396,5.130950788,-0.954588638,1.76429187,308.6773164,10.13998191,9.361062679,9.361062679,7.363703305,6.253892929,6.253892929,5.38822443,5.38822443,4.395877198,4.395877198,3.345618278,3.345618278,-0.82,5345.348777,9.40914187,3.639008949,1.808675045,92.30908288,4.483030858,6.544756406,0.0,0.0,0.0,0.0,0.0,0.0,0,0.0,30.33183534,25.18037091,5.563451492,19.63426922,4.483030858,0.0,0.0,5.917906046,25.80722127,19.63426922,35.89528683,0.0,0.0,0.0,0.0,0.0,24.11730008,6.544756406,5.917906046,24.82591636,30.33183534,0.0,0.0,0.0,0.0,0,0.0,0.0,5.917906046,55.48797284,0.0,0.0,30.33183534,0.0,1.375509259,0.0,0.0,1.525787037,1.070160515,11.02978965,4.437004677,5.561748866,0.0,0.571428571,15,0,1,0,3,3,1,0,1,0,0,1,2,0,3,3,4,2.8171,62.3484,0,0,0,1,0,0,0,0,0,0,0,0,1,3,0,0,0,0,0,0,0,0,0,0,3,0,0,1,0,2.0,80,1.0,0.0,360.0,41.7614,0.990113783,0.23554173949999999,0.9759768457857143,0
C1=CC=C(C[N+]23CCC(CC2)CC3)C=C1,14,1,0,0,0,1,0.571428571,1.070160515,2.285410998,1.070160515,0.646911569,202.321,182.161,202.1590261,80,0.104361417,-0.319834226,0.319834226,0.104361417,0.933333333,1.533333333,2.133333333,15.36281948,9.851470737,2.388114369,-2.488093955,2.344091054,-2.568677396,5.130950788,-0.954588638,1.76429187,308.6773164,10.13998191,9.361062679,9.361062679,7.363703305,6.253892929,6.253892929,5.38822443,5.38822443,4.395877198,4.395877198,3.345618278,3.345618278,-0.82,5345.348777,9.40914187,3.639008949,1.808675045,92.30908288,4.483030858,6.544756406,0.0,0.0,0.0,0.0,0.0,0.0,0,0.0,30.33183534,25.18037091,5.563451492,19.63426922,4.483030858,0.0,0.0,5.917906046,25.80722127,19.63426922,35.89528683,0.0,0.0,0.0,0.0,0.0,24.11730008,6.544756406,5.917906046,24.82591636,30.33183534,0.0,0.0,0.0,0.0,0,0.0,0.0,5.917906046,55.48797284,0.0,0.0,30.33183534,0.0,1.375509259,0.0,0.0,1.525787037,1.070160515,11.02978965,4.437004677,5.561748866,0.0,0.571428571,15,0,1,0,3,3,1,0,1,0,0,1,2,0,3,3,4,2.8171,62.3484,0,0,0,1,0,0,0,0,0,0,0,0,1,3,0,0,0,0,0,0,0,0,0,0,3,0,0,1,0,2.0,80,1.0,0.0,480.0,43.9394,0.990113783,0.23554173949999999,0.9759768457857143,0
C1=CC=C(C[N+]23CCC(CC2)CC3)C=C1,14,1,0,0,0,1,0.571428571,1.070160515,2.285410998,1.070160515,0.646911569,202.321,182.161,202.1590261,80,0.104361417,-0.319834226,0.319834226,0.104361417,0.933333333,1.533333333,2.133333333,15.36281948,9.851470737,2.388114369,-2.488093955,2.344091054,-2.568677396,5.130950788,-0.954588638,1.76429187,308.6773164,10.13998191,9.361062679,9.361062679,7.363703305,6.253892929,6.253892929,5.38822443,5.38822443,4.395877198,4.395877198,3.345618278,3.345618278,-0.82,5345.348777,9.40914187,3.639008949,1.808675045,92.30908288,4.483030858,6.544756406,0.0,0.0,0.0,0.0,0.0,0.0,0,0.0,30.33183534,25.18037091,5.563451492,19.63426922,4.483030858,0.0,0.0,5.917906046,25.80722127,19.63426922,35.89528683,0.0,0.0,0.0,0.0,0.0,24.11730008,6.544756406,5.917906046,24.82591636,30.33183534,0.0,0.0,0.0,0.0,0,0.0,0.0,5.917906046,55.48797284,0.0,0.0,30.33183534,0.0,1.375509259,0.0,0.0,1.525787037,1.070160515,11.02978965,4.437004677,5.561748866,0.0,0.571428571,15,0,1,0,3,3,1,0,1,0,0,1,2,0,3,3,4,2.8171,62.3484,0,0,0,1,0,0,0,0,0,0,0,0,1,3,0,0,0,0,0,0,0,0,0,0,3,0,0,1,0,2.0,80,1.0,0.0,600.0,53.5094,0.990113783,0.23554173949999999,0.9759768457857143,0
C1=CC=C(C[N+]23CCC(CC2)CC3)C=C1,14,1,0,0,0,1,0.571428571,1.070160515,2.285410998,1.070160515,0.646911569,202.321,182.161,202.1590261,80,0.104361417,-0.319834226,0.319834226,0.104361417,0.933333333,1.533333333,2.133333333,15.36281948,9.851470737,2.388114369,-2.488093955,2.344091054,-2.568677396,5.130950788,-0.954588638,1.76429187,308.6773164,10.13998191,9.361062679,9.361062679,7.363703305,6.253892929,6.253892929,5.38822443,5.38822443,4.395877198,4.395877198,3.345618278,3.345618278,-0.82,5345.348777,9.40914187,3.639008949,1.808675045,92.30908288,4.483030858,6.544756406,0.0,0.0,0.0,0.0,0.0,0.0,0,0.0,30.33183534,25.18037091,5.563451492,19.63426922,4.483030858,0.0,0.0,5.917906046,25.80722127,19.63426922,35.89528683,0.0,0.0,0.0,0.0,0.0,24.11730008,6.544756406,5.917906046,24.82591636,30.33183534,0.0,0.0,0.0,0.0,0,0.0,0.0,5.917906046,55.48797284,0.0,0.0,30.33183534,0.0,1.375509259,0.0,0.0,1.525787037,1.070160515,11.02978965,4.437004677,5.561748866,0.0,0.571428571,15,0,1,0,3,3,1,0,1,0,0,1,2,0,3,3,4,2.8171,62.3484,0,0,0,1,0,0,0,0,0,0,0,0,1,3,0,0,0,0,0,0,0,0,0,0,3,0,0,1,0,2.0,80,1.0,0.0,720.0,56.8182,0.990113783,0.23554173949999999,0.9759768457857143,0
C[N+](C)(C)Cc1ccccc1,10,1,0,0,0,1,0.4,0.990092593,2.201388889,0.990092593,0.564733409,150.245,134.117,150.1277259,60,0.10374051,-0.327164983,0.327164983,0.10374051,1.0,1.545454545,2.0,15.2727943,10.18617015,2.059732163,-2.231752379,2.044948953,-2.326798315,5.127404025,-0.883503644,2.657660985,208.0644284,8.319990956,7.541071723,7.541071723,5.078298262,3.922105546,3.922105546,3.934036527,3.934036527,1.499740497,1.499740497,1.131142384,1.131142384,-0.82,244.8579632,8.278231827,3.054898793,3.190046349,68.86097673,4.483030858,6.544756406,0.0,0.0,0.0,0.0,0.0,0.0,0,0.0,30.33183534,0.0,5.563451492,21.14301595,4.483030858,0.0,0.0,0.0,6.544756406,21.14301595,35.89528683,0.0,0.0,0.0,0.0,0.0,25.62604681,6.544756406,0.0,5.563451492,30.33183534,0.0,0.0,0.0,0.0,0,0.0,0.0,11.02778726,5.563451492,0.0,0.0,51.47485129,0.0,0.990092593,0.0,0.0,1.402777778,0.0,10.57157407,0.0,1.098055556,6.604166667,0.4,11,0,1,0,0,0,1,0,1,0,0,1,2,0,0,0,1,1.8928,48.1784,0,0,0,1,0,0,0,0,0,0,0,0,1,0,0,0,0,0,0,0,0,0,0,0,0,0,0,1,0,2.0,80,1.0,0.0,0.0,0.0,0.7445308335,0.24762724886,0.9092085232799999,0
C[N+](C)(C)Cc1ccccc1,10,1,0,0,0,1,0.4,0.990092593,2.201388889,0.990092593,0.564733409,150.245,134.117,150.1277259,60,0.10374051,-0.327164983,0.327164983,0.10374051,1.0,1.545454545,2.0,15.2727943,10.18617015,2.059732163,-2.231752379,2.044948953,-2.326798315,5.127404025,-0.883503644,2.657660985,208.0644284,8.319990956,7.541071723,7.541071723,5.078298262,3.922105546,3.922105546,3.934036527,3.934036527,1.499740497,1.499740497,1.131142384,1.131142384,-0.82,244.8579632,8.278231827,3.054898793,3.190046349,68.86097673,4.483030858,6.544756406,0.0,0.0,0.0,0.0,0.0,0.0,0,0.0,30.33183534,0.0,5.563451492,21.14301595,4.483030858,0.0,0.0,0.0,6.544756406,21.14301595,35.89528683,0.0,0.0,0.0,0.0,0.0,25.62604681,6.544756406,0.0,5.563451492,30.33183534,0.0,0.0,0.0,0.0,0,0.0,0.0,11.02778726,5.563451492,0.0,0.0,51.47485129,0.0,0.990092593,0.0,0.0,1.402777778,0.0,10.57157407,0.0,1.098055556,6.604166667,0.4,11,0,1,0,0,0,1,0,1,0,0,1,2,0,0,0,1,1.8928,48.1784,0,0,0,1,0,0,0,0,0,0,0,0,1,0,0,0,0,0,0,0,0,0,0,0,0,0,0,1,0,2.0,80,1.0,0.0,120.0,54.4508,0.7445308335,0.24762724886,0.9092085232799999,0
C[N+](C)(C)Cc1ccccc1,10,1,0,0,0,1,0.4,0.990092593,2.201388889,0.990092593,0.564733409,150.245,134.117,150.1277259,60,0.10374051,-0.327164983,0.327164983,0.10374051,1.0,1.545454545,2.0,15.2727943,10.18617015,2.059732163,-2.231752379,2.044948953,-2.326798315,5.127404025,-0.883503644,2.657660985,208.0644284,8.319990956,7.541071723,7.541071723,5.078298262,3.922105546,3.922105546,3.934036527,3.934036527,1.499740497,1.499740497,1.131142384,1.131142384,-0.82,244.8579632,8.278231827,3.054898793,3.190046349,68.86097673,4.483030858,6.544756406,0.0,0.0,0.0,0.0,0.0,0.0,0,0.0,30.33183534,0.0,5.563451492,21.14301595,4.483030858,0.0,0.0,0.0,6.544756406,21.14301595,35.89528683,0.0,0.0,0.0,0.0,0.0,25.62604681,6.544756406,0.0,5.563451492,30.33183534,0.0,0.0,0.0,0.0,0,0.0,0.0,11.02778726,5.563451492,0.0,0.0,51.47485129,0.0,0.990092593,0.0,0.0,1.402777778,0.0,10.57157407,0.0,1.098055556,6.604166667,0.4,11,0,1,0,0,0,1,0,1,0,0,1,2,0,0,0,1,1.8928,48.1784,0,0,0,1,0,0,0,0,0,0,0,0,1,0,0,0,0,0,0,0,0,0,0,0,0,0,0,1,0,2.0,80,1.0,0.0,240.0,71.9697,0.7445308335,0.24762724886,0.9092085232799999,0
C[N+](C)(C)Cc1ccccc1,10,1,0,0,0,1,0.4,0.990092593,2.201388889,0.990092593,0.564733409,150.245,134.117,150.1277259,60,0.10374051,-0.327164983,0.327164983,0.10374051,1.0,1.545454545,2.0,15.2727943,10.18617015,2.059732163,-2.231752379,2.044948953,-2.326798315,5.127404025,-0.883503644,2.657660985,208.0644284,8.319990956,7.541071723,7.541071723,5.078298262,3.922105546,3.922105546,3.934036527,3.934036527,1.499740497,1.499740497,1.131142384,1.131142384,-0.82,244.8579632,8.278231827,3.054898793,3.190046349,68.86097673,4.483030858,6.544756406,0.0,0.0,0.0,0.0,0.0,0.0,0,0.0,30.33183534,0.0,5.563451492,21.14301595,4.483030858,0.0,0.0,0.0,6.544756406,21.14301595,35.89528683,0.0,0.0,0.0,0.0,0.0,25.62604681,6.544756406,0.0,5.563451492,30.33183534,0.0,0.0,0.0,0.0,0,0.0,0.0,11.02778726,5.563451492,0.0,0.0,51.47485129,0.0,0.990092593,0.0,0.0,1.402777778,0.0,10.57157407,0.0,1.098055556,6.604166667,0.4,11,0,1,0,0,0,1,0,1,0,0,1,2,0,0,0,1,1.8928,48.1784,0,0,0,1,0,0,0,0,0,0,0,0,1,0,0,0,0,0,0,0,0,0,0,0,0,0,0,1,0,2.0,80,1.0,0.0,360.0,91.76136,0.7445308335,0.24762724886,0.9092085232799999,0
C[N+](C)(C)Cc1ccccc1,10,1,0,0,0,1,0.4,0.990092593,2.201388889,0.990092593,0.564733409,150.245,134.117,150.1277259,60,0.10374051,-0.327164983,0.327164983,0.10374051,1.0,1.545454545,2.0,15.2727943,10.18617015,2.059732163,-2.231752379,2.044948953,-2.326798315,5.127404025,-0.883503644,2.657660985,208.0644284,8.319990956,7.541071723,7.541071723,5.078298262,3.922105546,3.922105546,3.934036527,3.934036527,1.499740497,1.499740497,1.131142384,1.131142384,-0.82,244.8579632,8.278231827,3.054898793,3.190046349,68.86097673,4.483030858,6.544756406,0.0,0.0,0.0,0.0,0.0,0.0,0,0.0,30.33183534,0.0,5.563451492,21.14301595,4.483030858,0.0,0.0,0.0,6.544756406,21.14301595,35.89528683,0.0,0.0,0.0,0.0,0.0,25.62604681,6.544756406,0.0,5.563451492,30.33183534,0.0,0.0,0.0,0.0,0,0.0,0.0,11.02778726,5.563451492,0.0,0.0,51.47485129,0.0,0.990092593,0.0,0.0,1.402777778,0.0,10.57157407,0.0,1.098055556,6.604166667,0.4,11,0,1,0,0,0,1,0,1,0,0,1,2,0,0,0,1,1.8928,48.1784,0,0,0,1,0,0,0,0,0,0,0,0,1,0,0,0,0,0,0,0,0,0,0,0,0,0,0,1,0,2.0,80,1.0,0.0,480.0,100.0,0.7445308335,0.24762724886,0.9092085232799999,0
C[N+](C)(C)Cc1ccccc1,10,1,0,0,0,1,0.4,0.990092593,2.201388889,0.990092593,0.564733409,150.245,134.117,150.1277259,60,0.10374051,-0.327164983,0.327164983,0.10374051,1.0,1.545454545,2.0,15.2727943,10.18617015,2.059732163,-2.231752379,2.044948953,-2.326798315,5.127404025,-0.883503644,2.657660985,208.0644284,8.319990956,7.541071723,7.541071723,5.078298262,3.922105546,3.922105546,3.934036527,3.934036527,1.499740497,1.499740497,1.131142384,1.131142384,-0.82,244.8579632,8.278231827,3.054898793,3.190046349,68.86097673,4.483030858,6.544756406,0.0,0.0,0.0,0.0,0.0,0.0,0,0.0,30.33183534,0.0,5.563451492,21.14301595,4.483030858,0.0,0.0,0.0,6.544756406,21.14301595,35.89528683,0.0,0.0,0.0,0.0,0.0,25.62604681,6.544756406,0.0,5.563451492,30.33183534,0.0,0.0,0.0,0.0,0,0.0,0.0,11.02778726,5.563451492,0.0,0.0,51.47485129,0.0,0.990092593,0.0,0.0,1.402777778,0.0,10.57157407,0.0,1.098055556,6.604166667,0.4,11,0,1,0,0,0,1,0,1,0,0,1,2,0,0,0,1,1.8928,48.1784,0,0,0,1,0,0,0,0,0,0,0,0,1,0,0,0,0,0,0,0,0,0,0,0,0,0,0,1,0,2.0,80,1.0,0.0,600.0,100.0,0.7445308335,0.24762724886,0.9092085232799999,0
C[N+](C)(C)Cc1ccccc1,10,1,0,0,0,1,0.4,0.990092593,2.201388889,0.990092593,0.564733409,150.245,134.117,150.1277259,60,0.10374051,-0.327164983,0.327164983,0.10374051,1.0,1.545454545,2.0,15.2727943,10.18617015,2.059732163,-2.231752379,2.044948953,-2.326798315,5.127404025,-0.883503644,2.657660985,208.0644284,8.319990956,7.541071723,7.541071723,5.078298262,3.922105546,3.922105546,3.934036527,3.934036527,1.499740497,1.499740497,1.131142384,1.131142384,-0.82,244.8579632,8.278231827,3.054898793,3.190046349,68.86097673,4.483030858,6.544756406,0.0,0.0,0.0,0.0,0.0,0.0,0,0.0,30.33183534,0.0,5.563451492,21.14301595,4.483030858,0.0,0.0,0.0,6.544756406,21.14301595,35.89528683,0.0,0.0,0.0,0.0,0.0,25.62604681,6.544756406,0.0,5.563451492,30.33183534,0.0,0.0,0.0,0.0,0,0.0,0.0,11.02778726,5.563451492,0.0,0.0,51.47485129,0.0,0.990092593,0.0,0.0,1.402777778,0.0,10.57157407,0.0,1.098055556,6.604166667,0.4,11,0,1,0,0,0,1,0,1,0,0,1,2,0,0,0,1,1.8928,48.1784,0,0,0,1,0,0,0,0,0,0,0,0,1,0,0,0,0,0,0,0,0,0,0,0,0,0,0,1,0,2.0,80,1.0,0.0,720.0,100.0,0.7445308335,0.24762724886,0.9092085232799999,0
C1=CC=C(C[N+]23CCN(CC2)CC3)C=C1,13,2,0,0,0,1,0.538461538,1.244722222,2.602175926,1.244722222,0.65553645,203.309,184.157,203.154275,80,0.104470062,-0.316679545,0.316679545,0.104470062,0.933333333,1.533333333,2.133333333,15.44896566,10.08424963,2.375263615,-2.501729495,2.223023983,-2.661079096,5.131106462,-0.952859213,1.76429187,311.874569,10.13998191,9.230926005,9.230926005,7.363703305,5.977831355,5.977831355,4.997814409,4.997814409,4.03251729,4.03251729,2.939369551,2.939369551,-0.86,5345.348777,9.372017247,3.616646231,1.795061163,91.70397444,4.483030858,6.544756406,0.0,0.0,0.0,0.0,4.899909731,0.0,0,0.0,30.33183534,0.0,25.19772071,19.63426922,4.483030858,0.0,4.899909731,0.0,6.544756406,39.26853844,35.89528683,0.0,0.0,0.0,0.0,0.0,48.65147902,6.544756406,0.0,5.563451492,30.33183534,0.0,3.24,0.0,0.0,0,0.0,0.0,0.0,55.85977719,0.0,0.0,35.23174507,0.0,1.333842593,2.602175926,0.0,1.507268519,0.0,10.97351498,0.0,9.249864654,0.0,0.538461538,15,0,2,0,3,3,1,0,1,1,0,2,2,0,3,3,4,1.3326,61.4474,0,0,0,2,0,0,0,0,0,0,0,0,1,3,0,0,0,0,0,0,0,0,0,0,0,3,0,1,0,2.0,80,1.0,0.0,0.0,0.0,0.9651363996470589,0.2321001144117647,0.9781712168235295,0
C1=CC=C(C[N+]23CCN(CC2)CC3)C=C1,13,2,0,0,0,1,0.538461538,1.244722222,2.602175926,1.244722222,0.65553645,203.309,184.157,203.154275,80,0.104470062,-0.316679545,0.316679545,0.104470062,0.933333333,1.533333333,2.133333333,15.44896566,10.08424963,2.375263615,-2.501729495,2.223023983,-2.661079096,5.131106462,-0.952859213,1.76429187,311.874569,10.13998191,9.230926005,9.230926005,7.363703305,5.977831355,5.977831355,4.997814409,4.997814409,4.03251729,4.03251729,2.939369551,2.939369551,-0.86,5345.348777,9.372017247,3.616646231,1.795061163,91.70397444,4.483030858,6.544756406,0.0,0.0,0.0,0.0,4.899909731,0.0,0,0.0,30.33183534,0.0,25.19772071,19.63426922,4.483030858,0.0,4.899909731,0.0,6.544756406,39.26853844,35.89528683,0.0,0.0,0.0,0.0,0.0,48.65147902,6.544756406,0.0,5.563451492,30.33183534,0.0,3.24,0.0,0.0,0,0.0,0.0,0.0,55.85977719,0.0,0.0,35.23174507,0.0,1.333842593,2.602175926,0.0,1.507268519,0.0,10.97351498,0.0,9.249864654,0.0,0.538461538,15,0,2,0,3,3,1,0,1,1,0,2,2,0,3,3,4,1.3326,61.4474,0,0,0,2,0,0,0,0,0,0,0,0,1,3,0,0,0,0,0,0,0,0,0,0,0,3,0,1,0,2.0,80,1.0,0.0,120.0,66.9508,0.9651363996470589,0.2321001144117647,0.9781712168235295,0
C1=CC=C(C[N+]23CCN(CC2)CC3)C=C1,13,2,0,0,0,1,0.538461538,1.244722222,2.602175926,1.244722222,0.65553645,203.309,184.157,203.154275,80,0.104470062,-0.316679545,0.316679545,0.104470062,0.933333333,1.533333333,2.133333333,15.44896566,10.08424963,2.375263615,-2.501729495,2.223023983,-2.661079096,5.131106462,-0.952859213,1.76429187,311.874569,10.13998191,9.230926005,9.230926005,7.363703305,5.977831355,5.977831355,4.997814409,4.997814409,4.03251729,4.03251729,2.939369551,2.939369551,-0.86,5345.348777,9.372017247,3.616646231,1.795061163,91.70397444,4.483030858,6.544756406,0.0,0.0,0.0,0.0,4.899909731,0.0,0,0.0,30.33183534,0.0,25.19772071,19.63426922,4.483030858,0.0,4.899909731,0.0,6.544756406,39.26853844,35.89528683,0.0,0.0,0.0,0.0,0.0,48.65147902,6.544756406,0.0,5.563451492,30.33183534,0.0,3.24,0.0,0.0,0,0.0,0.0,0.0,55.85977719,0.0,0.0,35.23174507,0.0,1.333842593,2.602175926,0.0,1.507268519,0.0,10.97351498,0.0,9.249864654,0.0,0.538461538,15,0,2,0,3,3,1,0,1,1,0,2,2,0,3,3,4,1.3326,61.4474,0,0,0,2,0,0,0,0,0,0,0,0,1,3,0,0,0,0,0,0,0,0,0,0,0,3,0,1,0,2.0,80,1.0,0.0,240.0,83.3333,0.9651363996470589,0.2321001144117647,0.9781712168235295,0
C1=CC=C(C[N+]23CCN(CC2)CC3)C=C1,13,2,0,0,0,1,0.538461538,1.244722222,2.602175926,1.244722222,0.65553645,203.309,184.157,203.154275,80,0.104470062,-0.316679545,0.316679545,0.104470062,0.933333333,1.533333333,2.133333333,15.44896566,10.08424963,2.375263615,-2.501729495,2.223023983,-2.661079096,5.131106462,-0.952859213,1.76429187,311.874569,10.13998191,9.230926005,9.230926005,7.363703305,5.977831355,5.977831355,4.997814409,4.997814409,4.03251729,4.03251729,2.939369551,2.939369551,-0.86,5345.348777,9.372017247,3.616646231,1.795061163,91.70397444,4.483030858,6.544756406,0.0,0.0,0.0,0.0,4.899909731,0.0,0,0.0,30.33183534,0.0,25.19772071,19.63426922,4.483030858,0.0,4.899909731,0.0,6.544756406,39.26853844,35.89528683,0.0,0.0,0.0,0.0,0.0,48.65147902,6.544756406,0.0,5.563451492,30.33183534,0.0,3.24,0.0,0.0,0,0.0,0.0,0.0,55.85977719,0.0,0.0,35.23174507,0.0,1.333842593,2.602175926,0.0,1.507268519,0.0,10.97351498,0.0,9.249864654,0.0,0.538461538,15,0,2,0,3,3,1,0,1,1,0,2,2,0,3,3,4,1.3326,61.4474,0,0,0,2,0,0,0,0,0,0,0,0,1,3,0,0,0,0,0,0,0,0,0,0,0,3,0,1,0,2.0,80,1.0,0.0,360.0,92.90051,0.9651363996470589,0.2321001144117647,0.9781712168235295,0
C1=CC=C(C[N+]23CCN(CC2)CC3)C=C1,13,2,0,0,0,1,0.538461538,1.244722222,2.602175926,1.244722222,0.65553645,203.309,184.157,203.154275,80,0.104470062,-0.316679545,0.316679545,0.104470062,0.933333333,1.533333333,2.133333333,15.44896566,10.08424963,2.375263615,-2.501729495,2.223023983,-2.661079096,5.131106462,-0.952859213,1.76429187,311.874569,10.13998191,9.230926005,9.230926005,7.363703305,5.977831355,5.977831355,4.997814409,4.997814409,4.03251729,4.03251729,2.939369551,2.939369551,-0.86,5345.348777,9.372017247,3.616646231,1.795061163,91.70397444,4.483030858,6.544756406,0.0,0.0,0.0,0.0,4.899909731,0.0,0,0.0,30.33183534,0.0,25.19772071,19.63426922,4.483030858,0.0,4.899909731,0.0,6.544756406,39.26853844,35.89528683,0.0,0.0,0.0,0.0,0.0,48.65147902,6.544756406,0.0,5.563451492,30.33183534,0.0,3.24,0.0,0.0,0,0.0,0.0,0.0,55.85977719,0.0,0.0,35.23174507,0.0,1.333842593,2.602175926,0.0,1.507268519,0.0,10.97351498,0.0,9.249864654,0.0,0.538461538,15,0,2,0,3,3,1,0,1,1,0,2,2,0,3,3,4,1.3326,61.4474,0,0,0,2,0,0,0,0,0,0,0,0,1,3,0,0,0,0,0,0,0,0,0,0,0,3,0,1,0,2.0,80,1.0,0.0,480.0,96.21491,0.9651363996470589,0.2321001144117647,0.9781712168235295,0
C1=CC=C(C[N+]23CCN(CC2)CC3)C=C1,13,2,0,0,0,1,0.538461538,1.244722222,2.602175926,1.244722222,0.65553645,203.309,184.157,203.154275,80,0.104470062,-0.316679545,0.316679545,0.104470062,0.933333333,1.533333333,2.133333333,15.44896566,10.08424963,2.375263615,-2.501729495,2.223023983,-2.661079096,5.131106462,-0.952859213,1.76429187,311.874569,10.13998191,9.230926005,9.230926005,7.363703305,5.977831355,5.977831355,4.997814409,4.997814409,4.03251729,4.03251729,2.939369551,2.939369551,-0.86,5345.348777,9.372017247,3.616646231,1.795061163,91.70397444,4.483030858,6.544756406,0.0,0.0,0.0,0.0,4.899909731,0.0,0,0.0,30.33183534,0.0,25.19772071,19.63426922,4.483030858,0.0,4.899909731,0.0,6.544756406,39.26853844,35.89528683,0.0,0.0,0.0,0.0,0.0,48.65147902,6.544756406,0.0,5.563451492,30.33183534,0.0,3.24,0.0,0.0,0,0.0,0.0,0.0,55.85977719,0.0,0.0,35.23174507,0.0,1.333842593,2.602175926,0.0,1.507268519,0.0,10.97351498,0.0,9.249864654,0.0,0.538461538,15,0,2,0,3,3,1,0,1,1,0,2,2,0,3,3,4,1.3326,61.4474,0,0,0,2,0,0,0,0,0,0,0,0,1,3,0,0,0,0,0,0,0,0,0,0,0,3,0,1,0,2.0,80,1.0,0.0,600.0,98.39294,0.9651363996470589,0.2321001144117647,0.9781712168235295,0
C1=CC=C(C[N+]23CCN(CC2)CC3)C=C1,13,2,0,0,0,1,0.538461538,1.244722222,2.602175926,1.244722222,0.65553645,203.309,184.157,203.154275,80,0.104470062,-0.316679545,0.316679545,0.104470062,0.933333333,1.533333333,2.133333333,15.44896566,10.08424963,2.375263615,-2.501729495,2.223023983,-2.661079096,5.131106462,-0.952859213,1.76429187,311.874569,10.13998191,9.230926005,9.230926005,7.363703305,5.977831355,5.977831355,4.997814409,4.997814409,4.03251729,4.03251729,2.939369551,2.939369551,-0.86,5345.348777,9.372017247,3.616646231,1.795061163,91.70397444,4.483030858,6.544756406,0.0,0.0,0.0,0.0,4.899909731,0.0,0,0.0,30.33183534,0.0,25.19772071,19.63426922,4.483030858,0.0,4.899909731,0.0,6.544756406,39.26853844,35.89528683,0.0,0.0,0.0,0.0,0.0,48.65147902,6.544756406,0.0,5.563451492,30.33183534,0.0,3.24,0.0,0.0,0,0.0,0.0,0.0,55.85977719,0.0,0.0,35.23174507,0.0,1.333842593,2.602175926,0.0,1.507268519,0.0,10.97351498,0.0,9.249864654,0.0,0.538461538,15,0,2,0,3,3,1,0,1,1,0,2,2,0,3,3,4,1.3326,61.4474,0,0,0,2,0,0,0,0,0,0,0,0,1,3,0,0,0,0,0,0,0,0,0,0,0,3,0,1,0,2.0,80,1.0,0.0,720.0,98.87199,0.9651363996470589,0.2321001144117647,0.9781712168235295,0
C[N+]1(CC2=CC=CC=C2)CCOCC1,12,1,1,0,0,1,0.5,0.906084892,5.386988379,0.906084892,0.647565219,192.282,174.138,192.1382906,76,0.104283596,-0.369749828,0.369749828,0.104283596,1.142857143,1.785714286,2.428571429,16.47834415,10.15729936,2.244762682,-2.371312018,2.134253376,-2.505882454,5.128997261,-0.929178498,2.020245375,277.6330203,9.855524862,8.777747138,8.777747138,6.785405043,5.237484156,5.237484156,4.322802165,4.322802165,2.958037977,2.958037977,1.966044777,1.966044777,-0.86,2070.989944,9.685764821,4.112493282,2.336715653,85.69857504,9.219893811,19.63426922,0.0,0.0,0.0,0.0,0.0,0.0,0,0.0,30.33183534,0.0,5.563451492,20.26143591,9.219893811,0.0,0.0,0.0,6.544756406,33.35094872,35.89528683,0.0,0.0,0.0,0.0,0.0,37.83397958,11.28161936,0.0,5.563451492,30.33183534,0.0,9.23,0.0,0.0,0,0.0,0.0,37.331064,5.563451492,0.0,0.0,37.37950732,4.736862954,6.502080971,0.0,0.0,1.427685185,0.0,10.71291667,0.0,5.208983844,2.315,0.5,14,0,2,0,1,1,1,0,1,1,0,2,2,0,1,1,2,1.6634,56.8834,0,0,0,1,0,0,0,1,0,0,0,0,1,0,1,0,0,0,0,1,0,0,0,0,0,0,0,1,0,2.0,80,1.0,0.0,0.0,0.0,0.8557200255,0.23321728007142856,0.9274373865000001,0
C[N+]1(CC2=CC=CC=C2)CCOCC1,12,1,1,0,0,1,0.5,0.906084892,5.386988379,0.906084892,0.647565219,192.282,174.138,192.1382906,76,0.104283596,-0.369749828,0.369749828,0.104283596,1.142857143,1.785714286,2.428571429,16.47834415,10.15729936,2.244762682,-2.371312018,2.134253376,-2.505882454,5.128997261,-0.929178498,2.020245375,277.6330203,9.855524862,8.777747138,8.777747138,6.785405043,5.237484156,5.237484156,4.322802165,4.322802165,2.958037977,2.958037977,1.966044777,1.966044777,-0.86,2070.989944,9.685764821,4.112493282,2.336715653,85.69857504,9.219893811,19.63426922,0.0,0.0,0.0,0.0,0.0,0.0,0,0.0,30.33183534,0.0,5.563451492,20.26143591,9.219893811,0.0,0.0,0.0,6.544756406,33.35094872,35.89528683,0.0,0.0,0.0,0.0,0.0,37.83397958,11.28161936,0.0,5.563451492,30.33183534,0.0,9.23,0.0,0.0,0,0.0,0.0,37.331064,5.563451492,0.0,0.0,37.37950732,4.736862954,6.502080971,0.0,0.0,1.427685185,0.0,10.71291667,0.0,5.208983844,2.315,0.5,14,0,2,0,1,1,1,0,1,1,0,2,2,0,1,1,2,1.6634,56.8834,0,0,0,1,0,0,0,1,0,0,0,0,1,0,1,0,0,0,0,1,0,0,0,0,0,0,0,1,0,2.0,80,1.0,0.0,120.0,100.0,0.8557200255,0.23321728007142856,0.9274373865000001,0
C[N+]1(CC2=CC=CC=C2)CCOCC1,12,1,1,0,0,1,0.5,0.906084892,5.386988379,0.906084892,0.647565219,192.282,174.138,192.1382906,76,0.104283596,-0.369749828,0.369749828,0.104283596,1.142857143,1.785714286,2.428571429,16.47834415,10.15729936,2.244762682,-2.371312018,2.134253376,-2.505882454,5.128997261,-0.929178498,2.020245375,277.6330203,9.855524862,8.777747138,8.777747138,6.785405043,5.237484156,5.237484156,4.322802165,4.322802165,2.958037977,2.958037977,1.966044777,1.966044777,-0.86,2070.989944,9.685764821,4.112493282,2.336715653,85.69857504,9.219893811,19.63426922,0.0,0.0,0.0,0.0,0.0,0.0,0,0.0,30.33183534,0.0,5.563451492,20.26143591,9.219893811,0.0,0.0,0.0,6.544756406,33.35094872,35.89528683,0.0,0.0,0.0,0.0,0.0,37.83397958,11.28161936,0.0,5.563451492,30.33183534,0.0,9.23,0.0,0.0,0,0.0,0.0,37.331064,5.563451492,0.0,0.0,37.37950732,4.736862954,6.502080971,0.0,0.0,1.427685185,0.0,10.71291667,0.0,5.208983844,2.315,0.5,14,0,2,0,1,1,1,0,1,1,0,2,2,0,1,1,2,1.6634,56.8834,0,0,0,1,0,0,0,1,0,0,0,0,1,0,1,0,0,0,0,1,0,0,0,0,0,0,0,1,0,2.0,80,1.0,0.0,240.0,100.0,0.8557200255,0.23321728007142856,0.9274373865000001,0
C[N+]1(CC2=CC=CC=C2)CCOCC1,12,1,1,0,0,1,0.5,0.906084892,5.386988379,0.906084892,0.647565219,192.282,174.138,192.1382906,76,0.104283596,-0.369749828,0.369749828,0.104283596,1.142857143,1.785714286,2.428571429,16.47834415,10.15729936,2.244762682,-2.371312018,2.134253376,-2.505882454,5.128997261,-0.929178498,2.020245375,277.6330203,9.855524862,8.777747138,8.777747138,6.785405043,5.237484156,5.237484156,4.322802165,4.322802165,2.958037977,2.958037977,1.966044777,1.966044777,-0.86,2070.989944,9.685764821,4.112493282,2.336715653,85.69857504,9.219893811,19.63426922,0.0,0.0,0.0,0.0,0.0,0.0,0,0.0,30.33183534,0.0,5.563451492,20.26143591,9.219893811,0.0,0.0,0.0,6.544756406,33.35094872,35.89528683,0.0,0.0,0.0,0.0,0.0,37.83397958,11.28161936,0.0,5.563451492,30.33183534,0.0,9.23,0.0,0.0,0,0.0,0.0,37.331064,5.563451492,0.0,0.0,37.37950732,4.736862954,6.502080971,0.0,0.0,1.427685185,0.0,10.71291667,0.0,5.208983844,2.315,0.5,14,0,2,0,1,1,1,0,1,1,0,2,2,0,1,1,2,1.6634,56.8834,0,0,0,1,0,0,0,1,0,0,0,0,1,0,1,0,0,0,0,1,0,0,0,0,0,0,0,1,0,2.0,80,1.0,0.0,360.0,100.0,0.8557200255,0.23321728007142856,0.9274373865000001,0
C[N+]1(CC2=CC=CC=C2)CCOCC1,12,1,1,0,0,1,0.5,0.906084892,5.386988379,0.906084892,0.647565219,192.282,174.138,192.1382906,76,0.104283596,-0.369749828,0.369749828,0.104283596,1.142857143,1.785714286,2.428571429,16.47834415,10.15729936,2.244762682,-2.371312018,2.134253376,-2.505882454,5.128997261,-0.929178498,2.020245375,277.6330203,9.855524862,8.777747138,8.777747138,6.785405043,5.237484156,5.237484156,4.322802165,4.322802165,2.958037977,2.958037977,1.966044777,1.966044777,-0.86,2070.989944,9.685764821,4.112493282,2.336715653,85.69857504,9.219893811,19.63426922,0.0,0.0,0.0,0.0,0.0,0.0,0,0.0,30.33183534,0.0,5.563451492,20.26143591,9.219893811,0.0,0.0,0.0,6.544756406,33.35094872,35.89528683,0.0,0.0,0.0,0.0,0.0,37.83397958,11.28161936,0.0,5.563451492,30.33183534,0.0,9.23,0.0,0.0,0,0.0,0.0,37.331064,5.563451492,0.0,0.0,37.37950732,4.736862954,6.502080971,0.0,0.0,1.427685185,0.0,10.71291667,0.0,5.208983844,2.315,0.5,14,0,2,0,1,1,1,0,1,1,0,2,2,0,1,1,2,1.6634,56.8834,0,0,0,1,0,0,0,1,0,0,0,0,1,0,1,0,0,0,0,1,0,0,0,0,0,0,0,1,0,2.0,80,1.0,0.0,480.0,100.0,0.8557200255,0.23321728007142856,0.9274373865000001,0
C[N+]1(CC2=CC=CC=C2)CCOCC1,12,1,1,0,0,1,0.5,0.906084892,5.386988379,0.906084892,0.647565219,192.282,174.138,192.1382906,76,0.104283596,-0.369749828,0.369749828,0.104283596,1.142857143,1.785714286,2.428571429,16.47834415,10.15729936,2.244762682,-2.371312018,2.134253376,-2.505882454,5.128997261,-0.929178498,2.020245375,277.6330203,9.855524862,8.777747138,8.777747138,6.785405043,5.237484156,5.237484156,4.322802165,4.322802165,2.958037977,2.958037977,1.966044777,1.966044777,-0.86,2070.989944,9.685764821,4.112493282,2.336715653,85.69857504,9.219893811,19.63426922,0.0,0.0,0.0,0.0,0.0,0.0,0,0.0,30.33183534,0.0,5.563451492,20.26143591,9.219893811,0.0,0.0,0.0,6.544756406,33.35094872,35.89528683,0.0,0.0,0.0,0.0,0.0,37.83397958,11.28161936,0.0,5.563451492,30.33183534,0.0,9.23,0.0,0.0,0,0.0,0.0,37.331064,5.563451492,0.0,0.0,37.37950732,4.736862954,6.502080971,0.0,0.0,1.427685185,0.0,10.71291667,0.0,5.208983844,2.315,0.5,14,0,2,0,1,1,1,0,1,1,0,2,2,0,1,1,2,1.6634,56.8834,0,0,0,1,0,0,0,1,0,0,0,0,1,0,1,0,0,0,0,1,0,0,0,0,0,0,0,1,0,2.0,80,1.0,0.0,600.0,100.0,0.8557200255,0.23321728007142856,0.9274373865000001,0
C[N+]1(CC2=CC=CC=C2)CCOCC1,12,1,1,0,0,1,0.5,0.906084892,5.386988379,0.906084892,0.647565219,192.282,174.138,192.1382906,76,0.104283596,-0.369749828,0.369749828,0.104283596,1.142857143,1.785714286,2.428571429,16.47834415,10.15729936,2.244762682,-2.371312018,2.134253376,-2.505882454,5.128997261,-0.929178498,2.020245375,277.6330203,9.855524862,8.777747138,8.777747138,6.785405043,5.237484156,5.237484156,4.322802165,4.322802165,2.958037977,2.958037977,1.966044777,1.966044777,-0.86,2070.989944,9.685764821,4.112493282,2.336715653,85.69857504,9.219893811,19.63426922,0.0,0.0,0.0,0.0,0.0,0.0,0,0.0,30.33183534,0.0,5.563451492,20.26143591,9.219893811,0.0,0.0,0.0,6.544756406,33.35094872,35.89528683,0.0,0.0,0.0,0.0,0.0,37.83397958,11.28161936,0.0,5.563451492,30.33183534,0.0,9.23,0.0,0.0,0,0.0,0.0,37.331064,5.563451492,0.0,0.0,37.37950732,4.736862954,6.502080971,0.0,0.0,1.427685185,0.0,10.71291667,0.0,5.208983844,2.315,0.5,14,0,2,0,1,1,1,0,1,1,0,2,2,0,1,1,2,1.6634,56.8834,0,0,0,1,0,0,0,1,0,0,0,0,1,0,1,0,0,0,0,1,0,0,0,0,0,0,0,1,0,2.0,80,1.0,0.0,720.0,100.0,0.8557200255,0.23321728007142856,0.9274373865000001,0
C[N+](CC1=CC=CC=C1)(C1CCCCC1)C1CCCCC1,20,1,0,0,0,1,0.7,0.904681595,2.582314815,0.904681595,0.658956645,286.483,254.227,286.2529264,116,0.104568911,-0.317444723,0.317444723,0.104568911,0.761904762,1.238095238,1.714285714,15.37971364,9.855388566,2.403788439,-2.497648089,2.36388754,-2.585625422,5.131819873,-0.970594792,1.81282942,394.7243718,14.54575931,13.76684007,13.76684007,10.28864169,9.177069296,9.177069296,7.574225453,7.574225453,6.183809402,6.183809402,4.874919793,4.874919793,-0.82,101228.0078,15.09021001,6.959818109,3.5065098,130.4987356,4.483030858,6.544756406,0.0,0.0,0.0,0.0,0.0,0.0,0,0.0,43.17347859,51.36657298,5.563451492,19.13135364,4.483030858,0.0,0.0,0.0,82.83665429,7.047671983,35.89528683,0.0,0.0,0.0,0.0,0.0,23.6143845,6.544756406,0.0,69.77166772,30.33183534,0.0,0.0,0.0,0.0,0,0.0,0.0,12.08368166,80.79945498,0.0,0.0,37.37950732,0.0,1.323425926,0.0,0.0,1.538099017,0.0,13.04764802,14.59564185,1.246203704,2.582314815,0.7,21,0,1,2,0,2,1,0,1,0,0,1,4,2,0,2,3,5.2986,90.0764,0,0,0,1,0,0,0,0,0,0,0,0,1,0,0,0,0,0,0,0,0,0,0,0,0,0,0,1,0,2.0,80,1.0,0.0,0.0,0.0,1.0478314722142856,0.44646762807142854,0.7224603951428571,0
C[N+](CC1=CC=CC=C1)(C1CCCCC1)C1CCCCC1,20,1,0,0,0,1,0.7,0.904681595,2.582314815,0.904681595,0.658956645,286.483,254.227,286.2529264,116,0.104568911,-0.317444723,0.317444723,0.104568911,0.761904762,1.238095238,1.714285714,15.37971364,9.855388566,2.403788439,-2.497648089,2.36388754,-2.585625422,5.131819873,-0.970594792,1.81282942,394.7243718,14.54575931,13.76684007,13.76684007,10.28864169,9.177069296,9.177069296,7.574225453,7.574225453,6.183809402,6.183809402,4.874919793,4.874919793,-0.82,101228.0078,15.09021001,6.959818109,3.5065098,130.4987356,4.483030858,6.544756406,0.0,0.0,0.0,0.0,0.0,0.0,0,0.0,43.17347859,51.36657298,5.563451492,19.13135364,4.483030858,0.0,0.0,0.0,82.83665429,7.047671983,35.89528683,0.0,0.0,0.0,0.0,0.0,23.6143845,6.544756406,0.0,69.77166772,30.33183534,0.0,0.0,0.0,0.0,0,0.0,0.0,12.08368166,80.79945498,0.0,0.0,37.37950732,0.0,1.323425926,0.0,0.0,1.538099017,0.0,13.04764802,14.59564185,1.246203704,2.582314815,0.7,21,0,1,2,0,2,1,0,1,0,0,1,4,2,0,2,3,5.2986,90.0764,0,0,0,1,0,0,0,0,0,0,0,0,1,0,0,0,0,0,0,0,0,0,0,0,0,0,0,1,0,2.0,80,1.0,0.0,120.0,100.0,1.0478314722142856,0.44646762807142854,0.7224603951428571,0
C[N+](CC1=CC=CC=C1)(C1CCCCC1)C1CCCCC1,20,1,0,0,0,1,0.7,0.904681595,2.582314815,0.904681595,0.658956645,286.483,254.227,286.2529264,116,0.104568911,-0.317444723,0.317444723,0.104568911,0.761904762,1.238095238,1.714285714,15.37971364,9.855388566,2.403788439,-2.497648089,2.36388754,-2.585625422,5.131819873,-0.970594792,1.81282942,394.7243718,14.54575931,13.76684007,13.76684007,10.28864169,9.177069296,9.177069296,7.574225453,7.574225453,6.183809402,6.183809402,4.874919793,4.874919793,-0.82,101228.0078,15.09021001,6.959818109,3.5065098,130.4987356,4.483030858,6.544756406,0.0,0.0,0.0,0.0,0.0,0.0,0,0.0,43.17347859,51.36657298,5.563451492,19.13135364,4.483030858,0.0,0.0,0.0,82.83665429,7.047671983,35.89528683,0.0,0.0,0.0,0.0,0.0,23.6143845,6.544756406,0.0,69.77166772,30.33183534,0.0,0.0,0.0,0.0,0,0.0,0.0,12.08368166,80.79945498,0.0,0.0,37.37950732,0.0,1.323425926,0.0,0.0,1.538099017,0.0,13.04764802,14.59564185,1.246203704,2.582314815,0.7,21,0,1,2,0,2,1,0,1,0,0,1,4,2,0,2,3,5.2986,90.0764,0,0,0,1,0,0,0,0,0,0,0,0,1,0,0,0,0,0,0,0,0,0,0,0,0,0,0,1,0,2.0,80,1.0,0.0,240.0,100.0,1.0478314722142856,0.44646762807142854,0.7224603951428571,0
C[N+](CC1=CC=CC=C1)(C1CCCCC1)C1CCCCC1,20,1,0,0,0,1,0.7,0.904681595,2.582314815,0.904681595,0.658956645,286.483,254.227,286.2529264,116,0.104568911,-0.317444723,0.317444723,0.104568911,0.761904762,1.238095238,1.714285714,15.37971364,9.855388566,2.403788439,-2.497648089,2.36388754,-2.585625422,5.131819873,-0.970594792,1.81282942,394.7243718,14.54575931,13.76684007,13.76684007,10.28864169,9.177069296,9.177069296,7.574225453,7.574225453,6.183809402,6.183809402,4.874919793,4.874919793,-0.82,101228.0078,15.09021001,6.959818109,3.5065098,130.4987356,4.483030858,6.544756406,0.0,0.0,0.0,0.0,0.0,0.0,0,0.0,43.17347859,51.36657298,5.563451492,19.13135364,4.483030858,0.0,0.0,0.0,82.83665429,7.047671983,35.89528683,0.0,0.0,0.0,0.0,0.0,23.6143845,6.544756406,0.0,69.77166772,30.33183534,0.0,0.0,0.0,0.0,0,0.0,0.0,12.08368166,80.79945498,0.0,0.0,37.37950732,0.0,1.323425926,0.0,0.0,1.538099017,0.0,13.04764802,14.59564185,1.246203704,2.582314815,0.7,21,0,1,2,0,2,1,0,1,0,0,1,4,2,0,2,3,5.2986,90.0764,0,0,0,1,0,0,0,0,0,0,0,0,1,0,0,0,0,0,0,0,0,0,0,0,0,0,0,1,0,2.0,80,1.0,0.0,360.0,100.0,1.0478314722142856,0.44646762807142854,0.7224603951428571,0
C[N+](CC1=CC=CC=C1)(C1CCCCC1)C1CCCCC1,20,1,0,0,0,1,0.7,0.904681595,2.582314815,0.904681595,0.658956645,286.483,254.227,286.2529264,116,0.104568911,-0.317444723,0.317444723,0.104568911,0.761904762,1.238095238,1.714285714,15.37971364,9.855388566,2.403788439,-2.497648089,2.36388754,-2.585625422,5.131819873,-0.970594792,1.81282942,394.7243718,14.54575931,13.76684007,13.76684007,10.28864169,9.177069296,9.177069296,7.574225453,7.574225453,6.183809402,6.183809402,4.874919793,4.874919793,-0.82,101228.0078,15.09021001,6.959818109,3.5065098,130.4987356,4.483030858,6.544756406,0.0,0.0,0.0,0.0,0.0,0.0,0,0.0,43.17347859,51.36657298,5.563451492,19.13135364,4.483030858,0.0,0.0,0.0,82.83665429,7.047671983,35.89528683,0.0,0.0,0.0,0.0,0.0,23.6143845,6.544756406,0.0,69.77166772,30.33183534,0.0,0.0,0.0,0.0,0,0.0,0.0,12.08368166,80.79945498,0.0,0.0,37.37950732,0.0,1.323425926,0.0,0.0,1.538099017,0.0,13.04764802,14.59564185,1.246203704,2.582314815,0.7,21,0,1,2,0,2,1,0,1,0,0,1,4,2,0,2,3,5.2986,90.0764,0,0,0,1,0,0,0,0,0,0,0,0,1,0,0,0,0,0,0,0,0,0,0,0,0,0,0,1,0,2.0,80,1.0,0.0,480.0,100.0,1.0478314722142856,0.44646762807142854,0.7224603951428571,0
C[N+](CC1=CC=CC=C1)(C1CCCCC1)C1CCCCC1,20,1,0,0,0,1,0.7,0.904681595,2.582314815,0.904681595,0.658956645,286.483,254.227,286.2529264,116,0.104568911,-0.317444723,0.317444723,0.104568911,0.761904762,1.238095238,1.714285714,15.37971364,9.855388566,2.403788439,-2.497648089,2.36388754,-2.585625422,5.131819873,-0.970594792,1.81282942,394.7243718,14.54575931,13.76684007,13.76684007,10.28864169,9.177069296,9.177069296,7.574225453,7.574225453,6.183809402,6.183809402,4.874919793,4.874919793,-0.82,101228.0078,15.09021001,6.959818109,3.5065098,130.4987356,4.483030858,6.544756406,0.0,0.0,0.0,0.0,0.0,0.0,0,0.0,43.17347859,51.36657298,5.563451492,19.13135364,4.483030858,0.0,0.0,0.0,82.83665429,7.047671983,35.89528683,0.0,0.0,0.0,0.0,0.0,23.6143845,6.544756406,0.0,69.77166772,30.33183534,0.0,0.0,0.0,0.0,0,0.0,0.0,12.08368166,80.79945498,0.0,0.0,37.37950732,0.0,1.323425926,0.0,0.0,1.538099017,0.0,13.04764802,14.59564185,1.246203704,2.582314815,0.7,21,0,1,2,0,2,1,0,1,0,0,1,4,2,0,2,3,5.2986,90.0764,0,0,0,1,0,0,0,0,0,0,0,0,1,0,0,0,0,0,0,0,0,0,0,0,0,0,0,1,0,2.0,80,1.0,0.0,600.0,100.0,1.0478314722142856,0.44646762807142854,0.7224603951428571,0
C[N+](CC1=CC=CC=C1)(C1CCCCC1)C1CCCCC1,20,1,0,0,0,1,0.7,0.904681595,2.582314815,0.904681595,0.658956645,286.483,254.227,286.2529264,116,0.104568911,-0.317444723,0.317444723,0.104568911,0.761904762,1.238095238,1.714285714,15.37971364,9.855388566,2.403788439,-2.497648089,2.36388754,-2.585625422,5.131819873,-0.970594792,1.81282942,394.7243718,14.54575931,13.76684007,13.76684007,10.28864169,9.177069296,9.177069296,7.574225453,7.574225453,6.183809402,6.183809402,4.874919793,4.874919793,-0.82,101228.0078,15.09021001,6.959818109,3.5065098,130.4987356,4.483030858,6.544756406,0.0,0.0,0.0,0.0,0.0,0.0,0,0.0,43.17347859,51.36657298,5.563451492,19.13135364,4.483030858,0.0,0.0,0.0,82.83665429,7.047671983,35.89528683,0.0,0.0,0.0,0.0,0.0,23.6143845,6.544756406,0.0,69.77166772,30.33183534,0.0,0.0,0.0,0.0,0,0.0,0.0,12.08368166,80.79945498,0.0,0.0,37.37950732,0.0,1.323425926,0.0,0.0,1.538099017,0.0,13.04764802,14.59564185,1.246203704,2.582314815,0.7,21,0,1,2,0,2,1,0,1,0,0,1,4,2,0,2,3,5.2986,90.0764,0,0,0,1,0,0,0,0,0,0,0,0,1,0,0,0,0,0,0,0,0,0,0,0,0,0,0,1,0,2.0,80,1.0,0.0,720.0,100.0,1.0478314722142856,0.44646762807142854,0.7224603951428571,0
CCCCCC[N+]1(C)CCCCC1,12,1,0,0,0,2,1.0,1.364795918,2.449509637,1.364795918,0.45452419,184.347,158.139,184.2059763,78,0.078410105,-0.326043797,0.326043797,0.078410105,0.923076923,1.615384615,2.230769231,15.32644506,10.07475974,2.228164445,-2.374498613,2.16970974,-2.478573043,4.517664561,-0.913785731,2.099065207,125.0861663,9.571067812,9.518281407,9.518281407,6.267766953,6.103003675,6.103003675,4.911644428,4.911644428,3.447398731,3.447398731,2.419535826,2.419535826,-0.04,915.5309026,11.03716049,5.640096231,4.124755028,83.71758829,4.483030858,0.0,0.0,0.0,0.0,0.0,0.0,0.0,0,0.0,19.76538045,32.10410811,0.0,26.6819412,4.483030858,0.0,0.0,0.0,51.86948856,26.6819412,0.0,0.0,0.0,0.0,0.0,0.0,31.16497206,0.0,0.0,51.86948856,0.0,0.0,0.0,0.0,0.0,0,0.0,0.0,0.0,69.06305144,0.0,0.0,13.97140918,0.0,1.364795918,0.0,0.0,0.0,0.0,0.0,10.09300579,6.59268865,2.449509637,1.0,13,0,1,0,1,1,0,0,0,0,0,1,5,0,1,1,1,3.1972,58.7784,0,0,0,1,0,0,0,0,1,0,0,0,0,0,0,0,0,0,0,0,0,0,0,0,1,0,0,1,2,2.0,80,1.0,0.0,0.0,0.0,0.862503364,0.1607697407142857,0.9606847362857144,0
CCCCCC[N+]1(C)CCCCC1,12,1,0,0,0,2,1.0,1.364795918,2.449509637,1.364795918,0.45452419,184.347,158.139,184.2059763,78,0.078410105,-0.326043797,0.326043797,0.078410105,0.923076923,1.615384615,2.230769231,15.32644506,10.07475974,2.228164445,-2.374498613,2.16970974,-2.478573043,4.517664561,-0.913785731,2.099065207,125.0861663,9.571067812,9.518281407,9.518281407,6.267766953,6.103003675,6.103003675,4.911644428,4.911644428,3.447398731,3.447398731,2.419535826,2.419535826,-0.04,915.5309026,11.03716049,5.640096231,4.124755028,83.71758829,4.483030858,0.0,0.0,0.0,0.0,0.0,0.0,0.0,0,0.0,19.76538045,32.10410811,0.0,26.6819412,4.483030858,0.0,0.0,0.0,51.86948856,26.6819412,0.0,0.0,0.0,0.0,0.0,0.0,31.16497206,0.0,0.0,51.86948856,0.0,0.0,0.0,0.0,0.0,0,0.0,0.0,0.0,69.06305144,0.0,0.0,13.97140918,0.0,1.364795918,0.0,0.0,0.0,0.0,0.0,10.09300579,6.59268865,2.449509637,1.0,13,0,1,0,1,1,0,0,0,0,0,1,5,0,1,1,1,3.1972,58.7784,0,0,0,1,0,0,0,0,1,0,0,0,0,0,0,0,0,0,0,0,0,0,0,0,1,0,0,1,2,2.0,80,1.0,0.0,120.0,0.2145,0.862503364,0.1607697407142857,0.9606847362857144,0
CCCCCC[N+]1(C)CCCCC1,12,1,0,0,0,2,1.0,1.364795918,2.449509637,1.364795918,0.45452419,184.347,158.139,184.2059763,78,0.078410105,-0.326043797,0.326043797,0.078410105,0.923076923,1.615384615,2.230769231,15.32644506,10.07475974,2.228164445,-2.374498613,2.16970974,-2.478573043,4.517664561,-0.913785731,2.099065207,125.0861663,9.571067812,9.518281407,9.518281407,6.267766953,6.103003675,6.103003675,4.911644428,4.911644428,3.447398731,3.447398731,2.419535826,2.419535826,-0.04,915.5309026,11.03716049,5.640096231,4.124755028,83.71758829,4.483030858,0.0,0.0,0.0,0.0,0.0,0.0,0.0,0,0.0,19.76538045,32.10410811,0.0,26.6819412,4.483030858,0.0,0.0,0.0,51.86948856,26.6819412,0.0,0.0,0.0,0.0,0.0,0.0,31.16497206,0.0,0.0,51.86948856,0.0,0.0,0.0,0.0,0.0,0,0.0,0.0,0.0,69.06305144,0.0,0.0,13.97140918,0.0,1.364795918,0.0,0.0,0.0,0.0,0.0,10.09300579,6.59268865,2.449509637,1.0,13,0,1,0,1,1,0,0,0,0,0,1,5,0,1,1,1,3.1972,58.7784,0,0,0,1,0,0,0,0,1,0,0,0,0,0,0,0,0,0,0,0,0,0,0,0,1,0,0,1,2,2.0,80,1.0,0.0,240.0,0.1225,0.862503364,0.1607697407142857,0.9606847362857144,0
CCCCCC[N+]1(C)CCCCC1,12,1,0,0,0,2,1.0,1.364795918,2.449509637,1.364795918,0.45452419,184.347,158.139,184.2059763,78,0.078410105,-0.326043797,0.326043797,0.078410105,0.923076923,1.615384615,2.230769231,15.32644506,10.07475974,2.228164445,-2.374498613,2.16970974,-2.478573043,4.517664561,-0.913785731,2.099065207,125.0861663,9.571067812,9.518281407,9.518281407,6.267766953,6.103003675,6.103003675,4.911644428,4.911644428,3.447398731,3.447398731,2.419535826,2.419535826,-0.04,915.5309026,11.03716049,5.640096231,4.124755028,83.71758829,4.483030858,0.0,0.0,0.0,0.0,0.0,0.0,0.0,0,0.0,19.76538045,32.10410811,0.0,26.6819412,4.483030858,0.0,0.0,0.0,51.86948856,26.6819412,0.0,0.0,0.0,0.0,0.0,0.0,31.16497206,0.0,0.0,51.86948856,0.0,0.0,0.0,0.0,0.0,0,0.0,0.0,0.0,69.06305144,0.0,0.0,13.97140918,0.0,1.364795918,0.0,0.0,0.0,0.0,0.0,10.09300579,6.59268865,2.449509637,1.0,13,0,1,0,1,1,0,0,0,0,0,1,5,0,1,1,1,3.1972,58.7784,0,0,0,1,0,0,0,0,1,0,0,0,0,0,0,0,0,0,0,0,0,0,0,0,1,0,0,1,2,2.0,80,1.0,0.0,360.0,2.8743,0.862503364,0.1607697407142857,0.9606847362857144,0
CCCCCC[N+]1(C)CCCCC1,12,1,0,0,0,2,1.0,1.364795918,2.449509637,1.364795918,0.45452419,184.347,158.139,184.2059763,78,0.078410105,-0.326043797,0.326043797,0.078410105,0.923076923,1.615384615,2.230769231,15.32644506,10.07475974,2.228164445,-2.374498613,2.16970974,-2.478573043,4.517664561,-0.913785731,2.099065207,125.0861663,9.571067812,9.518281407,9.518281407,6.267766953,6.103003675,6.103003675,4.911644428,4.911644428,3.447398731,3.447398731,2.419535826,2.419535826,-0.04,915.5309026,11.03716049,5.640096231,4.124755028,83.71758829,4.483030858,0.0,0.0,0.0,0.0,0.0,0.0,0.0,0,0.0,19.76538045,32.10410811,0.0,26.6819412,4.483030858,0.0,0.0,0.0,51.86948856,26.6819412,0.0,0.0,0.0,0.0,0.0,0.0,31.16497206,0.0,0.0,51.86948856,0.0,0.0,0.0,0.0,0.0,0,0.0,0.0,0.0,69.06305144,0.0,0.0,13.97140918,0.0,1.364795918,0.0,0.0,0.0,0.0,0.0,10.09300579,6.59268865,2.449509637,1.0,13,0,1,0,1,1,0,0,0,0,0,1,5,0,1,1,1,3.1972,58.7784,0,0,0,1,0,0,0,0,1,0,0,0,0,0,0,0,0,0,0,0,0,0,0,0,1,0,0,1,2,2.0,80,1.0,0.0,480.0,1.6377,0.862503364,0.1607697407142857,0.9606847362857144,0
CCCCCC[N+]1(C)CCCCC1,12,1,0,0,0,2,1.0,1.364795918,2.449509637,1.364795918,0.45452419,184.347,158.139,184.2059763,78,0.078410105,-0.326043797,0.326043797,0.078410105,0.923076923,1.615384615,2.230769231,15.32644506,10.07475974,2.228164445,-2.374498613,2.16970974,-2.478573043,4.517664561,-0.913785731,2.099065207,125.0861663,9.571067812,9.518281407,9.518281407,6.267766953,6.103003675,6.103003675,4.911644428,4.911644428,3.447398731,3.447398731,2.419535826,2.419535826,-0.04,915.5309026,11.03716049,5.640096231,4.124755028,83.71758829,4.483030858,0.0,0.0,0.0,0.0,0.0,0.0,0.0,0,0.0,19.76538045,32.10410811,0.0,26.6819412,4.483030858,0.0,0.0,0.0,51.86948856,26.6819412,0.0,0.0,0.0,0.0,0.0,0.0,31.16497206,0.0,0.0,51.86948856,0.0,0.0,0.0,0.0,0.0,0,0.0,0.0,0.0,69.06305144,0.0,0.0,13.97140918,0.0,1.364795918,0.0,0.0,0.0,0.0,0.0,10.09300579,6.59268865,2.449509637,1.0,13,0,1,0,1,1,0,0,0,0,0,1,5,0,1,1,1,3.1972,58.7784,0,0,0,1,0,0,0,0,1,0,0,0,0,0,0,0,0,0,0,0,0,0,0,0,1,0,0,1,2,2.0,80,1.0,0.0,600.0,3.2587,0.862503364,0.1607697407142857,0.9606847362857144,0
CCCCCC[N+]1(C)CCCCC1,12,1,0,0,0,2,1.0,1.364795918,2.449509637,1.364795918,0.45452419,184.347,158.139,184.2059763,78,0.078410105,-0.326043797,0.326043797,0.078410105,0.923076923,1.615384615,2.230769231,15.32644506,10.07475974,2.228164445,-2.374498613,2.16970974,-2.478573043,4.517664561,-0.913785731,2.099065207,125.0861663,9.571067812,9.518281407,9.518281407,6.267766953,6.103003675,6.103003675,4.911644428,4.911644428,3.447398731,3.447398731,2.419535826,2.419535826,-0.04,915.5309026,11.03716049,5.640096231,4.124755028,83.71758829,4.483030858,0.0,0.0,0.0,0.0,0.0,0.0,0.0,0,0.0,19.76538045,32.10410811,0.0,26.6819412,4.483030858,0.0,0.0,0.0,51.86948856,26.6819412,0.0,0.0,0.0,0.0,0.0,0.0,31.16497206,0.0,0.0,51.86948856,0.0,0.0,0.0,0.0,0.0,0,0.0,0.0,0.0,69.06305144,0.0,0.0,13.97140918,0.0,1.364795918,0.0,0.0,0.0,0.0,0.0,10.09300579,6.59268865,2.449509637,1.0,13,0,1,0,1,1,0,0,0,0,0,1,5,0,1,1,1,3.1972,58.7784,0,0,0,1,0,0,0,0,1,0,0,0,0,0,0,0,0,0,0,0,0,0,0,0,1,0,0,1,2,2.0,80,1.0,0.0,720.0,3.7294,0.862503364,0.1607697407142857,0.9606847362857144,0
CCCC[N+](CCCC)(CCCC)CCCC,16,1,0,0,0,1,1.0,1.3515625,2.327521967,1.3515625,0.422302576,242.471,206.183,242.2842266,104,0.078602814,-0.32360968,0.32360968,0.078602814,0.470588235,0.705882353,0.882352941,15.34445526,10.12017555,2.241137643,-2.390426672,2.159334253,-2.502893849,4.487663018,-0.928665861,4.391491248,116.0943933,12.98528137,12.93249497,12.93249497,8.242640687,8.093338189,8.093338189,5.65028154,5.65028154,3.944035691,3.944035691,2.644916712,2.644916712,-0.04,5034.904379,16.96,11.07346174,7.806972502,110.1831879,4.483030858,0.0,0.0,0.0,0.0,0.0,0.0,0.0,0,0.0,53.37823529,25.68328649,0.0,26.17902562,4.483030858,0.0,0.0,0.0,79.06152178,26.17902562,0.0,0.0,0.0,0.0,0.0,0.0,30.66205648,0.0,0.0,79.06152178,0.0,0.0,0.0,0.0,0.0,0,0.0,0.0,0.0,82.02862946,0.0,0.0,27.6949488,0.0,1.42,0.0,0.0,0.0,0.0,0.0,11.0615788,15.0184212,0.0,1.0,17,0,1,0,0,0,0,0,0,0,0,1,12,0,0,0,0,5.0036,79.3604,0,0,0,1,0,0,0,0,0,0,0,0,0,0,0,0,0,0,0,0,0,0,0,0,0,0,0,1,0,2.0,80,1.0,0.0,0.0,0.0,1.3448832012142857,0.5802716845000001,0.8730359752857143,0
CCCC[N+](CCCC)(CCCC)CCCC,16,1,0,0,0,1,1.0,1.3515625,2.327521967,1.3515625,0.422302576,242.471,206.183,242.2842266,104,0.078602814,-0.32360968,0.32360968,0.078602814,0.470588235,0.705882353,0.882352941,15.34445526,10.12017555,2.241137643,-2.390426672,2.159334253,-2.502893849,4.487663018,-0.928665861,4.391491248,116.0943933,12.98528137,12.93249497,12.93249497,8.242640687,8.093338189,8.093338189,5.65028154,5.65028154,3.944035691,3.944035691,2.644916712,2.644916712,-0.04,5034.904379,16.96,11.07346174,7.806972502,110.1831879,4.483030858,0.0,0.0,0.0,0.0,0.0,0.0,0.0,0,0.0,53.37823529,25.68328649,0.0,26.17902562,4.483030858,0.0,0.0,0.0,79.06152178,26.17902562,0.0,0.0,0.0,0.0,0.0,0.0,30.66205648,0.0,0.0,79.06152178,0.0,0.0,0.0,0.0,0.0,0,0.0,0.0,0.0,82.02862946,0.0,0.0,27.6949488,0.0,1.42,0.0,0.0,0.0,0.0,0.0,11.0615788,15.0184212,0.0,1.0,17,0,1,0,0,0,0,0,0,0,0,1,12,0,0,0,0,5.0036,79.3604,0,0,0,1,0,0,0,0,0,0,0,0,0,0,0,0,0,0,0,0,0,0,0,0,0,0,0,1,0,2.0,80,1.0,0.0,120.0,0.7799,1.3448832012142857,0.5802716845000001,0.8730359752857143,0
CCCC[N+](CCCC)(CCCC)CCCC,16,1,0,0,0,1,1.0,1.3515625,2.327521967,1.3515625,0.422302576,242.471,206.183,242.2842266,104,0.078602814,-0.32360968,0.32360968,0.078602814,0.470588235,0.705882353,0.882352941,15.34445526,10.12017555,2.241137643,-2.390426672,2.159334253,-2.502893849,4.487663018,-0.928665861,4.391491248,116.0943933,12.98528137,12.93249497,12.93249497,8.242640687,8.093338189,8.093338189,5.65028154,5.65028154,3.944035691,3.944035691,2.644916712,2.644916712,-0.04,5034.904379,16.96,11.07346174,7.806972502,110.1831879,4.483030858,0.0,0.0,0.0,0.0,0.0,0.0,0.0,0,0.0,53.37823529,25.68328649,0.0,26.17902562,4.483030858,0.0,0.0,0.0,79.06152178,26.17902562,0.0,0.0,0.0,0.0,0.0,0.0,30.66205648,0.0,0.0,79.06152178,0.0,0.0,0.0,0.0,0.0,0,0.0,0.0,0.0,82.02862946,0.0,0.0,27.6949488,0.0,1.42,0.0,0.0,0.0,0.0,0.0,11.0615788,15.0184212,0.0,1.0,17,0,1,0,0,0,0,0,0,0,0,1,12,0,0,0,0,5.0036,79.3604,0,0,0,1,0,0,0,0,0,0,0,0,0,0,0,0,0,0,0,0,0,0,0,0,0,0,0,1,0,2.0,80,1.0,0.0,240.0,1.2589,1.3448832012142857,0.5802716845000001,0.8730359752857143,0
CCCC[N+](CCCC)(CCCC)CCCC,16,1,0,0,0,1,1.0,1.3515625,2.327521967,1.3515625,0.422302576,242.471,206.183,242.2842266,104,0.078602814,-0.32360968,0.32360968,0.078602814,0.470588235,0.705882353,0.882352941,15.34445526,10.12017555,2.241137643,-2.390426672,2.159334253,-2.502893849,4.487663018,-0.928665861,4.391491248,116.0943933,12.98528137,12.93249497,12.93249497,8.242640687,8.093338189,8.093338189,5.65028154,5.65028154,3.944035691,3.944035691,2.644916712,2.644916712,-0.04,5034.904379,16.96,11.07346174,7.806972502,110.1831879,4.483030858,0.0,0.0,0.0,0.0,0.0,0.0,0.0,0,0.0,53.37823529,25.68328649,0.0,26.17902562,4.483030858,0.0,0.0,0.0,79.06152178,26.17902562,0.0,0.0,0.0,0.0,0.0,0.0,30.66205648,0.0,0.0,79.06152178,0.0,0.0,0.0,0.0,0.0,0,0.0,0.0,0.0,82.02862946,0.0,0.0,27.6949488,0.0,1.42,0.0,0.0,0.0,0.0,0.0,11.0615788,15.0184212,0.0,1.0,17,0,1,0,0,0,0,0,0,0,0,1,12,0,0,0,0,5.0036,79.3604,0,0,0,1,0,0,0,0,0,0,0,0,0,0,0,0,0,0,0,0,0,0,0,0,0,0,0,1,0,2.0,80,1.0,0.0,360.0,1.1698,1.3448832012142857,0.5802716845000001,0.8730359752857143,0
CCCC[N+](CCCC)(CCCC)CCCC,16,1,0,0,0,1,0.6,1.3515625,2.327521967,1.3515625,0.422302576,242.471,206.183,242.2842266,104,0.078602814,-0.32360968,0.32360968,0.078602814,0.470588235,0.705882353,0.882352941,15.34445526,10.12017555,2.241137643,-2.390426672,2.159334253,-2.502893849,4.487663018,-0.928665861,4.391491248,116.0943933,12.98528137,12.93249497,12.93249497,8.242640687,8.093338189,8.093338189,5.65028154,5.65028154,3.944035691,3.944035691,2.644916712,2.644916712,-0.04,5034.904379,16.96,11.07346174,7.806972502,110.1831879,4.483030858,0.0,0.0,0.0,0.0,0.0,0.0,0.0,0,0.0,53.37823529,25.68328649,0.0,26.17902562,4.483030858,0.0,0.0,0.0,79.06152178,26.17902562,0.0,0.0,0.0,0.0,0.0,0.0,30.66205648,0.0,0.0,79.06152178,0.0,0.0,0.0,0.0,0.0,0,0.0,0.0,0.0,82.02862946,0.0,0.0,27.6949488,0.0,1.42,0.0,0.0,0.0,0.0,0.0,11.0615788,15.0184212,0.0,1.0,17,0,1,0,0,0,0,0,0,0,0,1,12,0,0,0,0,5.0036,79.3604,0,0,0,1,0,0,0,0,0,0,0,0,0,0,0,0,0,0,0,0,0,0,0,0,0,0,0,1,0,2.0,80,1.0,0.0,480.0,2.2087,1.3448832012142857,0.5802716845000001,0.8730359752857143,0
CCCC[N+](CCCC)(CCCC)CCCC,16,1,0,0,0,1,1.0,1.3515625,2.327521967,1.3515625,0.422302576,242.471,206.183,242.2842266,104,0.078602814,-0.32360968,0.32360968,0.078602814,0.470588235,0.705882353,0.882352941,15.34445526,10.12017555,2.241137643,-2.390426672,2.159334253,-2.502893849,4.487663018,-0.928665861,4.391491248,116.0943933,12.98528137,12.93249497,12.93249497,8.242640687,8.093338189,8.093338189,5.65028154,5.65028154,3.944035691,3.944035691,2.644916712,2.644916712,-0.04,5034.904379,16.96,11.07346174,7.806972502,110.1831879,4.483030858,0.0,0.0,0.0,0.0,0.0,0.0,0.0,0,0.0,53.37823529,25.68328649,0.0,26.17902562,4.483030858,0.0,0.0,0.0,79.06152178,26.17902562,0.0,0.0,0.0,0.0,0.0,0.0,30.66205648,0.0,0.0,79.06152178,0.0,0.0,0.0,0.0,0.0,0,0.0,0.0,0.0,82.02862946,0.0,0.0,27.6949488,0.0,1.42,0.0,0.0,0.0,0.0,0.0,11.0615788,15.0184212,0.0,1.0,17,0,1,0,0,0,0,0,0,0,0,1,12,0,0,0,0,5.0036,79.3604,0,0,0,1,0,0,0,0,0,0,0,0,0,0,0,0,0,0,0,0,0,0,0,0,0,0,0,1,0,2.0,80,1.0,0.0,600.0,2.6877,1.3448832012142857,0.5802716845000001,0.8730359752857143,0
CCCC[N+](CCCC)(CCCC)CCCC,16,1,0,0,0,1,1.0,1.3515625,2.327521967,1.3515625,0.422302576,242.471,206.183,242.2842266,104,0.078602814,-0.32360968,0.32360968,0.078602814,0.470588235,0.705882353,0.882352941,15.34445526,10.12017555,2.241137643,-2.390426672,2.159334253,-2.502893849,4.487663018,-0.928665861,4.391491248,116.0943933,12.98528137,12.93249497,12.93249497,8.242640687,8.093338189,8.093338189,5.65028154,5.65028154,3.944035691,3.944035691,2.644916712,2.644916712,-0.04,5034.904379,16.96,11.07346174,7.806972502,110.1831879,4.483030858,0.0,0.0,0.0,0.0,0.0,0.0,0.0,0,0.0,53.37823529,25.68328649,0.0,26.17902562,4.483030858,0.0,0.0,0.0,79.06152178,26.17902562,0.0,0.0,0.0,0.0,0.0,0.0,30.66205648,0.0,0.0,79.06152178,0.0,0.0,0.0,0.0,0.0,0,0.0,0.0,0.0,82.02862946,0.0,0.0,27.6949488,0.0,1.42,0.0,0.0,0.0,0.0,0.0,11.0615788,15.0184212,0.0,1.0,17,0,1,0,0,0,0,0,0,0,0,1,12,0,0,0,0,5.0036,79.3604,0,0,0,1,0,0,0,0,0,0,0,0,0,0,0,0,0,0,0,0,0,0,0,0,0,0,0,1,0,2.0,80,1.0,0.0,720.0,3.1612,1.3448832012142857,0.5802716845000001,0.8730359752857143,0
CCCCCCCCCCCCCC[N+](C)(C)C,17,1,0,0,0,2,1.0,1.122777778,2.290220142,1.122777778,0.305866797,256.498,218.194,256.2998766,110,0.077992828,-0.330914819,0.330914819,0.077992828,0.5,0.833333333,1.166666667,15.27172442,10.05196094,2.043437985,-2.230980643,2.117322008,-2.346411454,4.479029611,-0.870130459,2.990679462,157.4832522,13.69238816,13.63960175,13.63960175,8.560660172,8.364975334,8.364975334,6.903018179,6.903018179,3.682487667,3.682487667,2.427135306,2.427135306,-0.04,6452.38108,17.96,12.01752283,15.96,116.54813,4.483030858,0.0,0.0,0.0,0.0,0.0,0.0,0.0,0,0.0,71.13195343,12.84164325,0.0,27.68777235,4.483030858,0.0,0.0,0.0,83.97359667,27.68777235,0.0,0.0,0.0,0.0,0.0,0.0,32.17080321,0.0,0.0,83.97359667,0.0,0.0,0.0,0.0,0.0,0,0.0,0.0,4.483030858,83.59461588,0.0,0.0,28.06675315,0.0,1.122777778,0.0,0.0,0.0,0.0,0.0,17.38555934,3.621002455,6.870660425,1.0,18,0,1,0,0,0,0,0,0,0,0,1,13,0,0,0,0,5.3937,83.9774,0,0,0,1,0,0,0,0,0,0,0,0,0,0,0,0,0,0,0,0,0,0,0,0,0,0,0,1,10,2.0,80,1.0,0.0,0.0,0.0,0.8908568177142857,0.07696464371428571,0.9704617633571428,0
CCCCCCCCCCCCCC[N+](C)(C)C,17,1,0,0,0,2,1.0,1.122777778,2.290220142,1.122777778,0.305866797,256.498,218.194,256.2998766,110,0.077992828,-0.330914819,0.330914819,0.077992828,0.5,0.833333333,1.166666667,15.27172442,10.05196094,2.043437985,-2.230980643,2.117322008,-2.346411454,4.479029611,-0.870130459,2.990679462,157.4832522,13.69238816,13.63960175,13.63960175,8.560660172,8.364975334,8.364975334,6.903018179,6.903018179,3.682487667,3.682487667,2.427135306,2.427135306,-0.04,6452.38108,17.96,12.01752283,15.96,116.54813,4.483030858,0.0,0.0,0.0,0.0,0.0,0.0,0.0,0,0.0,71.13195343,12.84164325,0.0,27.68777235,4.483030858,0.0,0.0,0.0,83.97359667,27.68777235,0.0,0.0,0.0,0.0,0.0,0.0,32.17080321,0.0,0.0,83.97359667,0.0,0.0,0.0,0.0,0.0,0,0.0,0.0,4.483030858,83.59461588,0.0,0.0,28.06675315,0.0,1.122777778,0.0,0.0,0.0,0.0,0.0,17.38555934,3.621002455,6.870660425,1.0,18,0,1,0,0,0,0,0,0,0,0,1,13,0,0,0,0,5.3937,83.9774,0,0,0,1,0,0,0,0,0,0,0,0,0,0,0,0,0,0,0,0,0,0,0,0,0,0,0,1,10,2.0,80,1.0,0.0,120.0,4.1889,0.8908568177142857,0.07696464371428571,0.9704617633571428,0
CCCCCCCCCCCCCC[N+](C)(C)C,17,1,0,0,0,2,1.0,1.122777778,2.290220142,1.122777778,0.305866797,256.498,218.194,256.2998766,110,0.077992828,-0.330914819,0.330914819,0.077992828,0.5,0.833333333,1.166666667,15.27172442,10.05196094,2.043437985,-2.230980643,2.117322008,-2.346411454,4.479029611,-0.870130459,2.990679462,157.4832522,13.69238816,13.63960175,13.63960175,8.560660172,8.364975334,8.364975334,6.903018179,6.903018179,3.682487667,3.682487667,2.427135306,2.427135306,-0.04,6452.38108,17.96,12.01752283,15.96,116.54813,4.483030858,0.0,0.0,0.0,0.0,0.0,0.0,0.0,0,0.0,71.13195343,12.84164325,0.0,27.68777235,4.483030858,0.0,0.0,0.0,83.97359667,27.68777235,0.0,0.0,0.0,0.0,0.0,0.0,32.17080321,0.0,0.0,83.97359667,0.0,0.0,0.0,0.0,0.0,0,0.0,0.0,4.483030858,83.59461588,0.0,0.0,28.06675315,0.0,1.122777778,0.0,0.0,0.0,0.0,0.0,17.38555934,3.621002455,6.870660425,1.0,18,0,1,0,0,0,0,0,0,0,0,1,13,0,0,0,0,5.3937,83.9774,0,0,0,1,0,0,0,0,0,0,0,0,0,0,0,0,0,0,0,0,0,0,0,0,0,0,0,1,10,2.0,80,1.0,0.0,240.0,6.3698,0.8908568177142857,0.07696464371428571,0.9704617633571428,0
CCCCCCCCCCCCCC[N+](C)(C)C,17,1,0,0,0,2,1.0,1.122777778,2.290220142,1.122777778,0.305866797,256.498,218.194,256.2998766,110,0.077992828,-0.330914819,0.330914819,0.077992828,0.5,0.833333333,1.166666667,15.27172442,10.05196094,2.043437985,-2.230980643,2.117322008,-2.346411454,4.479029611,-0.870130459,2.990679462,157.4832522,13.69238816,13.63960175,13.63960175,8.560660172,8.364975334,8.364975334,6.903018179,6.903018179,3.682487667,3.682487667,2.427135306,2.427135306,-0.04,6452.38108,17.96,12.01752283,15.96,116.54813,4.483030858,0.0,0.0,0.0,0.0,0.0,0.0,0.0,0,0.0,71.13195343,12.84164325,0.0,27.68777235,4.483030858,0.0,0.0,0.0,83.97359667,27.68777235,0.0,0.0,0.0,0.0,0.0,0.0,32.17080321,0.0,0.0,83.97359667,0.0,0.0,0.0,0.0,0.0,0,0.0,0.0,4.483030858,83.59461588,0.0,0.0,28.06675315,0.0,1.122777778,0.0,0.0,0.0,0.0,0.0,17.38555934,3.621002455,6.870660425,1.0,18,0,1,0,0,0,0,0,0,0,0,1,13,0,0,0,0,5.3937,83.9774,0,0,0,1,0,0,0,0,0,0,0,0,0,0,0,0,0,0,0,0,0,0,0,0,0,0,0,1,10,2.0,80,1.0,0.0,360.0,7.4198,0.8908568177142857,0.07696464371428571,0.9704617633571428,0
CCCCCCCCCCCCCC[N+](C)(C)C,17,1,0,0,0,2,1.0,1.122777778,2.290220142,1.122777778,0.305866797,256.498,218.194,256.2998766,110,0.077992828,-0.330914819,0.330914819,0.077992828,0.5,0.833333333,1.166666667,15.27172442,10.05196094,2.043437985,-2.230980643,2.117322008,-2.346411454,4.479029611,-0.870130459,2.990679462,157.4832522,13.69238816,13.63960175,13.63960175,8.560660172,8.364975334,8.364975334,6.903018179,6.903018179,3.682487667,3.682487667,2.427135306,2.427135306,-0.04,6452.38108,17.96,12.01752283,15.96,116.54813,4.483030858,0.0,0.0,0.0,0.0,0.0,0.0,0.0,0,0.0,71.13195343,12.84164325,0.0,27.68777235,4.483030858,0.0,0.0,0.0,83.97359667,27.68777235,0.0,0.0,0.0,0.0,0.0,0.0,32.17080321,0.0,0.0,83.97359667,0.0,0.0,0.0,0.0,0.0,0,0.0,0.0,4.483030858,83.59461588,0.0,0.0,28.06675315,0.0,1.122777778,0.0,0.0,0.0,0.0,0.0,17.38555934,3.621002455,6.870660425,1.0,18,0,1,0,0,0,0,0,0,0,0,1,13,0,0,0,0,5.3937,83.9774,0,0,0,1,0,0,0,0,0,0,0,0,0,0,0,0,0,0,0,0,0,0,0,0,0,0,0,1,10,2.0,80,1.0,0.0,480.0,7.8933,0.8908568177142857,0.07696464371428571,0.9704617633571428,0
CCCCCCCCCCCCCC[N+](C)(C)C,17,1,0,0,0,2,1.0,1.122777778,2.290220142,1.122777778,0.305866797,256.498,218.194,256.2998766,110,0.077992828,-0.330914819,0.330914819,0.077992828,0.5,0.833333333,1.166666667,15.27172442,10.05196094,2.043437985,-2.230980643,2.117322008,-2.346411454,4.479029611,-0.870130459,2.990679462,157.4832522,13.69238816,13.63960175,13.63960175,8.560660172,8.364975334,8.364975334,6.903018179,6.903018179,3.682487667,3.682487667,2.427135306,2.427135306,-0.04,6452.38108,17.96,12.01752283,15.96,116.54813,4.483030858,0.0,0.0,0.0,0.0,0.0,0.0,0.0,0,0.0,71.13195343,12.84164325,0.0,27.68777235,4.483030858,0.0,0.0,0.0,83.97359667,27.68777235,0.0,0.0,0.0,0.0,0.0,0.0,32.17080321,0.0,0.0,83.97359667,0.0,0.0,0.0,0.0,0.0,0,0.0,0.0,4.483030858,83.59461588,0.0,0.0,28.06675315,0.0,1.122777778,0.0,0.0,0.0,0.0,0.0,17.38555934,3.621002455,6.870660425,1.0,18,0,1,0,0,0,0,0,0,0,0,1,13,0,0,0,0,5.3937,83.9774,0,0,0,1,0,0,0,0,0,0,0,0,0,0,0,0,0,0,0,0,0,0,0,0,0,0,0,1,10,2.0,80,1.0,0.0,600.0,8.3723,0.8908568177142857,0.07696464371428571,0.9704617633571428,0
CCCCCCCCCCCCCC[N+](C)(C)C,17,1,0,0,0,2,1.0,1.122777778,2.290220142,1.122777778,0.305866797,256.498,218.194,256.2998766,110,0.077992828,-0.330914819,0.330914819,0.077992828,0.5,0.833333333,1.166666667,15.27172442,10.05196094,2.043437985,-2.230980643,2.117322008,-2.346411454,4.479029611,-0.870130459,2.990679462,157.4832522,13.69238816,13.63960175,13.63960175,8.560660172,8.364975334,8.364975334,6.903018179,6.903018179,3.682487667,3.682487667,2.427135306,2.427135306,-0.04,6452.38108,17.96,12.01752283,15.96,116.54813,4.483030858,0.0,0.0,0.0,0.0,0.0,0.0,0.0,0,0.0,71.13195343,12.84164325,0.0,27.68777235,4.483030858,0.0,0.0,0.0,83.97359667,27.68777235,0.0,0.0,0.0,0.0,0.0,0.0,32.17080321,0.0,0.0,83.97359667,0.0,0.0,0.0,0.0,0.0,0,0.0,0.0,4.483030858,83.59461588,0.0,0.0,28.06675315,0.0,1.122777778,0.0,0.0,0.0,0.0,0.0,17.38555934,3.621002455,6.870660425,1.0,18,0,1,0,0,0,0,0,0,0,0,1,13,0,0,0,0,5.3937,83.9774,0,0,0,1,0,0,0,0,0,0,0,0,0,0,0,0,0,0,0,0,0,0,0,0,0,0,0,1,10,2.0,80,1.0,0.0,720.0,9.4112,0.8908568177142857,0.07696464371428571,0.9704617633571428,0
CC[N+]1(C)CCCC1,7,1,0,0,0,1,1.0,1.319444444,2.354166667,1.319444444,0.449952788,114.212,98.084,114.1277259,48,0.078619894,-0.326265893,0.326265893,0.078619894,1.25,1.75,2.0,15.33348256,10.39358405,2.23028601,-2.263235674,2.139532621,-2.395984082,4.486020013,-0.895371398,2.399681801,72.45601116,6.035533906,5.982747501,5.982747501,3.767766953,3.603003675,3.603003675,3.090051834,3.090051834,2.409338255,2.409338255,1.415079324,1.415079324,-0.04,88.95348294,6.085628141,2.058167191,1.025055201,51.89287772,4.483030858,0.0,0.0,0.0,0.0,0.0,0.0,0.0,0,0.0,0.0,6.9237372,12.84164325,26.6819412,4.483030858,0.0,0.0,0.0,19.76538045,26.6819412,0.0,0.0,0.0,0.0,0.0,0.0,31.16497206,0.0,0.0,19.76538045,0.0,0.0,0.0,0.0,0.0,0,0.0,0.0,0.0,36.95894332,0.0,0.0,13.97140918,0.0,1.319444444,0.0,0.0,0.0,0.0,0.0,2.8975,6.428888889,2.354166667,1.0,8,0,1,0,1,1,0,0,0,0,0,1,1,0,1,1,1,1.2467,35.6934,0,0,0,1,0,0,0,0,1,0,0,0,0,0,0,0,0,0,0,0,0,0,0,0,0,0,0,1,0,2.0,80,1.0,0.0,0.0,0.0,0.8838486080740742,0.48621441092592593,0.894186241037037,0
CC[N+]1(C)CCCC1,7,1,0,0,0,1,1.0,1.319444444,2.354166667,1.319444444,0.449952788,114.212,98.084,114.1277259,48,0.078619894,-0.326265893,0.326265893,0.078619894,1.25,1.75,2.0,15.33348256,10.39358405,2.23028601,-2.263235674,2.139532621,-2.395984082,4.486020013,-0.895371398,2.399681801,72.45601116,6.035533906,5.982747501,5.982747501,3.767766953,3.603003675,3.603003675,3.090051834,3.090051834,2.409338255,2.409338255,1.415079324,1.415079324,-0.04,88.95348294,6.085628141,2.058167191,1.025055201,51.89287772,4.483030858,0.0,0.0,0.0,0.0,0.0,0.0,0.0,0,0.0,0.0,6.9237372,12.84164325,26.6819412,4.483030858,0.0,0.0,0.0,19.76538045,26.6819412,0.0,0.0,0.0,0.0,0.0,0.0,31.16497206,0.0,0.0,19.76538045,0.0,0.0,0.0,0.0,0.0,0,0.0,0.0,0.0,36.95894332,0.0,0.0,13.97140918,0.0,1.319444444,0.0,0.0,0.0,0.0,0.0,2.8975,6.428888889,2.354166667,1.0,8,0,1,0,1,1,0,0,0,0,0,1,1,0,1,1,1,1.2467,35.6934,0,0,0,1,0,0,0,0,1,0,0,0,0,0,0,0,0,0,0,0,0,0,0,0,0,0,0,1,0,2.0,80,1.0,0.0,120.0,59.8763,0.8838486080740742,0.48621441092592593,0.894186241037037,0
CC[N+]1(C)CCCC1,7,1,0,0,0,1,1.0,1.319444444,2.354166667,1.319444444,0.449952788,114.212,98.084,114.1277259,48,0.078619894,-0.326265893,0.326265893,0.078619894,1.25,1.75,2.0,15.33348256,10.39358405,2.23028601,-2.263235674,2.139532621,-2.395984082,4.486020013,-0.895371398,2.399681801,72.45601116,6.035533906,5.982747501,5.982747501,3.767766953,3.603003675,3.603003675,3.090051834,3.090051834,2.409338255,2.409338255,1.415079324,1.415079324,-0.04,88.95348294,6.085628141,2.058167191,1.025055201,51.89287772,4.483030858,0.0,0.0,0.0,0.0,0.0,0.0,0.0,0,0.0,0.0,6.9237372,12.84164325,26.6819412,4.483030858,0.0,0.0,0.0,19.76538045,26.6819412,0.0,0.0,0.0,0.0,0.0,0.0,31.16497206,0.0,0.0,19.76538045,0.0,0.0,0.0,0.0,0.0,0,0.0,0.0,0.0,36.95894332,0.0,0.0,13.97140918,0.0,1.319444444,0.0,0.0,0.0,0.0,0.0,2.8975,6.428888889,2.354166667,1.0,8,0,1,0,1,1,0,0,0,0,0,1,1,0,1,1,1,1.2467,35.6934,0,0,0,1,0,0,0,0,1,0,0,0,0,0,0,0,0,0,0,0,0,0,0,0,0,0,0,1,0,2.0,80,1.0,0.0,240.0,68.3016,0.8838486080740742,0.48621441092592593,0.894186241037037,0
CC[N+]1(C)CCCC1,7,1,0,0,0,1,1.0,1.319444444,2.354166667,1.319444444,0.449952788,114.212,98.084,114.1277259,48,0.078619894,-0.326265893,0.326265893,0.078619894,1.25,1.75,2.0,15.33348256,10.39358405,2.23028601,-2.263235674,2.139532621,-2.395984082,4.486020013,-0.895371398,2.399681801,72.45601116,6.035533906,5.982747501,5.982747501,3.767766953,3.603003675,3.603003675,3.090051834,3.090051834,2.409338255,2.409338255,1.415079324,1.415079324,-0.04,88.95348294,6.085628141,2.058167191,1.025055201,51.89287772,4.483030858,0.0,0.0,0.0,0.0,0.0,0.0,0.0,0,0.0,0.0,6.9237372,12.84164325,26.6819412,4.483030858,0.0,0.0,0.0,19.76538045,26.6819412,0.0,0.0,0.0,0.0,0.0,0.0,31.16497206,0.0,0.0,19.76538045,0.0,0.0,0.0,0.0,0.0,0,0.0,0.0,0.0,36.95894332,0.0,0.0,13.97140918,0.0,1.319444444,0.0,0.0,0.0,0.0,0.0,2.8975,6.428888889,2.354166667,1.0,8,0,1,0,1,1,0,0,0,0,0,1,1,0,1,1,1,1.2467,35.6934,0,0,0,1,0,0,0,0,1,0,0,0,0,0,0,0,0,0,0,0,0,0,0,0,0,0,0,1,0,2.0,80,1.0,0.0,360.0,76.7324,0.8838486080740742,0.48621441092592593,0.894186241037037,0
CC[N+]1(C)CCCC1,7,1,0,0,0,1,1.0,1.319444444,2.354166667,1.319444444,0.449952788,114.212,98.084,114.1277259,48,0.078619894,-0.326265893,0.326265893,0.078619894,1.25,1.75,2.0,15.33348256,10.39358405,2.23028601,-2.263235674,2.139532621,-2.395984082,4.486020013,-0.895371398,2.399681801,72.45601116,6.035533906,5.982747501,5.982747501,3.767766953,3.603003675,3.603003675,3.090051834,3.090051834,2.409338255,2.409338255,1.415079324,1.415079324,-0.04,88.95348294,6.085628141,2.058167191,1.025055201,51.89287772,4.483030858,0.0,0.0,0.0,0.0,0.0,0.0,0.0,0,0.0,0.0,6.9237372,12.84164325,26.6819412,4.483030858,0.0,0.0,0.0,19.76538045,26.6819412,0.0,0.0,0.0,0.0,0.0,0.0,31.16497206,0.0,0.0,19.76538045,0.0,0.0,0.0,0.0,0.0,0,0.0,0.0,0.0,36.95894332,0.0,0.0,13.97140918,0.0,1.319444444,0.0,0.0,0.0,0.0,0.0,2.8975,6.428888889,2.354166667,1.0,8,0,1,0,1,1,0,0,0,0,0,1,1,0,1,1,1,1.2467,35.6934,0,0,0,1,0,0,0,0,1,0,0,0,0,0,0,0,0,0,0,0,0,0,0,0,0,0,0,1,0,2.0,80,1.0,0.0,480.0,78.9132,0.8838486080740742,0.48621441092592593,0.894186241037037,0
CC[N+]1(C)CCCC1,7,1,0,0,0,1,1.0,1.319444444,2.354166667,1.319444444,0.449952788,114.212,98.084,114.1277259,48,0.078619894,-0.326265893,0.326265893,0.078619894,1.25,1.75,2.0,15.33348256,10.39358405,2.23028601,-2.263235674,2.139532621,-2.395984082,4.486020013,-0.895371398,2.399681801,72.45601116,6.035533906,5.982747501,5.982747501,3.767766953,3.603003675,3.603003675,3.090051834,3.090051834,2.409338255,2.409338255,1.415079324,1.415079324,-0.04,88.95348294,6.085628141,2.058167191,1.025055201,51.89287772,4.483030858,0.0,0.0,0.0,0.0,0.0,0.0,0.0,0,0.0,0.0,6.9237372,12.84164325,26.6819412,4.483030858,0.0,0.0,0.0,19.76538045,26.6819412,0.0,0.0,0.0,0.0,0.0,0.0,31.16497206,0.0,0.0,19.76538045,0.0,0.0,0.0,0.0,0.0,0,0.0,0.0,0.0,36.95894332,0.0,0.0,13.97140918,0.0,1.319444444,0.0,0.0,0.0,0.0,0.0,2.8975,6.428888889,2.354166667,1.0,8,0,1,0,1,1,0,0,0,0,0,1,1,0,1,1,1,1.2467,35.6934,0,0,0,1,0,0,0,0,1,0,0,0,0,0,0,0,0,0,0,0,0,0,0,0,0,0,0,1,0,2.0,80,1.0,0.0,600.0,83.9322,0.8838486080740742,0.48621441092592593,0.894186241037037,0
CC[N+]1(C)CCCC1,7,1,0,0,0,1,1.0,1.319444444,2.354166667,1.319444444,0.449952788,114.212,98.084,114.1277259,48,0.078619894,-0.326265893,0.326265893,0.078619894,1.25,1.75,2.0,15.33348256,10.39358405,2.23028601,-2.263235674,2.139532621,-2.395984082,4.486020013,-0.895371398,2.399681801,72.45601116,6.035533906,5.982747501,5.982747501,3.767766953,3.603003675,3.603003675,3.090051834,3.090051834,2.409338255,2.409338255,1.415079324,1.415079324,-0.04,88.95348294,6.085628141,2.058167191,1.025055201,51.89287772,4.483030858,0.0,0.0,0.0,0.0,0.0,0.0,0.0,0,0.0,0.0,6.9237372,12.84164325,26.6819412,4.483030858,0.0,0.0,0.0,19.76538045,26.6819412,0.0,0.0,0.0,0.0,0.0,0.0,31.16497206,0.0,0.0,19.76538045,0.0,0.0,0.0,0.0,0.0,0,0.0,0.0,0.0,36.95894332,0.0,0.0,13.97140918,0.0,1.319444444,0.0,0.0,0.0,0.0,0.0,2.8975,6.428888889,2.354166667,1.0,8,0,1,0,1,1,0,0,0,0,0,1,1,0,1,1,1,1.2467,35.6934,0,0,0,1,0,0,0,0,1,0,0,0,0,0,0,0,0,0,0,0,0,0,0,0,0,0,0,1,0,2.0,80,1.0,0.0,720.0,86.6784,0.8838486080740742,0.48621441092592593,0.894186241037037,0
C1CC[N+]2(CC1)CCCCC2,10,1,0,0,0,1,1.0,1.5,1.5,1.5,0.469065256,154.277,134.117,154.1590261,64,0.07861697,-0.323608975,0.323608975,0.07861697,0.454545455,0.818181818,1.181818182,15.35411576,10.01190874,2.303626033,-2.436709549,2.241062256,-2.53722828,4.58638158,-0.936180066,1.94320678,99.32469185,7.571067812,7.518281407,7.518281407,5.414213562,5.264911064,5.264911064,4.357388321,4.357388321,3.529822128,3.529822128,2.813228166,2.813228166,-0.04,530.0382769,7.600932428,3.139132041,1.584033638,69.98187291,4.483030858,0.0,0.0,0.0,0.0,0.0,0.0,0.0,0,0.0,0.0,38.52492974,0.0,26.17902562,4.483030858,0.0,0.0,0.0,38.52492974,26.17902562,0.0,0.0,0.0,0.0,0.0,0.0,30.66205648,0.0,0.0,38.52492974,0.0,0.0,0.0,0.0,0.0,0,0.0,0.0,0.0,69.18698622,0.0,0.0,0.0,0.0,1.5,0.0,0.0,0.0,0.0,0.0,9.0,6.0,0.0,1.0,11,0,1,0,2,2,0,0,0,0,0,1,0,0,2,2,2,2.171,47.4304,0,0,0,1,0,0,0,0,0,0,0,0,0,0,0,0,0,0,0,0,0,0,0,0,2,0,0,1,0,2.0,80,1.0,0.0,0.0,0.0,0.926179512111111,0.32489621266666663,0.9472390226111111,0
C1CC[N+]2(CC1)CCCCC2,10,1,0,0,0,1,1.0,1.5,1.5,1.5,0.469065256,154.277,134.117,154.1590261,64,0.07861697,-0.323608975,0.323608975,0.07861697,0.454545455,0.818181818,1.181818182,15.35411576,10.01190874,2.303626033,-2.436709549,2.241062256,-2.53722828,4.58638158,-0.936180066,1.94320678,99.32469185,7.571067812,7.518281407,7.518281407,5.414213562,5.264911064,5.264911064,4.357388321,4.357388321,3.529822128,3.529822128,2.813228166,2.813228166,-0.04,530.0382769,7.600932428,3.139132041,1.584033638,69.98187291,4.483030858,0.0,0.0,0.0,0.0,0.0,0.0,0.0,0,0.0,0.0,38.52492974,0.0,26.17902562,4.483030858,0.0,0.0,0.0,38.52492974,26.17902562,0.0,0.0,0.0,0.0,0.0,0.0,30.66205648,0.0,0.0,38.52492974,0.0,0.0,0.0,0.0,0.0,0,0.0,0.0,0.0,69.18698622,0.0,0.0,0.0,0.0,1.5,0.0,0.0,0.0,0.0,0.0,9.0,6.0,0.0,1.0,11,0,1,0,2,2,0,0,0,0,0,1,0,0,2,2,2,2.171,47.4304,0,0,0,1,0,0,0,0,0,0,0,0,0,0,0,0,0,0,0,0,0,0,0,0,2,0,0,1,0,2.0,80,1.0,0.0,120.0,0.4748,0.926179512111111,0.32489621266666663,0.9472390226111111,0
C1CC[N+]2(CC1)CCCCC2,10,1,0,0,0,1,1.0,1.5,1.5,1.5,0.469065256,154.277,134.117,154.1590261,64,0.07861697,-0.323608975,0.323608975,0.07861697,0.454545455,0.818181818,1.181818182,15.35411576,10.01190874,2.303626033,-2.436709549,2.241062256,-2.53722828,4.58638158,-0.936180066,1.94320678,99.32469185,7.571067812,7.518281407,7.518281407,5.414213562,5.264911064,5.264911064,4.357388321,4.357388321,3.529822128,3.529822128,2.813228166,2.813228166,-0.04,530.0382769,7.600932428,3.139132041,1.584033638,69.98187291,4.483030858,0.0,0.0,0.0,0.0,0.0,0.0,0.0,0,0.0,0.0,38.52492974,0.0,26.17902562,4.483030858,0.0,0.0,0.0,38.52492974,26.17902562,0.0,0.0,0.0,0.0,0.0,0.0,30.66205648,0.0,0.0,38.52492974,0.0,0.0,0.0,0.0,0.0,0,0.0,0.0,0.0,69.18698622,0.0,0.0,0.0,0.0,1.5,0.0,0.0,0.0,0.0,0.0,9.0,6.0,0.0,1.0,11,0,1,0,2,2,0,0,0,0,0,1,0,0,2,2,2,2.171,47.4304,0,0,0,1,0,0,0,0,0,0,0,0,0,0,0,0,0,0,0,0,0,0,0,0,2,0,0,1,0,2.0,80,1.0,0.0,240.0,2.0833,0.926179512111111,0.32489621266666663,0.9472390226111111,0
C1CC[N+]2(CC1)CCCCC2,10,1,0,0,0,1,1.0,1.5,1.5,1.5,0.469065256,154.277,134.117,154.1590261,64,0.07861697,-0.323608975,0.323608975,0.07861697,0.454545455,0.818181818,1.181818182,15.35411576,10.01190874,2.303626033,-2.436709549,2.241062256,-2.53722828,4.58638158,-0.936180066,1.94320678,99.32469185,7.571067812,7.518281407,7.518281407,5.414213562,5.264911064,5.264911064,4.357388321,4.357388321,3.529822128,3.529822128,2.813228166,2.813228166,-0.04,530.0382769,7.600932428,3.139132041,1.584033638,69.98187291,4.483030858,0.0,0.0,0.0,0.0,0.0,0.0,0.0,0,0.0,0.0,38.52492974,0.0,26.17902562,4.483030858,0.0,0.0,0.0,38.52492974,26.17902562,0.0,0.0,0.0,0.0,0.0,0.0,30.66205648,0.0,0.0,38.52492974,0.0,0.0,0.0,0.0,0.0,0,0.0,0.0,0.0,69.18698622,0.0,0.0,0.0,0.0,1.5,0.0,0.0,0.0,0.0,0.0,9.0,6.0,0.0,1.0,11,0,1,0,2,2,0,0,0,0,0,1,0,0,2,2,2,2.171,47.4304,0,0,0,1,0,0,0,0,0,0,0,0,0,0,0,0,0,0,0,0,0,0,0,0,2,0,0,1,0,2.0,80,1.0,0.0,360.0,2.5554,0.926179512111111,0.32489621266666663,0.9472390226111111,0
C1CC[N+]2(CC1)CCCCC2,10,1,0,0,0,1,1.0,1.5,1.5,1.5,0.469065256,154.277,134.117,154.1590261,64,0.07861697,-0.323608975,0.323608975,0.07861697,0.454545455,0.818181818,1.181818182,15.35411576,10.01190874,2.303626033,-2.436709549,2.241062256,-2.53722828,4.58638158,-0.936180066,1.94320678,99.32469185,7.571067812,7.518281407,7.518281407,5.414213562,5.264911064,5.264911064,4.357388321,4.357388321,3.529822128,3.529822128,2.813228166,2.813228166,-0.04,530.0382769,7.600932428,3.139132041,1.584033638,69.98187291,4.483030858,0.0,0.0,0.0,0.0,0.0,0.0,0.0,0,0.0,0.0,38.52492974,0.0,26.17902562,4.483030858,0.0,0.0,0.0,38.52492974,26.17902562,0.0,0.0,0.0,0.0,0.0,0.0,30.66205648,0.0,0.0,38.52492974,0.0,0.0,0.0,0.0,0.0,0,0.0,0.0,0.0,69.18698622,0.0,0.0,0.0,0.0,1.5,0.0,0.0,0.0,0.0,0.0,9.0,6.0,0.0,1.0,11,0,1,0,2,2,0,0,0,0,0,1,0,0,2,2,2,2.171,47.4304,0,0,0,1,0,0,0,0,0,0,0,0,0,0,0,0,0,0,0,0,0,0,0,0,2,0,0,1,0,2.0,80,1.0,0.0,480.0,2.8408,0.926179512111111,0.32489621266666663,0.9472390226111111,0
C1CC[N+]2(CC1)CCCCC2,10,1,0,0,0,1,1.0,1.5,1.5,1.5,0.469065256,154.277,134.117,154.1590261,64,0.07861697,-0.323608975,0.323608975,0.07861697,0.454545455,0.818181818,1.181818182,15.35411576,10.01190874,2.303626033,-2.436709549,2.241062256,-2.53722828,4.58638158,-0.936180066,1.94320678,99.32469185,7.571067812,7.518281407,7.518281407,5.414213562,5.264911064,5.264911064,4.357388321,4.357388321,3.529822128,3.529822128,2.813228166,2.813228166,-0.04,530.0382769,7.600932428,3.139132041,1.584033638,69.98187291,4.483030858,0.0,0.0,0.0,0.0,0.0,0.0,0.0,0,0.0,0.0,38.52492974,0.0,26.17902562,4.483030858,0.0,0.0,0.0,38.52492974,26.17902562,0.0,0.0,0.0,0.0,0.0,0.0,30.66205648,0.0,0.0,38.52492974,0.0,0.0,0.0,0.0,0.0,0,0.0,0.0,0.0,69.18698622,0.0,0.0,0.0,0.0,1.5,0.0,0.0,0.0,0.0,0.0,9.0,6.0,0.0,1.0,11,0,1,0,2,2,0,0,0,0,0,1,0,0,2,2,2,2.171,47.4304,0,0,0,1,0,0,0,0,0,0,0,0,0,0,0,0,0,0,0,0,0,0,0,0,2,0,0,1,0,2.0,80,1.0,0.0,600.0,3.0275,0.926179512111111,0.32489621266666663,0.9472390226111111,0
C1CC[N+]2(CC1)CCCCC2,10,1,0,0,0,1,1.0,1.5,1.5,1.5,0.469065256,154.277,134.117,154.1590261,64,0.07861697,-0.323608975,0.323608975,0.07861697,0.454545455,0.818181818,1.181818182,15.35411576,10.01190874,2.303626033,-2.436709549,2.241062256,-2.53722828,4.58638158,-0.936180066,1.94320678,99.32469185,7.571067812,7.518281407,7.518281407,5.414213562,5.264911064,5.264911064,4.357388321,4.357388321,3.529822128,3.529822128,2.813228166,2.813228166,-0.04,530.0382769,7.600932428,3.139132041,1.584033638,69.98187291,4.483030858,0.0,0.0,0.0,0.0,0.0,0.0,0.0,0,0.0,0.0,38.52492974,0.0,26.17902562,4.483030858,0.0,0.0,0.0,38.52492974,26.17902562,0.0,0.0,0.0,0.0,0.0,0.0,30.66205648,0.0,0.0,38.52492974,0.0,0.0,0.0,0.0,0.0,0,0.0,0.0,0.0,69.18698622,0.0,0.0,0.0,0.0,1.5,0.0,0.0,0.0,0.0,0.0,9.0,6.0,0.0,1.0,11,0,1,0,2,2,0,0,0,0,0,1,0,0,2,2,2,2.171,47.4304,0,0,0,1,0,0,0,0,0,0,0,0,0,0,0,0,0,0,0,0,0,0,0,0,2,0,0,1,0,2.0,80,1.0,0.0,720.0,3.5078,0.926179512111111,0.32489621266666663,0.9472390226111111,0
CC(C)N1CC[N+]2(CCCCC2)CC1,12,2,0,0,0,1,1.0,0.750130149,2.637009637,0.750130149,0.578506844,197.346,172.146,197.2012252,82,0.091590827,-0.321487674,0.321487674,0.091590827,0.857142857,1.428571429,1.928571429,15.40853106,10.05374478,2.339005422,-2.474276071,2.216020953,-2.617554233,4.687974302,-0.9359342,1.87316695,172.7607507,10.01866157,9.835738491,9.835738491,6.718744015,6.310266024,6.310266024,5.426444963,5.426444963,4.218317761,4.218317761,3.051380937,3.051380937,-0.08,1931.225051,10.43822409,4.194610736,2.115687586,88.47159081,4.483030858,0.0,0.0,0.0,0.0,0.0,4.899909731,0.0,0,0.0,0.0,33.10993927,19.13135364,26.17902562,4.483030858,0.0,4.899909731,0.0,39.1517801,39.26853844,0.0,0.0,0.0,0.0,0.0,0.0,54.69331985,0.0,0.0,33.10993927,0.0,0.0,3.24,0.0,0.0,0,0.0,0.0,6.041840829,63.01403416,0.0,0.0,18.74738413,0.0,1.447638889,2.637009637,0.0,0.0,0.0,0.750130149,4.427829349,13.07072531,0.0,1.0,14,0,2,0,2,2,0,0,0,1,0,2,1,0,2,2,2,1.7111,60.2884,0,0,0,2,0,0,0,0,0,0,0,0,0,0,0,0,0,0,0,0,0,0,0,0,1,1,0,1,0,2.0,80,1.0,0.0,0.0,0.0,0.9323250974285714,0.2138670917857143,0.9657796090714286,0
CC(C)N1CC[N+]2(CCCCC2)CC1,12,2,0,0,0,1,1.0,0.750130149,2.637009637,0.750130149,0.578506844,197.346,172.146,197.2012252,82,0.091590827,-0.321487674,0.321487674,0.091590827,0.857142857,1.428571429,1.928571429,15.40853106,10.05374478,2.339005422,-2.474276071,2.216020953,-2.617554233,4.687974302,-0.9359342,1.87316695,172.7607507,10.01866157,9.835738491,9.835738491,6.718744015,6.310266024,6.310266024,5.426444963,5.426444963,4.218317761,4.218317761,3.051380937,3.051380937,-0.08,1931.225051,10.43822409,4.194610736,2.115687586,88.47159081,4.483030858,0.0,0.0,0.0,0.0,0.0,4.899909731,0.0,0,0.0,0.0,33.10993927,19.13135364,26.17902562,4.483030858,0.0,4.899909731,0.0,39.1517801,39.26853844,0.0,0.0,0.0,0.0,0.0,0.0,54.69331985,0.0,0.0,33.10993927,0.0,0.0,3.24,0.0,0.0,0,0.0,0.0,6.041840829,63.01403416,0.0,0.0,18.74738413,0.0,1.447638889,2.637009637,0.0,0.0,0.0,0.750130149,4.427829349,13.07072531,0.0,1.0,14,0,2,0,2,2,0,0,0,1,0,2,1,0,2,2,2,1.7111,60.2884,0,0,0,2,0,0,0,0,0,0,0,0,0,0,0,0,0,0,0,0,0,0,0,0,1,1,0,1,0,2.0,80,1.0,0.0,120.0,3.8866,0.9323250974285714,0.2138670917857143,0.9657796090714286,0
CC(C)N1CC[N+]2(CCCCC2)CC1,12,2,0,0,0,1,1.0,0.750130149,2.637009637,0.750130149,0.578506844,197.346,172.146,197.2012252,82,0.091590827,-0.321487674,0.321487674,0.091590827,0.857142857,1.428571429,1.928571429,15.40853106,10.05374478,2.339005422,-2.474276071,2.216020953,-2.617554233,4.687974302,-0.9359342,1.87316695,172.7607507,10.01866157,9.835738491,9.835738491,6.718744015,6.310266024,6.310266024,5.426444963,5.426444963,4.218317761,4.218317761,3.051380937,3.051380937,-0.08,1931.225051,10.43822409,4.194610736,2.115687586,88.47159081,4.483030858,0.0,0.0,0.0,0.0,0.0,4.899909731,0.0,0,0.0,0.0,33.10993927,19.13135364,26.17902562,4.483030858,0.0,4.899909731,0.0,39.1517801,39.26853844,0.0,0.0,0.0,0.0,0.0,0.0,54.69331985,0.0,0.0,33.10993927,0.0,0.0,3.24,0.0,0.0,0,0.0,0.0,6.041840829,63.01403416,0.0,0.0,18.74738413,0.0,1.447638889,2.637009637,0.0,0.0,0.0,0.750130149,4.427829349,13.07072531,0.0,1.0,14,0,2,0,2,2,0,0,0,1,0,2,1,0,2,2,2,1.7111,60.2884,0,0,0,2,0,0,0,0,0,0,0,0,0,0,0,0,0,0,0,0,0,0,0,0,1,1,0,1,0,2.0,80,1.0,0.0,240.0,6.6314,0.9323250974285714,0.2138670917857143,0.9657796090714286,0
CC(C)N1CC[N+]2(CCCCC2)CC1,12,2,0,0,0,1,1.0,0.750130149,2.637009637,0.750130149,0.578506844,197.346,172.146,197.2012252,82,0.091590827,-0.321487674,0.321487674,0.091590827,0.857142857,1.428571429,1.928571429,15.40853106,10.05374478,2.339005422,-2.474276071,2.216020953,-2.617554233,4.687974302,-0.9359342,1.87316695,172.7607507,10.01866157,9.835738491,9.835738491,6.718744015,6.310266024,6.310266024,5.426444963,5.426444963,4.218317761,4.218317761,3.051380937,3.051380937,-0.08,1931.225051,10.43822409,4.194610736,2.115687586,88.47159081,4.483030858,0.0,0.0,0.0,0.0,0.0,4.899909731,0.0,0,0.0,0.0,33.10993927,19.13135364,26.17902562,4.483030858,0.0,4.899909731,0.0,39.1517801,39.26853844,0.0,0.0,0.0,0.0,0.0,0.0,54.69331985,0.0,0.0,33.10993927,0.0,0.0,3.24,0.0,0.0,0,0.0,0.0,6.041840829,63.01403416,0.0,0.0,18.74738413,0.0,1.447638889,2.637009637,0.0,0.0,0.0,0.750130149,4.427829349,13.07072531,0.0,1.0,14,0,2,0,2,2,0,0,0,1,0,2,1,0,2,2,2,1.7111,60.2884,0,0,0,2,0,0,0,0,0,0,0,0,0,0,0,0,0,0,0,0,0,0,0,0,1,1,0,1,0,2.0,80,1.0,0.0,360.0,8.2453,0.9323250974285714,0.2138670917857143,0.9657796090714286,0
CC(C)N1CC[N+]2(CCCCC2)CC1,12,2,0,0,0,1,1.0,0.750130149,2.637009637,0.750130149,0.578506844,197.346,172.146,197.2012252,82,0.091590827,-0.321487674,0.321487674,0.091590827,0.857142857,1.428571429,1.928571429,15.40853106,10.05374478,2.339005422,-2.474276071,2.216020953,-2.617554233,4.687974302,-0.9359342,1.87316695,172.7607507,10.01866157,9.835738491,9.835738491,6.718744015,6.310266024,6.310266024,5.426444963,5.426444963,4.218317761,4.218317761,3.051380937,3.051380937,-0.08,1931.225051,10.43822409,4.194610736,2.115687586,88.47159081,4.483030858,0.0,0.0,0.0,0.0,0.0,4.899909731,0.0,0,0.0,0.0,33.10993927,19.13135364,26.17902562,4.483030858,0.0,4.899909731,0.0,39.1517801,39.26853844,0.0,0.0,0.0,0.0,0.0,0.0,54.69331985,0.0,0.0,33.10993927,0.0,0.0,3.24,0.0,0.0,0,0.0,0.0,6.041840829,63.01403416,0.0,0.0,18.74738413,0.0,1.447638889,2.637009637,0.0,0.0,0.0,0.750130149,4.427829349,13.07072531,0.0,1.0,14,0,2,0,2,2,0,0,0,1,0,2,1,0,2,2,2,1.7111,60.2884,0,0,0,2,0,0,0,0,0,0,0,0,0,0,0,0,0,0,0,0,0,0,0,0,1,1,0,1,0,2.0,80,1.0,0.0,480.0,9.8537,0.9323250974285714,0.2138670917857143,0.9657796090714286,0
CC(C)N1CC[N+]2(CCCCC2)CC1,12,2,0,0,0,1,1.0,0.750130149,2.637009637,0.750130149,0.578506844,197.346,172.146,197.2012252,82,0.091590827,-0.321487674,0.321487674,0.091590827,0.857142857,1.428571429,1.928571429,15.40853106,10.05374478,2.339005422,-2.474276071,2.216020953,-2.617554233,4.687974302,-0.9359342,1.87316695,172.7607507,10.01866157,9.835738491,9.835738491,6.718744015,6.310266024,6.310266024,5.426444963,5.426444963,4.218317761,4.218317761,3.051380937,3.051380937,-0.08,1931.225051,10.43822409,4.194610736,2.115687586,88.47159081,4.483030858,0.0,0.0,0.0,0.0,0.0,4.899909731,0.0,0,0.0,0.0,33.10993927,19.13135364,26.17902562,4.483030858,0.0,4.899909731,0.0,39.1517801,39.26853844,0.0,0.0,0.0,0.0,0.0,0.0,54.69331985,0.0,0.0,33.10993927,0.0,0.0,3.24,0.0,0.0,0,0.0,0.0,6.041840829,63.01403416,0.0,0.0,18.74738413,0.0,1.447638889,2.637009637,0.0,0.0,0.0,0.750130149,4.427829349,13.07072531,0.0,1.0,14,0,2,0,2,2,0,0,0,1,0,2,1,0,2,2,2,1.7111,60.2884,0,0,0,2,0,0,0,0,0,0,0,0,0,0,0,0,0,0,0,0,0,0,0,0,1,1,0,1,0,2.0,80,1.0,0.0,600.0,10.3285,0.9323250974285714,0.2138670917857143,0.9657796090714286,0
CC(C)N1CC[N+]2(CCCCC2)CC1,12,2,0,0,0,1,1.0,0.750130149,2.637009637,0.750130149,0.578506844,197.346,172.146,197.2012252,82,0.091590827,-0.321487674,0.321487674,0.091590827,0.857142857,1.428571429,1.928571429,15.40853106,10.05374478,2.339005422,-2.474276071,2.216020953,-2.617554233,4.687974302,-0.9359342,1.87316695,172.7607507,10.01866157,9.835738491,9.835738491,6.718744015,6.310266024,6.310266024,5.426444963,5.426444963,4.218317761,4.218317761,3.051380937,3.051380937,-0.08,1931.225051,10.43822409,4.194610736,2.115687586,88.47159081,4.483030858,0.0,0.0,0.0,0.0,0.0,4.899909731,0.0,0,0.0,0.0,33.10993927,19.13135364,26.17902562,4.483030858,0.0,4.899909731,0.0,39.1517801,39.26853844,0.0,0.0,0.0,0.0,0.0,0.0,54.69331985,0.0,0.0,33.10993927,0.0,0.0,3.24,0.0,0.0,0,0.0,0.0,6.041840829,63.01403416,0.0,0.0,18.74738413,0.0,1.447638889,2.637009637,0.0,0.0,0.0,0.750130149,4.427829349,13.07072531,0.0,1.0,14,0,2,0,2,2,0,0,0,1,0,2,1,0,2,2,2,1.7111,60.2884,0,0,0,2,0,0,0,0,0,0,0,0,0,0,0,0,0,0,0,0,0,0,0,0,1,1,0,1,0,2.0,80,1.0,0.0,720.0,10.8006,0.9323250974285714,0.2138670917857143,0.9657796090714286,0
CN1CC[N+]2(CCCCC2)CC1,10,2,0,0,0,1,1.0,1.319444444,2.470342971,1.319444444,0.487683489,169.292,148.124,169.1699251,70,0.091570672,-0.32148825,0.32148825,0.091570672,0.833333333,1.416666667,2.0,15.40104183,10.06232206,2.321716528,-2.458210868,2.202146846,-2.602035852,4.627260081,-0.935671023,1.921173736,139.9175691,8.4413113,8.258388222,8.258388222,5.808060412,5.344580192,5.344580192,4.600004075,4.600004075,3.677035724,3.677035724,2.619513103,2.619513103,-0.08,782.2823154,8.51523239,3.346339286,1.642707656,75.74170658,4.483030858,0.0,0.0,0.0,0.0,0.0,4.899909731,0.0,0,0.0,0.0,26.31013685,13.08951281,26.17902562,4.483030858,0.0,4.899909731,0.0,19.26246487,46.31621042,0.0,0.0,0.0,0.0,0.0,0.0,55.69915101,0.0,0.0,19.26246487,0.0,0.0,3.24,0.0,0.0,0,0.0,0.0,0.0,63.01403416,0.0,0.0,11.94758171,0.0,1.44875,2.470342971,0.0,0.0,0.0,0.0,4.433797477,8.3975,2.249609552,1.0,12,0,2,0,2,2,0,0,0,1,0,2,0,0,2,2,2,0.9325,51.0764,0,0,0,2,0,0,0,1,0,0,0,0,0,0,0,0,0,0,0,0,0,0,0,0,1,1,0,1,0,2.0,80,1.0,0.0,0.0,0.0,0.8970726243571429,0.26759382385714287,0.9502712132142858,0
CN1CC[N+]2(CCCCC2)CC1,10,2,0,0,0,1,1.0,1.319444444,2.470342971,1.319444444,0.487683489,169.292,148.124,169.1699251,70,0.091570672,-0.32148825,0.32148825,0.091570672,0.833333333,1.416666667,2.0,15.40104183,10.06232206,2.321716528,-2.458210868,2.202146846,-2.602035852,4.627260081,-0.935671023,1.921173736,139.9175691,8.4413113,8.258388222,8.258388222,5.808060412,5.344580192,5.344580192,4.600004075,4.600004075,3.677035724,3.677035724,2.619513103,2.619513103,-0.08,782.2823154,8.51523239,3.346339286,1.642707656,75.74170658,4.483030858,0.0,0.0,0.0,0.0,0.0,4.899909731,0.0,0,0.0,0.0,26.31013685,13.08951281,26.17902562,4.483030858,0.0,4.899909731,0.0,19.26246487,46.31621042,0.0,0.0,0.0,0.0,0.0,0.0,55.69915101,0.0,0.0,19.26246487,0.0,0.0,3.24,0.0,0.0,0,0.0,0.0,0.0,63.01403416,0.0,0.0,11.94758171,0.0,1.44875,2.470342971,0.0,0.0,0.0,0.0,4.433797477,8.3975,2.249609552,1.0,12,0,2,0,2,2,0,0,0,1,0,2,0,0,2,2,2,0.9325,51.0764,0,0,0,2,0,0,0,1,0,0,0,0,0,0,0,0,0,0,0,0,0,0,0,0,1,1,0,1,0,2.0,80,1.0,0.0,120.0,20.3524,0.8970726243571429,0.26759382385714287,0.9502712132142858,0
CN1CC[N+]2(CCCCC2)CC1,10,2,0,0,0,1,1.0,1.319444444,2.470342971,1.319444444,0.487683489,169.292,148.124,169.1699251,70,0.091570672,-0.32148825,0.32148825,0.091570672,0.833333333,1.416666667,2.0,15.40104183,10.06232206,2.321716528,-2.458210868,2.202146846,-2.602035852,4.627260081,-0.935671023,1.921173736,139.9175691,8.4413113,8.258388222,8.258388222,5.808060412,5.344580192,5.344580192,4.600004075,4.600004075,3.677035724,3.677035724,2.619513103,2.619513103,-0.08,782.2823154,8.51523239,3.346339286,1.642707656,75.74170658,4.483030858,0.0,0.0,0.0,0.0,0.0,4.899909731,0.0,0,0.0,0.0,26.31013685,13.08951281,26.17902562,4.483030858,0.0,4.899909731,0.0,19.26246487,46.31621042,0.0,0.0,0.0,0.0,0.0,0.0,55.69915101,0.0,0.0,19.26246487,0.0,0.0,3.24,0.0,0.0,0,0.0,0.0,0.0,63.01403416,0.0,0.0,11.94758171,0.0,1.44875,2.470342971,0.0,0.0,0.0,0.0,4.433797477,8.3975,2.249609552,1.0,12,0,2,0,2,2,0,0,0,1,0,2,0,0,2,2,2,0.9325,51.0764,0,0,0,2,0,0,0,1,0,0,0,0,0,0,0,0,0,0,0,0,0,0,0,0,1,1,0,1,0,2.0,80,1.0,0.0,240.0,25.3808,0.8970726243571429,0.26759382385714287,0.9502712132142858,0
CN1CC[N+]2(CCCCC2)CC1,10,2,0,0,0,1,1.0,1.319444444,2.470342971,1.319444444,0.487683489,169.292,148.124,169.1699251,70,0.091570672,-0.32148825,0.32148825,0.091570672,0.833333333,1.416666667,2.0,15.40104183,10.06232206,2.321716528,-2.458210868,2.202146846,-2.602035852,4.627260081,-0.935671023,1.921173736,139.9175691,8.4413113,8.258388222,8.258388222,5.808060412,5.344580192,5.344580192,4.600004075,4.600004075,3.677035724,3.677035724,2.619513103,2.619513103,-0.08,782.2823154,8.51523239,3.346339286,1.642707656,75.74170658,4.483030858,0.0,0.0,0.0,0.0,0.0,4.899909731,0.0,0,0.0,0.0,26.31013685,13.08951281,26.17902562,4.483030858,0.0,4.899909731,0.0,19.26246487,46.31621042,0.0,0.0,0.0,0.0,0.0,0.0,55.69915101,0.0,0.0,19.26246487,0.0,0.0,3.24,0.0,0.0,0,0.0,0.0,0.0,63.01403416,0.0,0.0,11.94758171,0.0,1.44875,2.470342971,0.0,0.0,0.0,0.0,4.433797477,8.3975,2.249609552,1.0,12,0,2,0,2,2,0,0,0,1,0,2,0,0,2,2,2,0.9325,51.0764,0,0,0,2,0,0,0,1,0,0,0,0,0,0,0,0,0,0,0,0,0,0,0,0,1,1,0,1,0,2.0,80,1.0,0.0,360.0,29.8301,0.8970726243571429,0.26759382385714287,0.9502712132142858,0
CN1CC[N+]2(CCCCC2)CC1,10,2,0,0,0,1,1.0,1.319444444,2.470342971,1.319444444,0.487683489,169.292,148.124,169.1699251,70,0.091570672,-0.32148825,0.32148825,0.091570672,0.833333333,1.416666667,2.0,15.40104183,10.06232206,2.321716528,-2.458210868,2.202146846,-2.602035852,4.627260081,-0.935671023,1.921173736,139.9175691,8.4413113,8.258388222,8.258388222,5.808060412,5.344580192,5.344580192,4.600004075,4.600004075,3.677035724,3.677035724,2.619513103,2.619513103,-0.08,782.2823154,8.51523239,3.346339286,1.642707656,75.74170658,4.483030858,0.0,0.0,0.0,0.0,0.0,4.899909731,0.0,0,0.0,0.0,26.31013685,13.08951281,26.17902562,4.483030858,0.0,4.899909731,0.0,19.26246487,46.31621042,0.0,0.0,0.0,0.0,0.0,0.0,55.69915101,0.0,0.0,19.26246487,0.0,0.0,3.24,0.0,0.0,0,0.0,0.0,0.0,63.01403416,0.0,0.0,11.94758171,0.0,1.44875,2.470342971,0.0,0.0,0.0,0.0,4.433797477,8.3975,2.249609552,1.0,12,0,2,0,2,2,0,0,0,1,0,2,0,0,2,2,2,0.9325,51.0764,0,0,0,2,0,0,0,1,0,0,0,0,0,0,0,0,0,0,0,0,0,0,0,0,1,1,0,1,0,2.0,80,1.0,0.0,480.0,34.2794,0.8970726243571429,0.26759382385714287,0.9502712132142858,0
CN1CC[N+]2(CCCCC2)CC1,10,2,0,0,0,1,1.0,1.319444444,2.470342971,1.319444444,0.487683489,169.292,148.124,169.1699251,70,0.091570672,-0.32148825,0.32148825,0.091570672,0.833333333,1.416666667,2.0,15.40104183,10.06232206,2.321716528,-2.458210868,2.202146846,-2.602035852,4.627260081,-0.935671023,1.921173736,139.9175691,8.4413113,8.258388222,8.258388222,5.808060412,5.344580192,5.344580192,4.600004075,4.600004075,3.677035724,3.677035724,2.619513103,2.619513103,-0.08,782.2823154,8.51523239,3.346339286,1.642707656,75.74170658,4.483030858,0.0,0.0,0.0,0.0,0.0,4.899909731,0.0,0,0.0,0.0,26.31013685,13.08951281,26.17902562,4.483030858,0.0,4.899909731,0.0,19.26246487,46.31621042,0.0,0.0,0.0,0.0,0.0,0.0,55.69915101,0.0,0.0,19.26246487,0.0,0.0,3.24,0.0,0.0,0,0.0,0.0,0.0,63.01403416,0.0,0.0,11.94758171,0.0,1.44875,2.470342971,0.0,0.0,0.0,0.0,4.433797477,8.3975,2.249609552,1.0,12,0,2,0,2,2,0,0,0,1,0,2,0,0,2,2,2,0.9325,51.0764,0,0,0,2,0,0,0,1,0,0,0,0,0,0,0,0,0,0,0,0,0,0,0,0,1,1,0,1,0,2.0,80,1.0,0.0,600.0,35.8878,0.8970726243571429,0.26759382385714287,0.9502712132142858,0
CN1CC[N+]2(CCCCC2)CC1,10,2,0,0,0,1,1.0,1.319444444,2.470342971,1.319444444,0.487683489,169.292,148.124,169.1699251,70,0.091570672,-0.32148825,0.32148825,0.091570672,0.833333333,1.416666667,2.0,15.40104183,10.06232206,2.321716528,-2.458210868,2.202146846,-2.602035852,4.627260081,-0.935671023,1.921173736,139.9175691,8.4413113,8.258388222,8.258388222,5.808060412,5.344580192,5.344580192,4.600004075,4.600004075,3.677035724,3.677035724,2.619513103,2.619513103,-0.08,782.2823154,8.51523239,3.346339286,1.642707656,75.74170658,4.483030858,0.0,0.0,0.0,0.0,0.0,4.899909731,0.0,0,0.0,0.0,26.31013685,13.08951281,26.17902562,4.483030858,0.0,4.899909731,0.0,19.26246487,46.31621042,0.0,0.0,0.0,0.0,0.0,0.0,55.69915101,0.0,0.0,19.26246487,0.0,0.0,3.24,0.0,0.0,0,0.0,0.0,0.0,63.01403416,0.0,0.0,11.94758171,0.0,1.44875,2.470342971,0.0,0.0,0.0,0.0,4.433797477,8.3975,2.249609552,1.0,12,0,2,0,2,2,0,0,0,1,0,2,0,0,2,2,2,0.9325,51.0764,0,0,0,2,0,0,0,1,0,0,0,0,0,0,0,0,0,0,0,0,0,0,0,0,1,1,0,1,0,2.0,80,1.0,0.0,720.0,37.499,0.8970726243571429,0.26759382385714287,0.9502712132142858,0
CCC[N+]1(C)CCCCC1,9,1,0,0,0,1,1.0,1.34375,2.405416667,1.34375,0.517460485,142.266,122.106,142.1590261,60,0.078409972,-0.326052582,0.326052582,0.078409972,1.1,1.7,2.2,15.32606015,10.09271433,2.221086154,-2.370508108,2.154576624,-2.476533036,4.501831556,-0.913583053,2.323307216,87.3916136,7.449747468,7.396961064,7.396961064,4.767766953,4.603003675,4.603003675,3.850984256,3.850984256,2.659338255,2.659338255,2.039069615,2.039069615,-0.04,188.8023459,8.060401606,3.380057918,1.978612327,64.62276195,4.483030858,0.0,0.0,0.0,0.0,0.0,0.0,0.0,0,0.0,6.9237372,25.68328649,0.0,26.6819412,4.483030858,0.0,0.0,0.0,32.60702369,26.6819412,0.0,0.0,0.0,0.0,0.0,0.0,31.16497206,0.0,0.0,32.60702369,0.0,0.0,0.0,0.0,0.0,0,0.0,0.0,0.0,49.80058657,0.0,0.0,13.97140918,0.0,1.34375,0.0,0.0,0.0,0.0,0.0,5.723268141,6.527565193,2.405416667,1.0,10,0,1,0,1,1,0,0,0,0,0,1,2,0,1,1,1,2.0269,44.9274,0,0,0,1,0,0,0,0,1,0,0,0,0,0,0,0,0,0,0,0,0,0,0,0,1,0,0,1,0,2.0,80,1.0,0.0,0.0,0.0,0.9351293519999999,0.36366487242857143,0.9422998791428572,0
CCC[N+]1(C)CCCCC1,9,1,0,0,0,1,1.0,1.34375,2.405416667,1.34375,0.517460485,142.266,122.106,142.1590261,60,0.078409972,-0.326052582,0.326052582,0.078409972,1.1,1.7,2.2,15.32606015,10.09271433,2.221086154,-2.370508108,2.154576624,-2.476533036,4.501831556,-0.913583053,2.323307216,87.3916136,7.449747468,7.396961064,7.396961064,4.767766953,4.603003675,4.603003675,3.850984256,3.850984256,2.659338255,2.659338255,2.039069615,2.039069615,-0.04,188.8023459,8.060401606,3.380057918,1.978612327,64.62276195,4.483030858,0.0,0.0,0.0,0.0,0.0,0.0,0.0,0,0.0,6.9237372,25.68328649,0.0,26.6819412,4.483030858,0.0,0.0,0.0,32.60702369,26.6819412,0.0,0.0,0.0,0.0,0.0,0.0,31.16497206,0.0,0.0,32.60702369,0.0,0.0,0.0,0.0,0.0,0,0.0,0.0,0.0,49.80058657,0.0,0.0,13.97140918,0.0,1.34375,0.0,0.0,0.0,0.0,0.0,5.723268141,6.527565193,2.405416667,1.0,10,0,1,0,1,1,0,0,0,0,0,1,2,0,1,1,1,2.0269,44.9274,0,0,0,1,0,0,0,0,1,0,0,0,0,0,0,0,0,0,0,0,0,0,0,0,1,0,0,1,0,2.0,80,1.0,0.0,120.0,6.7302,0.9351293519999999,0.36366487242857143,0.9422998791428572,0
CCC[N+]1(C)CCCCC1,9,1,0,0,0,1,1.0,1.34375,2.405416667,1.34375,0.517460485,142.266,122.106,142.1590261,60,0.078409972,-0.326052582,0.326052582,0.078409972,1.1,1.7,2.2,15.32606015,10.09271433,2.221086154,-2.370508108,2.154576624,-2.476533036,4.501831556,-0.913583053,2.323307216,87.3916136,7.449747468,7.396961064,7.396961064,4.767766953,4.603003675,4.603003675,3.850984256,3.850984256,2.659338255,2.659338255,2.039069615,2.039069615,-0.04,188.8023459,8.060401606,3.380057918,1.978612327,64.62276195,4.483030858,0.0,0.0,0.0,0.0,0.0,0.0,0.0,0,0.0,6.9237372,25.68328649,0.0,26.6819412,4.483030858,0.0,0.0,0.0,32.60702369,26.6819412,0.0,0.0,0.0,0.0,0.0,0.0,31.16497206,0.0,0.0,32.60702369,0.0,0.0,0.0,0.0,0.0,0,0.0,0.0,0.0,49.80058657,0.0,0.0,13.97140918,0.0,1.34375,0.0,0.0,0.0,0.0,0.0,5.723268141,6.527565193,2.405416667,1.0,10,0,1,0,1,1,0,0,0,0,0,1,2,0,1,1,1,2.0269,44.9274,0,0,0,1,0,0,0,0,1,0,0,0,0,0,0,0,0,0,0,0,0,0,0,0,1,0,0,1,0,2.0,80,1.0,0.0,240.0,11.1767,0.9351293519999999,0.36366487242857143,0.9422998791428572,0
CCC[N+]1(C)CCCCC1,9,1,0,0,0,1,1.0,1.34375,2.405416667,1.34375,0.517460485,142.266,122.106,142.1590261,60,0.078409972,-0.326052582,0.326052582,0.078409972,1.1,1.7,2.2,15.32606015,10.09271433,2.221086154,-2.370508108,2.154576624,-2.476533036,4.501831556,-0.913583053,2.323307216,87.3916136,7.449747468,7.396961064,7.396961064,4.767766953,4.603003675,4.603003675,3.850984256,3.850984256,2.659338255,2.659338255,2.039069615,2.039069615,-0.04,188.8023459,8.060401606,3.380057918,1.978612327,64.62276195,4.483030858,0.0,0.0,0.0,0.0,0.0,0.0,0.0,0,0.0,6.9237372,25.68328649,0.0,26.6819412,4.483030858,0.0,0.0,0.0,32.60702369,26.6819412,0.0,0.0,0.0,0.0,0.0,0.0,31.16497206,0.0,0.0,32.60702369,0.0,0.0,0.0,0.0,0.0,0,0.0,0.0,0.0,49.80058657,0.0,0.0,13.97140918,0.0,1.34375,0.0,0.0,0.0,0.0,0.0,5.723268141,6.527565193,2.405416667,1.0,10,0,1,0,1,1,0,0,0,0,0,1,2,0,1,1,1,2.0269,44.9274,0,0,0,1,0,0,0,0,1,0,0,0,0,0,0,0,0,0,0,0,0,0,0,0,1,0,0,1,0,2.0,80,1.0,0.0,360.0,14.4951,0.9351293519999999,0.36366487242857143,0.9422998791428572,0
CCC[N+]1(C)CCCCC1,9,1,0,0,0,1,1.0,1.34375,2.405416667,1.34375,0.517460485,142.266,122.106,142.1590261,60,0.078409972,-0.326052582,0.326052582,0.078409972,1.1,1.7,2.2,15.32606015,10.09271433,2.221086154,-2.370508108,2.154576624,-2.476533036,4.501831556,-0.913583053,2.323307216,87.3916136,7.449747468,7.396961064,7.396961064,4.767766953,4.603003675,4.603003675,3.850984256,3.850984256,2.659338255,2.659338255,2.039069615,2.039069615,-0.04,188.8023459,8.060401606,3.380057918,1.978612327,64.62276195,4.483030858,0.0,0.0,0.0,0.0,0.0,0.0,0.0,0,0.0,6.9237372,25.68328649,0.0,26.6819412,4.483030858,0.0,0.0,0.0,32.60702369,26.6819412,0.0,0.0,0.0,0.0,0.0,0.0,31.16497206,0.0,0.0,32.60702369,0.0,0.0,0.0,0.0,0.0,0,0.0,0.0,0.0,49.80058657,0.0,0.0,13.97140918,0.0,1.34375,0.0,0.0,0.0,0.0,0.0,5.723268141,6.527565193,2.405416667,1.0,10,0,1,0,1,1,0,0,0,0,0,1,2,0,1,1,1,2.0269,44.9274,0,0,0,1,0,0,0,0,1,0,0,0,0,0,0,0,0,0,0,0,0,0,0,0,1,0,0,1,0,2.0,80,1.0,0.0,480.0,18.3735,0.9351293519999999,0.36366487242857143,0.9422998791428572,0
CCC[N+]1(C)CCCCC1,9,1,0,0,0,1,1.0,1.34375,2.405416667,1.34375,0.517460485,142.266,122.106,142.1590261,60,0.078409972,-0.326052582,0.326052582,0.078409972,1.1,1.7,2.2,15.32606015,10.09271433,2.221086154,-2.370508108,2.154576624,-2.476533036,4.501831556,-0.913583053,2.323307216,87.3916136,7.449747468,7.396961064,7.396961064,4.767766953,4.603003675,4.603003675,3.850984256,3.850984256,2.659338255,2.659338255,2.039069615,2.039069615,-0.04,188.8023459,8.060401606,3.380057918,1.978612327,64.62276195,4.483030858,0.0,0.0,0.0,0.0,0.0,0.0,0.0,0,0.0,6.9237372,25.68328649,0.0,26.6819412,4.483030858,0.0,0.0,0.0,32.60702369,26.6819412,0.0,0.0,0.0,0.0,0.0,0.0,31.16497206,0.0,0.0,32.60702369,0.0,0.0,0.0,0.0,0.0,0,0.0,0.0,0.0,49.80058657,0.0,0.0,13.97140918,0.0,1.34375,0.0,0.0,0.0,0.0,0.0,5.723268141,6.527565193,2.405416667,1.0,10,0,1,0,1,1,0,0,0,0,0,1,2,0,1,1,1,2.0269,44.9274,0,0,0,1,0,0,0,0,1,0,0,0,0,0,0,0,0,0,0,0,0,0,0,0,1,0,0,1,0,2.0,80,1.0,0.0,600.0,22.8282,0.9351293519999999,0.36366487242857143,0.9422998791428572,0
CCC[N+]1(C)CCCCC1,9,1,0,0,0,1,1.0,1.34375,2.405416667,1.34375,0.517460485,142.266,122.106,142.1590261,60,0.078409972,-0.326052582,0.326052582,0.078409972,1.1,1.7,2.2,15.32606015,10.09271433,2.221086154,-2.370508108,2.154576624,-2.476533036,4.501831556,-0.913583053,2.323307216,87.3916136,7.449747468,7.396961064,7.396961064,4.767766953,4.603003675,4.603003675,3.850984256,3.850984256,2.659338255,2.659338255,2.039069615,2.039069615,-0.04,188.8023459,8.060401606,3.380057918,1.978612327,64.62276195,4.483030858,0.0,0.0,0.0,0.0,0.0,0.0,0.0,0,0.0,6.9237372,25.68328649,0.0,26.6819412,4.483030858,0.0,0.0,0.0,32.60702369,26.6819412,0.0,0.0,0.0,0.0,0.0,0.0,31.16497206,0.0,0.0,32.60702369,0.0,0.0,0.0,0.0,0.0,0,0.0,0.0,0.0,49.80058657,0.0,0.0,13.97140918,0.0,1.34375,0.0,0.0,0.0,0.0,0.0,5.723268141,6.527565193,2.405416667,1.0,10,0,1,0,1,1,0,0,0,0,0,1,2,0,1,1,1,2.0269,44.9274,0,0,0,1,0,0,0,0,1,0,0,0,0,0,0,0,0,0,0,0,0,0,0,0,1,0,0,1,0,2.0,80,1.0,0.0,720.0,28.4138,0.9351293519999999,0.36366487242857143,0.9422998791428572,0
C1=CC=C(N2CC[N+]3(CCCCC3)CC2)C=C1,15,2,0,0,0,1,0.6,1.240092593,2.553676304,1.240092593,0.671308297,231.363,208.179,231.1855752,92,0.096476902,-0.360231821,0.360231821,0.096476902,0.764705882,1.411764706,2.058823529,15.40611756,10.05556952,2.334399874,-2.47083131,2.237650884,-2.610759642,5.455805311,-0.932405155,1.6384488,344.4443861,11.55419547,10.64513957,10.64513957,8.380540058,7.031656996,7.031656996,5.619325467,5.619325467,4.574770898,4.574770898,3.416524608,3.416524608,-1.02,14533.42115,11.09228519,4.691819416,2.320384179,104.4338587,9.382940589,0.0,0.0,0.0,0.0,0.0,0.0,0.0,0,0.0,18.19910121,31.39519901,5.687386275,39.26853844,4.483030858,5.687386275,0.0,0.0,19.26246487,44.16844817,30.33183534,0.0,4.899909731,5.687386275,0.0,0.0,43.75156929,0.0,0.0,19.26246487,30.33183534,0.0,3.24,0.0,0.0,0,0.0,0.0,0.0,68.70142044,0.0,0.0,35.23174507,0.0,1.406084892,2.553676304,0.0,1.404962443,0.0,10.88314529,4.360191984,8.058605757,0.0,0.6,17,0,2,0,2,2,1,0,1,1,0,2,1,0,2,2,3,2.5073,72.2344,0,0,0,2,0,0,0,0,0,0,1,0,1,0,0,0,0,0,0,0,0,0,0,1,1,1,0,1,0,2.0,80,1.0,0.0,0.0,0.0,0.7417935850714287,0.12632080271428572,0.9579490665,0
C1=CC=C(N2CC[N+]3(CCCCC3)CC2)C=C1,15,2,0,0,0,1,0.6,1.240092593,2.553676304,1.240092593,0.671308297,231.363,208.179,231.1855752,92,0.096476902,-0.360231821,0.360231821,0.096476902,0.764705882,1.411764706,2.058823529,15.40611756,10.05556952,2.334399874,-2.47083131,2.237650884,-2.610759642,5.455805311,-0.932405155,1.6384488,344.4443861,11.55419547,10.64513957,10.64513957,8.380540058,7.031656996,7.031656996,5.619325467,5.619325467,4.574770898,4.574770898,3.416524608,3.416524608,-1.02,14533.42115,11.09228519,4.691819416,2.320384179,104.4338587,9.382940589,0.0,0.0,0.0,0.0,0.0,0.0,0.0,0,0.0,18.19910121,31.39519901,5.687386275,39.26853844,4.483030858,5.687386275,0.0,0.0,19.26246487,44.16844817,30.33183534,0.0,4.899909731,5.687386275,0.0,0.0,43.75156929,0.0,0.0,19.26246487,30.33183534,0.0,3.24,0.0,0.0,0,0.0,0.0,0.0,68.70142044,0.0,0.0,35.23174507,0.0,1.406084892,2.553676304,0.0,1.404962443,0.0,10.88314529,4.360191984,8.058605757,0.0,0.6,17,0,2,0,2,2,1,0,1,1,0,2,1,0,2,2,3,2.5073,72.2344,0,0,0,2,0,0,0,0,0,0,1,0,1,0,0,0,0,0,0,0,0,0,0,1,1,1,0,1,0,2.0,80,1.0,0.0,120.0,51.6016,0.7417935850714287,0.12632080271428572,0.9579490665,0
C1=CC=C(N2CC[N+]3(CCCCC3)CC2)C=C1,15,2,0,0,0,1,0.6,1.240092593,2.553676304,1.240092593,0.671308297,231.363,208.179,231.1855752,92,0.096476902,-0.360231821,0.360231821,0.096476902,0.764705882,1.411764706,2.058823529,15.40611756,10.05556952,2.334399874,-2.47083131,2.237650884,-2.610759642,5.455805311,-0.932405155,1.6384488,344.4443861,11.55419547,10.64513957,10.64513957,8.380540058,7.031656996,7.031656996,5.619325467,5.619325467,4.574770898,4.574770898,3.416524608,3.416524608,-1.02,14533.42115,11.09228519,4.691819416,2.320384179,104.4338587,9.382940589,0.0,0.0,0.0,0.0,0.0,0.0,0.0,0,0.0,18.19910121,31.39519901,5.687386275,39.26853844,4.483030858,5.687386275,0.0,0.0,19.26246487,44.16844817,30.33183534,0.0,4.899909731,5.687386275,0.0,0.0,43.75156929,0.0,0.0,19.26246487,30.33183534,0.0,3.24,0.0,0.0,0,0.0,0.0,0.0,68.70142044,0.0,0.0,35.23174507,0.0,1.406084892,2.553676304,0.0,1.404962443,0.0,10.88314529,4.360191984,8.058605757,0.0,0.6,17,0,2,0,2,2,1,0,1,1,0,2,1,0,2,2,3,2.5073,72.2344,0,0,0,2,0,0,0,0,0,0,1,0,1,0,0,0,0,0,0,0,0,0,0,1,1,1,0,1,0,2.0,80,1.0,0.0,240.0,69.1269,0.7417935850714287,0.12632080271428572,0.9579490665,0
C1=CC=C(N2CC[N+]3(CCCCC3)CC2)C=C1,15,2,0,0,0,1,0.6,1.240092593,2.553676304,1.240092593,0.671308297,231.363,208.179,231.1855752,92,0.096476902,-0.360231821,0.360231821,0.096476902,0.764705882,1.411764706,2.058823529,15.40611756,10.05556952,2.334399874,-2.47083131,2.237650884,-2.610759642,5.455805311,-0.932405155,1.6384488,344.4443861,11.55419547,10.64513957,10.64513957,8.380540058,7.031656996,7.031656996,5.619325467,5.619325467,4.574770898,4.574770898,3.416524608,3.416524608,-1.02,14533.42115,11.09228519,4.691819416,2.320384179,104.4338587,9.382940589,0.0,0.0,0.0,0.0,0.0,0.0,0.0,0,0.0,18.19910121,31.39519901,5.687386275,39.26853844,4.483030858,5.687386275,0.0,0.0,19.26246487,44.16844817,30.33183534,0.0,4.899909731,5.687386275,0.0,0.0,43.75156929,0.0,0.0,19.26246487,30.33183534,0.0,3.24,0.0,0.0,0,0.0,0.0,0.0,68.70142044,0.0,0.0,35.23174507,0.0,1.406084892,2.553676304,0.0,1.404962443,0.0,10.88314529,4.360191984,8.058605757,0.0,0.6,17,0,2,0,2,2,1,0,1,1,0,2,1,0,2,2,3,2.5073,72.2344,0,0,0,2,0,0,0,0,0,0,1,0,1,0,0,0,0,0,0,0,0,0,0,1,1,1,0,1,0,2.0,80,1.0,0.0,360.0,72.4398,0.7417935850714287,0.12632080271428572,0.9579490665,0
C1=CC=C(N2CC[N+]3(CCCCC3)CC2)C=C1,15,2,0,0,0,1,0.6,1.240092593,2.553676304,1.240092593,0.671308297,231.363,208.179,231.1855752,92,0.096476902,-0.360231821,0.360231821,0.096476902,0.764705882,1.411764706,2.058823529,15.40611756,10.05556952,2.334399874,-2.47083131,2.237650884,-2.610759642,5.455805311,-0.932405155,1.6384488,344.4443861,11.55419547,10.64513957,10.64513957,8.380540058,7.031656996,7.031656996,5.619325467,5.619325467,4.574770898,4.574770898,3.416524608,3.416524608,-1.02,14533.42115,11.09228519,4.691819416,2.320384179,104.4338587,9.382940589,0.0,0.0,0.0,0.0,0.0,0.0,0.0,0,0.0,18.19910121,31.39519901,5.687386275,39.26853844,4.483030858,5.687386275,0.0,0.0,19.26246487,44.16844817,30.33183534,0.0,4.899909731,5.687386275,0.0,0.0,43.75156929,0.0,0.0,19.26246487,30.33183534,0.0,3.24,0.0,0.0,0,0.0,0.0,0.0,68.70142044,0.0,0.0,35.23174507,0.0,1.406084892,2.553676304,0.0,1.404962443,0.0,10.88314529,4.360191984,8.058605757,0.0,0.6,17,0,2,0,2,2,1,0,1,1,0,2,1,0,2,2,3,2.5073,72.2344,0,0,0,2,0,0,0,0,0,0,1,0,1,0,0,0,0,0,0,0,0,0,0,1,1,1,0,1,0,2.0,80,1.0,0.0,480.0,78.0282,0.7417935850714287,0.12632080271428572,0.9579490665,0
C1=CC=C(N2CC[N+]3(CCCCC3)CC2)C=C1,15,2,0,0,0,1,0.6,1.240092593,2.553676304,1.240092593,0.671308297,231.363,208.179,231.1855752,92,0.096476902,-0.360231821,0.360231821,0.096476902,0.764705882,1.411764706,2.058823529,15.40611756,10.05556952,2.334399874,-2.47083131,2.237650884,-2.610759642,5.455805311,-0.932405155,1.6384488,344.4443861,11.55419547,10.64513957,10.64513957,8.380540058,7.031656996,7.031656996,5.619325467,5.619325467,4.574770898,4.574770898,3.416524608,3.416524608,-1.02,14533.42115,11.09228519,4.691819416,2.320384179,104.4338587,9.382940589,0.0,0.0,0.0,0.0,0.0,0.0,0.0,0,0.0,18.19910121,31.39519901,5.687386275,39.26853844,4.483030858,5.687386275,0.0,0.0,19.26246487,44.16844817,30.33183534,0.0,4.899909731,5.687386275,0.0,0.0,43.75156929,0.0,0.0,19.26246487,30.33183534,0.0,3.24,0.0,0.0,0,0.0,0.0,0.0,68.70142044,0.0,0.0,35.23174507,0.0,1.406084892,2.553676304,0.0,1.404962443,0.0,10.88314529,4.360191984,8.058605757,0.0,0.6,17,0,2,0,2,2,1,0,1,1,0,2,1,0,2,2,3,2.5073,72.2344,0,0,0,2,0,0,0,0,0,0,1,0,1,0,0,0,0,0,0,0,0,0,0,1,1,1,0,1,0,2.0,80,1.0,0.0,600.0,83.6138,0.7417935850714287,0.12632080271428572,0.9579490665,0
C1=CC=C(N2CC[N+]3(CCCCC3)CC2)C=C1,15,2,0,0,0,1,0.6,1.240092593,2.553676304,1.240092593,0.671308297,231.363,208.179,231.1855752,92,0.096476902,-0.360231821,0.360231821,0.096476902,0.764705882,1.411764706,2.058823529,15.40611756,10.05556952,2.334399874,-2.47083131,2.237650884,-2.610759642,5.455805311,-0.932405155,1.6384488,344.4443861,11.55419547,10.64513957,10.64513957,8.380540058,7.031656996,7.031656996,5.619325467,5.619325467,4.574770898,4.574770898,3.416524608,3.416524608,-1.02,14533.42115,11.09228519,4.691819416,2.320384179,104.4338587,9.382940589,0.0,0.0,0.0,0.0,0.0,0.0,0.0,0,0.0,18.19910121,31.39519901,5.687386275,39.26853844,4.483030858,5.687386275,0.0,0.0,19.26246487,44.16844817,30.33183534,0.0,4.899909731,5.687386275,0.0,0.0,43.75156929,0.0,0.0,19.26246487,30.33183534,0.0,3.24,0.0,0.0,0,0.0,0.0,0.0,68.70142044,0.0,0.0,35.23174507,0.0,1.406084892,2.553676304,0.0,1.404962443,0.0,10.88314529,4.360191984,8.058605757,0.0,0.6,17,0,2,0,2,2,1,0,1,1,0,2,1,0,2,2,3,2.5073,72.2344,0,0,0,2,0,0,0,0,0,0,1,0,1,0,0,0,0,0,0,0,0,0,0,1,1,1,0,1,0,2.0,80,1.0,0.0,720.0,86.9294,0.7417935850714287,0.12632080271428572,0.9579490665,0
CCCCN1C(C2=CC=CC=C2)=C(C2=CC=CC=C2)[N+](CCCC)=C1C1=C(C)C=CC=C1C,31,2,0,0,0,1,0.322580645,1.016660525,2.617222222,1.016660525,0.234590608,437.651,400.355,437.2951256,170,0.289918831,-0.222325781,0.289918831,0.222325781,0.666666667,1.242424242,1.818181818,15.18400952,10.01583272,2.33777768,-2.113078455,2.370237176,-2.375282935,5.79580841,-0.674898086,2.154104773,1097.582779,23.20853153,20.64262138,20.64262138,16.16823376,12.50648043,12.50648043,9.030062734,9.030062734,6.545208927,6.545208927,4.89528542,4.89528542,-3.13,42296183.48,23.04248865,10.65769386,4.661433257,199.1008583,0.0,0.0,11.38785599,0.0,5.824404498,0.0,0.0,9.134199296,0,0.0,105.5518895,37.81602063,11.12690298,18.6529643,4.567099648,0.0,4.567099648,0.0,66.4677481,0.0,89.98967487,33.90261496,4.567099648,0.0,0.0,0.0,4.567099648,13.08951281,13.8474744,50.65766387,78.86277189,33.90261496,8.81,0.0,0.0,0,0.0,0.0,25.93115606,57.87116119,0.0,0.0,115.69192,0.0,5.234444444,0.0,0.0,9.311948959,1.352042706,28.64295546,4.671991686,11.11995008,0.0,0.322580645,33,0,2,0,0,0,3,1,4,1,0,2,9,0,0,0,4,7.99364,140.225,0,0,2,2,0,0,0,0,0,0,0,2,3,0,0,0,0,1,0,0,0,0,0,0,0,0,0,0,0,2.0,80,1.0,0.0,0.0,0.0,1.286971731,0.5264047875333333,0.6764443264666667,0
CCCCN1C(C2=CC=CC=C2)=C(C2=CC=CC=C2)[N+](CCCC)=C1C1=C(C)C=CC=C1C,31,2,0,0,0,1,0.322580645,1.016660525,2.617222222,1.016660525,0.234590608,437.651,400.355,437.2951256,170,0.289918831,-0.222325781,0.289918831,0.222325781,0.666666667,1.242424242,1.818181818,15.18400952,10.01583272,2.33777768,-2.113078455,2.370237176,-2.375282935,5.79580841,-0.674898086,2.154104773,1097.582779,23.20853153,20.64262138,20.64262138,16.16823376,12.50648043,12.50648043,9.030062734,9.030062734,6.545208927,6.545208927,4.89528542,4.89528542,-3.13,42296183.48,23.04248865,10.65769386,4.661433257,199.1008583,0.0,0.0,11.38785599,0.0,5.824404498,0.0,0.0,9.134199296,0,0.0,105.5518895,37.81602063,11.12690298,18.6529643,4.567099648,0.0,4.567099648,0.0,66.4677481,0.0,89.98967487,33.90261496,4.567099648,0.0,0.0,0.0,4.567099648,13.08951281,13.8474744,50.65766387,78.86277189,33.90261496,8.81,0.0,0.0,0,0.0,0.0,25.93115606,57.87116119,0.0,0.0,115.69192,0.0,5.234444444,0.0,0.0,9.311948959,1.352042706,28.64295546,4.671991686,11.11995008,0.0,0.322580645,33,0,2,0,0,0,3,1,4,1,0,2,9,0,0,0,4,7.99364,140.225,0,0,2,2,0,0,0,0,0,0,0,2,3,0,0,0,0,1,0,0,0,0,0,0,0,0,0,0,0,2.0,80,1.0,0.0,120.0,0.0,1.286971731,0.5264047875333333,0.6764443264666667,0
CCCCN1C(C2=CC=CC=C2)=C(C2=CC=CC=C2)[N+](CCCC)=C1C1=C(C)C=CC=C1C,31,2,0,0,0,1,0.322580645,1.016660525,2.617222222,1.016660525,0.234590608,437.651,400.355,437.2951256,170,0.289918831,-0.222325781,0.289918831,0.222325781,0.666666667,1.242424242,1.818181818,15.18400952,10.01583272,2.33777768,-2.113078455,2.370237176,-2.375282935,5.79580841,-0.674898086,2.154104773,1097.582779,23.20853153,20.64262138,20.64262138,16.16823376,12.50648043,12.50648043,9.030062734,9.030062734,6.545208927,6.545208927,4.89528542,4.89528542,-3.13,42296183.48,23.04248865,10.65769386,4.661433257,199.1008583,0.0,0.0,11.38785599,0.0,5.824404498,0.0,0.0,9.134199296,0,0.0,105.5518895,37.81602063,11.12690298,18.6529643,4.567099648,0.0,4.567099648,0.0,66.4677481,0.0,89.98967487,33.90261496,4.567099648,0.0,0.0,0.0,4.567099648,13.08951281,13.8474744,50.65766387,78.86277189,33.90261496,8.81,0.0,0.0,0,0.0,0.0,25.93115606,57.87116119,0.0,0.0,115.69192,0.0,5.234444444,0.0,0.0,9.311948959,1.352042706,28.64295546,4.671991686,11.11995008,0.0,0.322580645,33,0,2,0,0,0,3,1,4,1,0,2,9,0,0,0,4,7.99364,140.225,0,0,2,2,0,0,0,0,0,0,0,2,3,0,0,0,0,1,0,0,0,0,0,0,0,0,0,0,0,2.0,80,1.0,0.0,240.0,0.0,1.286971731,0.5264047875333333,0.6764443264666667,0
CCCCN1C(C2=CC=CC=C2)=C(C2=CC=CC=C2)[N+](CCCC)=C1C1=C(C)C=CC=C1C,31,2,0,0,0,1,0.322580645,1.016660525,2.617222222,1.016660525,0.234590608,437.651,400.355,437.2951256,170,0.289918831,-0.222325781,0.289918831,0.222325781,0.666666667,1.242424242,1.818181818,15.18400952,10.01583272,2.33777768,-2.113078455,2.370237176,-2.375282935,5.79580841,-0.674898086,2.154104773,1097.582779,23.20853153,20.64262138,20.64262138,16.16823376,12.50648043,12.50648043,9.030062734,9.030062734,6.545208927,6.545208927,4.89528542,4.89528542,-3.13,42296183.48,23.04248865,10.65769386,4.661433257,199.1008583,0.0,0.0,11.38785599,0.0,5.824404498,0.0,0.0,9.134199296,0,0.0,105.5518895,37.81602063,11.12690298,18.6529643,4.567099648,0.0,4.567099648,0.0,66.4677481,0.0,89.98967487,33.90261496,4.567099648,0.0,0.0,0.0,4.567099648,13.08951281,13.8474744,50.65766387,78.86277189,33.90261496,8.81,0.0,0.0,0,0.0,0.0,25.93115606,57.87116119,0.0,0.0,115.69192,0.0,5.234444444,0.0,0.0,9.311948959,1.352042706,28.64295546,4.671991686,11.11995008,0.0,0.322580645,33,0,2,0,0,0,3,1,4,1,0,2,9,0,0,0,4,7.99364,140.225,0,0,2,2,0,0,0,0,0,0,0,2,3,0,0,0,0,1,0,0,0,0,0,0,0,0,0,0,0,2.0,80,1.0,0.0,360.0,0.0,1.286971731,0.5264047875333333,0.6764443264666667,0
CCCCN1C(C2=CC=CC=C2)=C(C2=CC=CC=C2)[N+](CCCC)=C1C1=C(C)C=CC=C1C,31,2,0,0,0,1,0.322580645,1.016660525,2.617222222,1.016660525,0.234590608,437.651,400.355,437.2951256,170,0.289918831,-0.222325781,0.289918831,0.222325781,0.666666667,1.242424242,1.818181818,15.18400952,10.01583272,2.33777768,-2.113078455,2.370237176,-2.375282935,5.79580841,-0.674898086,2.154104773,1097.582779,23.20853153,20.64262138,20.64262138,16.16823376,12.50648043,12.50648043,9.030062734,9.030062734,6.545208927,6.545208927,4.89528542,4.89528542,-3.13,42296183.48,23.04248865,10.65769386,4.661433257,199.1008583,0.0,0.0,11.38785599,0.0,5.824404498,0.0,0.0,9.134199296,0,0.0,105.5518895,37.81602063,11.12690298,18.6529643,4.567099648,0.0,4.567099648,0.0,66.4677481,0.0,89.98967487,33.90261496,4.567099648,0.0,0.0,0.0,4.567099648,13.08951281,13.8474744,50.65766387,78.86277189,33.90261496,8.81,0.0,0.0,0,0.0,0.0,25.93115606,57.87116119,0.0,0.0,115.69192,0.0,5.234444444,0.0,0.0,9.311948959,1.352042706,28.64295546,4.671991686,11.11995008,0.0,0.322580645,33,0,2,0,0,0,3,1,4,1,0,2,9,0,0,0,4,7.99364,140.225,0,0,2,2,0,0,0,0,0,0,0,2,3,0,0,0,0,1,0,0,0,0,0,0,0,0,0,0,0,2.0,80,1.0,0.0,480.0,0.0,1.286971731,0.5264047875333333,0.6764443264666667,0
CCCCN1C(C2=CC=CC=C2)=C(C2=CC=CC=C2)[N+](CCCC)=C1C1=C(C)C=CC=C1C,31,2,0,0,0,1,0.322580645,1.016660525,2.617222222,1.016660525,0.234590608,437.651,400.355,437.2951256,170,0.289918831,-0.222325781,0.289918831,0.222325781,0.666666667,1.242424242,1.818181818,15.18400952,10.01583272,2.33777768,-2.113078455,2.370237176,-2.375282935,5.79580841,-0.674898086,2.154104773,1097.582779,23.20853153,20.64262138,20.64262138,16.16823376,12.50648043,12.50648043,9.030062734,9.030062734,6.545208927,6.545208927,4.89528542,4.89528542,-3.13,42296183.48,23.04248865,10.65769386,4.661433257,199.1008583,0.0,0.0,11.38785599,0.0,5.824404498,0.0,0.0,9.134199296,0,0.0,105.5518895,37.81602063,11.12690298,18.6529643,4.567099648,0.0,4.567099648,0.0,66.4677481,0.0,89.98967487,33.90261496,4.567099648,0.0,0.0,0.0,4.567099648,13.08951281,13.8474744,50.65766387,78.86277189,33.90261496,8.81,0.0,0.0,0,0.0,0.0,25.93115606,57.87116119,0.0,0.0,115.69192,0.0,5.234444444,0.0,0.0,9.311948959,1.352042706,28.64295546,4.671991686,11.11995008,0.0,0.322580645,33,0,2,0,0,0,3,1,4,1,0,2,9,0,0,0,4,7.99364,140.225,0,0,2,2,0,0,0,0,0,0,0,2,3,0,0,0,0,1,0,0,0,0,0,0,0,0,0,0,0,2.0,80,1.0,0.0,600.0,0.0,1.286971731,0.5264047875333333,0.6764443264666667,0
CCCCN1C(C2=CC=CC=C2)=C(C2=CC=CC=C2)[N+](CCCC)=C1C1=C(C)C=CC=C1C,31,2,0,0,0,1,0.322580645,1.016660525,2.617222222,1.016660525,0.234590608,437.651,400.355,437.2951256,170,0.289918831,-0.222325781,0.289918831,0.222325781,0.666666667,1.242424242,1.818181818,15.18400952,10.01583272,2.33777768,-2.113078455,2.370237176,-2.375282935,5.79580841,-0.674898086,2.154104773,1097.582779,23.20853153,20.64262138,20.64262138,16.16823376,12.50648043,12.50648043,9.030062734,9.030062734,6.545208927,6.545208927,4.89528542,4.89528542,-3.13,42296183.48,23.04248865,10.65769386,4.661433257,199.1008583,0.0,0.0,11.38785599,0.0,5.824404498,0.0,0.0,9.134199296,0,0.0,105.5518895,37.81602063,11.12690298,18.6529643,4.567099648,0.0,4.567099648,0.0,66.4677481,0.0,89.98967487,33.90261496,4.567099648,0.0,0.0,0.0,4.567099648,13.08951281,13.8474744,50.65766387,78.86277189,33.90261496,8.81,0.0,0.0,0,0.0,0.0,25.93115606,57.87116119,0.0,0.0,115.69192,0.0,5.234444444,0.0,0.0,9.311948959,1.352042706,28.64295546,4.671991686,11.11995008,0.0,0.322580645,33,0,2,0,0,0,3,1,4,1,0,2,9,0,0,0,4,7.99364,140.225,0,0,2,2,0,0,0,0,0,0,0,2,3,0,0,0,0,1,0,0,0,0,0,0,0,0,0,0,0,2.0,80,1.0,0.0,720.0,0.0,1.286971731,0.5264047875333333,0.6764443264666667,0
CC1=CC=CC(C)=C1C1=[N+](C)C(C2=CC=CC=C2)=C(C2=CC=CC=C2)N1CC1=CC=CC=C1,31,2,0,0,0,1,0.129032258,0.800445248,2.502314815,0.800445248,0.266565493,429.587,400.355,429.2325253,162,0.289979991,-0.225071168,0.289979991,0.225071168,0.606060606,1.121212121,1.696969697,15.17157703,10.01658948,2.326608592,-2.104073841,2.36640582,-2.323743743,5.796947376,-0.64817286,1.903112501,1361.58744,22.7858818,19.49383882,19.49383882,16.14786705,11.48748969,11.48748969,8.65044063,8.65044063,6.385702209,6.385702209,4.884286493,4.884286493,-3.91,55845517.3,20.96301115,8.91374478,3.892133942,195.9682998,0.0,6.544756406,11.38785599,0.0,5.824404498,0.0,0.0,9.134199296,0,0.0,109.1946072,30.53782887,11.12690298,12.61112347,4.567099648,0.0,4.567099648,7.047671983,20.39223081,0.0,125.8849617,33.90261496,4.567099648,0.0,0.0,0.0,4.567099648,13.59242839,13.8474744,16.69035448,109.1946072,33.90261496,8.81,0.0,0.0,0,0.0,0.0,6.544756406,50.59296944,0.0,0.0,139.2239529,0.0,4.887175926,0.0,0.0,10.08394185,1.228851096,38.86404733,0.0,5.230150463,2.205833333,0.129032258,33,0,2,0,0,0,4,1,5,1,0,2,5,0,0,0,5,6.97874,136.934,0,0,2,2,0,0,0,0,0,0,0,2,4,0,0,0,0,1,0,0,0,0,0,0,0,0,0,0,0,2.0,80,1.0,0.0,0.0,0.0,1.4093707405714286,0.47010623764285714,0.8122758707857143,0
CC1=CC=CC(C)=C1C1=[N+](C)C(C2=CC=CC=C2)=C(C2=CC=CC=C2)N1CC1=CC=CC=C1,31,2,0,0,0,1,0.129032258,0.800445248,2.502314815,0.800445248,0.266565493,429.587,400.355,429.2325253,162,0.289979991,-0.225071168,0.289979991,0.225071168,0.606060606,1.121212121,1.696969697,15.17157703,10.01658948,2.326608592,-2.104073841,2.36640582,-2.323743743,5.796947376,-0.64817286,1.903112501,1361.58744,22.7858818,19.49383882,19.49383882,16.14786705,11.48748969,11.48748969,8.65044063,8.65044063,6.385702209,6.385702209,4.884286493,4.884286493,-3.91,55845517.3,20.96301115,8.91374478,3.892133942,195.9682998,0.0,6.544756406,11.38785599,0.0,5.824404498,0.0,0.0,9.134199296,0,0.0,109.1946072,30.53782887,11.12690298,12.61112347,4.567099648,0.0,4.567099648,7.047671983,20.39223081,0.0,125.8849617,33.90261496,4.567099648,0.0,0.0,0.0,4.567099648,13.59242839,13.8474744,16.69035448,109.1946072,33.90261496,8.81,0.0,0.0,0,0.0,0.0,6.544756406,50.59296944,0.0,0.0,139.2239529,0.0,4.887175926,0.0,0.0,10.08394185,1.228851096,38.86404733,0.0,5.230150463,2.205833333,0.129032258,33,0,2,0,0,0,4,1,5,1,0,2,5,0,0,0,5,6.97874,136.934,0,0,2,2,0,0,0,0,0,0,0,2,4,0,0,0,0,1,0,0,0,0,0,0,0,0,0,0,0,2.0,80,1.0,0.0,120.0,2.7467,1.4093707405714286,0.47010623764285714,0.8122758707857143,0
CC1=CC=CC(C)=C1C1=[N+](C)C(C2=CC=CC=C2)=C(C2=CC=CC=C2)N1CC1=CC=CC=C1,31,2,0,0,0,1,0.129032258,0.800445248,2.502314815,0.800445248,0.266565493,429.587,400.355,429.2325253,162,0.289979991,-0.225071168,0.289979991,0.225071168,0.606060606,1.121212121,1.696969697,15.17157703,10.01658948,2.326608592,-2.104073841,2.36640582,-2.323743743,5.796947376,-0.64817286,1.903112501,1361.58744,22.7858818,19.49383882,19.49383882,16.14786705,11.48748969,11.48748969,8.65044063,8.65044063,6.385702209,6.385702209,4.884286493,4.884286493,-3.91,55845517.3,20.96301115,8.91374478,3.892133942,195.9682998,0.0,6.544756406,11.38785599,0.0,5.824404498,0.0,0.0,9.134199296,0,0.0,109.1946072,30.53782887,11.12690298,12.61112347,4.567099648,0.0,4.567099648,7.047671983,20.39223081,0.0,125.8849617,33.90261496,4.567099648,0.0,0.0,0.0,4.567099648,13.59242839,13.8474744,16.69035448,109.1946072,33.90261496,8.81,0.0,0.0,0,0.0,0.0,6.544756406,50.59296944,0.0,0.0,139.2239529,0.0,4.887175926,0.0,0.0,10.08394185,1.228851096,38.86404733,0.0,5.230150463,2.205833333,0.129032258,33,0,2,0,0,0,4,1,5,1,0,2,5,0,0,0,5,6.97874,136.934,0,0,2,2,0,0,0,0,0,0,0,2,4,0,0,0,0,1,0,0,0,0,0,0,0,0,0,0,0,2.0,80,1.0,0.0,240.0,6.6325,1.4093707405714286,0.47010623764285714,0.8122758707857143,0
CC1=CC=CC(C)=C1C1=[N+](C)C(C2=CC=CC=C2)=C(C2=CC=CC=C2)N1CC1=CC=CC=C1,31,2,0,0,0,1,0.129032258,0.800445248,2.502314815,0.800445248,0.266565493,429.587,400.355,429.2325253,162,0.289979991,-0.225071168,0.289979991,0.225071168,0.606060606,1.121212121,1.696969697,15.17157703,10.01658948,2.326608592,-2.104073841,2.36640582,-2.323743743,5.796947376,-0.64817286,1.903112501,1361.58744,22.7858818,19.49383882,19.49383882,16.14786705,11.48748969,11.48748969,8.65044063,8.65044063,6.385702209,6.385702209,4.884286493,4.884286493,-3.91,55845517.3,20.96301115,8.91374478,3.892133942,195.9682998,0.0,6.544756406,11.38785599,0.0,5.824404498,0.0,0.0,9.134199296,0,0.0,109.1946072,30.53782887,11.12690298,12.61112347,4.567099648,0.0,4.567099648,7.047671983,20.39223081,0.0,125.8849617,33.90261496,4.567099648,0.0,0.0,0.0,4.567099648,13.59242839,13.8474744,16.69035448,109.1946072,33.90261496,8.81,0.0,0.0,0,0.0,0.0,6.544756406,50.59296944,0.0,0.0,139.2239529,0.0,4.887175926,0.0,0.0,10.08394185,1.228851096,38.86404733,0.0,5.230150463,2.205833333,0.129032258,33,0,2,0,0,0,4,1,5,1,0,2,5,0,0,0,5,6.97874,136.934,0,0,2,2,0,0,0,0,0,0,0,2,4,0,0,0,0,1,0,0,0,0,0,0,0,0,0,0,0,2.0,80,1.0,0.0,360.0,8.2428,1.4093707405714286,0.47010623764285714,0.8122758707857143,0
CC1=CC=CC(C)=C1C1=[N+](C)C(C2=CC=CC=C2)=C(C2=CC=CC=C2)N1CC1=CC=CC=C1,31,2,0,0,0,1,0.129032258,0.800445248,2.502314815,0.800445248,0.266565493,429.587,400.355,429.2325253,162,0.289979991,-0.225071168,0.289979991,0.225071168,0.606060606,1.121212121,1.696969697,15.17157703,10.01658948,2.326608592,-2.104073841,2.36640582,-2.323743743,5.796947376,-0.64817286,1.903112501,1361.58744,22.7858818,19.49383882,19.49383882,16.14786705,11.48748969,11.48748969,8.65044063,8.65044063,6.385702209,6.385702209,4.884286493,4.884286493,-3.91,55845517.3,20.96301115,8.91374478,3.892133942,195.9682998,0.0,6.544756406,11.38785599,0.0,5.824404498,0.0,0.0,9.134199296,0,0.0,109.1946072,30.53782887,11.12690298,12.61112347,4.567099648,0.0,4.567099648,7.047671983,20.39223081,0.0,125.8849617,33.90261496,4.567099648,0.0,0.0,0.0,4.567099648,13.59242839,13.8474744,16.69035448,109.1946072,33.90261496,8.81,0.0,0.0,0,0.0,0.0,6.544756406,50.59296944,0.0,0.0,139.2239529,0.0,4.887175926,0.0,0.0,10.08394185,1.228851096,38.86404733,0.0,5.230150463,2.205833333,0.129032258,33,0,2,0,0,0,4,1,5,1,0,2,5,0,0,0,5,6.97874,136.934,0,0,2,2,0,0,0,0,0,0,0,2,4,0,0,0,0,1,0,0,0,0,0,0,0,0,0,0,0,2.0,80,1.0,0.0,480.0,10.9867,1.4093707405714286,0.47010623764285714,0.8122758707857143,0
CC1=CC=CC(C)=C1C1=[N+](C)C(C2=CC=CC=C2)=C(C2=CC=CC=C2)N1CC1=CC=CC=C1,31,2,0,0,0,1,0.129032258,0.800445248,2.502314815,0.800445248,0.266565493,429.587,400.355,429.2325253,162,0.289979991,-0.225071168,0.289979991,0.225071168,0.606060606,1.121212121,1.696969697,15.17157703,10.01658948,2.326608592,-2.104073841,2.36640582,-2.323743743,5.796947376,-0.64817286,1.903112501,1361.58744,22.7858818,19.49383882,19.49383882,16.14786705,11.48748969,11.48748969,8.65044063,8.65044063,6.385702209,6.385702209,4.884286493,4.884286493,-3.91,55845517.3,20.96301115,8.91374478,3.892133942,195.9682998,0.0,6.544756406,11.38785599,0.0,5.824404498,0.0,0.0,9.134199296,0,0.0,109.1946072,30.53782887,11.12690298,12.61112347,4.567099648,0.0,4.567099648,7.047671983,20.39223081,0.0,125.8849617,33.90261496,4.567099648,0.0,0.0,0.0,4.567099648,13.59242839,13.8474744,16.69035448,109.1946072,33.90261496,8.81,0.0,0.0,0,0.0,0.0,6.544756406,50.59296944,0.0,0.0,139.2239529,0.0,4.887175926,0.0,0.0,10.08394185,1.228851096,38.86404733,0.0,5.230150463,2.205833333,0.129032258,33,0,2,0,0,0,4,1,5,1,0,2,5,0,0,0,5,6.97874,136.934,0,0,2,2,0,0,0,0,0,0,0,2,4,0,0,0,0,1,0,0,0,0,0,0,0,0,0,0,0,2.0,80,1.0,0.0,600.0,14.3071,1.4093707405714286,0.47010623764285714,0.8122758707857143,0
CC1=CC=CC(C)=C1C1=[N+](C)C(C2=CC=CC=C2)=C(C2=CC=CC=C2)N1CC1=CC=CC=C1,31,2,0,0,0,1,0.129032258,0.800445248,2.502314815,0.800445248,0.266565493,429.587,400.355,429.2325253,162,0.289979991,-0.225071168,0.289979991,0.225071168,0.606060606,1.121212121,1.696969697,15.17157703,10.01658948,2.326608592,-2.104073841,2.36640582,-2.323743743,5.796947376,-0.64817286,1.903112501,1361.58744,22.7858818,19.49383882,19.49383882,16.14786705,11.48748969,11.48748969,8.65044063,8.65044063,6.385702209,6.385702209,4.884286493,4.884286493,-3.91,55845517.3,20.96301115,8.91374478,3.892133942,195.9682998,0.0,6.544756406,11.38785599,0.0,5.824404498,0.0,0.0,9.134199296,0,0.0,109.1946072,30.53782887,11.12690298,12.61112347,4.567099648,0.0,4.567099648,7.047671983,20.39223081,0.0,125.8849617,33.90261496,4.567099648,0.0,0.0,0.0,4.567099648,13.59242839,13.8474744,16.69035448,109.1946072,33.90261496,8.81,0.0,0.0,0,0.0,0.0,6.544756406,50.59296944,0.0,0.0,139.2239529,0.0,4.887175926,0.0,0.0,10.08394185,1.228851096,38.86404733,0.0,5.230150463,2.205833333,0.129032258,33,0,2,0,0,0,4,1,5,1,0,2,5,0,0,0,5,6.97874,136.934,0,0,2,2,0,0,0,0,0,0,0,2,4,0,0,0,0,1,0,0,0,0,0,0,0,0,0,0,0,2.0,80,1.0,0.0,720.0,15.3465,1.4093707405714286,0.47010623764285714,0.8122758707857143,0
CC1=[N+](CC2=CC=CC=C2)C=CN1C,12,2,0,0,0,1,0.25,0.951898148,2.24537037,0.951898148,0.632346682,187.266,172.146,187.1229749,72,0.252789704,-0.237181032,0.252789704,0.237181032,1.214285714,1.928571429,2.5,15.12444815,10.20165712,2.076051568,-1.984906587,1.983830283,-2.352813986,5.127552987,-0.693427329,2.234741923,415.1417024,9.966255326,8.642985857,8.642985857,6.770856948,4.824623063,4.824623063,3.569761081,3.569761081,2.592061504,2.592061504,1.546048601,1.546048601,-1.57,2434.975513,9.003504047,3.660700317,1.689519142,84.43207504,0.0,18.93844355,0.0,0.0,5.824404498,0.0,0.0,9.134199296,0,0.0,30.33183534,5.563451492,6.9237372,7.047671983,4.567099648,0.0,4.567099648,7.047671983,13.46849361,0.0,54.11337848,0.0,4.567099648,0.0,0.0,0.0,4.567099648,13.59242839,6.9237372,11.38785599,42.72552249,0.0,8.81,0.0,0.0,0,0.0,0.0,6.544756406,11.38785599,0.0,6.066367068,59.7647639,0.0,4.373287037,0.0,0.0,1.33962963,1.272086168,10.50717309,4.195046296,3.079814815,2.066296296,0.25,14,0,2,0,0,0,1,1,2,1,0,2,2,0,0,0,2,1.66932,55.889,0,0,2,2,0,0,0,0,0,0,0,1,1,0,0,0,0,1,0,0,0,0,0,0,0,0,0,0,0,2.0,80,1.0,0.0,0.0,0.0,1.001459834095238,0.2766949967142857,0.9603913731904763,0
CC1=[N+](CC2=CC=CC=C2)C=CN1C,12,2,0,0,0,1,0.25,0.951898148,2.24537037,0.951898148,0.632346682,187.266,172.146,187.1229749,72,0.252789704,-0.237181032,0.252789704,0.237181032,1.214285714,1.928571429,2.5,15.12444815,10.20165712,2.076051568,-1.984906587,1.983830283,-2.352813986,5.127552987,-0.693427329,2.234741923,415.1417024,9.966255326,8.642985857,8.642985857,6.770856948,4.824623063,4.824623063,3.569761081,3.569761081,2.592061504,2.592061504,1.546048601,1.546048601,-1.57,2434.975513,9.003504047,3.660700317,1.689519142,84.43207504,0.0,18.93844355,0.0,0.0,5.824404498,0.0,0.0,9.134199296,0,0.0,30.33183534,5.563451492,6.9237372,7.047671983,4.567099648,0.0,4.567099648,7.047671983,13.46849361,0.0,54.11337848,0.0,4.567099648,0.0,0.0,0.0,4.567099648,13.59242839,6.9237372,11.38785599,42.72552249,0.0,8.81,0.0,0.0,0,0.0,0.0,6.544756406,11.38785599,0.0,6.066367068,59.7647639,0.0,4.373287037,0.0,0.0,1.33962963,1.272086168,10.50717309,4.195046296,3.079814815,2.066296296,0.25,14,0,2,0,0,0,1,1,2,1,0,2,2,0,0,0,2,1.66932,55.889,0,0,2,2,0,0,0,0,0,0,0,1,1,0,0,0,0,1,0,0,0,0,0,0,0,0,0,0,0,2.0,80,1.0,0.0,120.0,71.4994,1.001459834095238,0.2766949967142857,0.9603913731904763,0
CC1=[N+](CC2=CC=CC=C2)C=CN1C,12,2,0,0,0,1,0.25,0.951898148,2.24537037,0.951898148,0.632346682,187.266,172.146,187.1229749,72,0.252789704,-0.237181032,0.252789704,0.237181032,1.214285714,1.928571429,2.5,15.12444815,10.20165712,2.076051568,-1.984906587,1.983830283,-2.352813986,5.127552987,-0.693427329,2.234741923,415.1417024,9.966255326,8.642985857,8.642985857,6.770856948,4.824623063,4.824623063,3.569761081,3.569761081,2.592061504,2.592061504,1.546048601,1.546048601,-1.57,2434.975513,9.003504047,3.660700317,1.689519142,84.43207504,0.0,18.93844355,0.0,0.0,5.824404498,0.0,0.0,9.134199296,0,0.0,30.33183534,5.563451492,6.9237372,7.047671983,4.567099648,0.0,4.567099648,7.047671983,13.46849361,0.0,54.11337848,0.0,4.567099648,0.0,0.0,0.0,4.567099648,13.59242839,6.9237372,11.38785599,42.72552249,0.0,8.81,0.0,0.0,0,0.0,0.0,6.544756406,11.38785599,0.0,6.066367068,59.7647639,0.0,4.373287037,0.0,0.0,1.33962963,1.272086168,10.50717309,4.195046296,3.079814815,2.066296296,0.25,14,0,2,0,0,0,1,1,2,1,0,2,2,0,0,0,2,1.66932,55.889,0,0,2,2,0,0,0,0,0,0,0,1,1,0,0,0,0,1,0,0,0,0,0,0,0,0,0,0,0,2.0,80,1.0,0.0,240.0,94.70067,1.001459834095238,0.2766949967142857,0.9603913731904763,0
CC1=[N+](CC2=CC=CC=C2)C=CN1C,12,2,0,0,0,1,0.25,0.951898148,2.24537037,0.951898148,0.632346682,187.266,172.146,187.1229749,72,0.252789704,-0.237181032,0.252789704,0.237181032,1.214285714,1.928571429,2.5,15.12444815,10.20165712,2.076051568,-1.984906587,1.983830283,-2.352813986,5.127552987,-0.693427329,2.234741923,415.1417024,9.966255326,8.642985857,8.642985857,6.770856948,4.824623063,4.824623063,3.569761081,3.569761081,2.592061504,2.592061504,1.546048601,1.546048601,-1.57,2434.975513,9.003504047,3.660700317,1.689519142,84.43207504,0.0,18.93844355,0.0,0.0,5.824404498,0.0,0.0,9.134199296,0,0.0,30.33183534,5.563451492,6.9237372,7.047671983,4.567099648,0.0,4.567099648,7.047671983,13.46849361,0.0,54.11337848,0.0,4.567099648,0.0,0.0,0.0,4.567099648,13.59242839,6.9237372,11.38785599,42.72552249,0.0,8.81,0.0,0.0,0,0.0,0.0,6.544756406,11.38785599,0.0,6.066367068,59.7647639,0.0,4.373287037,0.0,0.0,1.33962963,1.272086168,10.50717309,4.195046296,3.079814815,2.066296296,0.25,14,0,2,0,0,0,1,1,2,1,0,2,2,0,0,0,2,1.66932,55.889,0,0,2,2,0,0,0,0,0,0,0,1,1,0,0,0,0,1,0,0,0,0,0,0,0,0,0,0,0,2.0,80,1.0,0.0,360.0,100.0,1.001459834095238,0.2766949967142857,0.9603913731904763,0
CC1=[N+](CC2=CC=CC=C2)C=CN1C,12,2,0,0,0,1,0.25,0.951898148,2.24537037,0.951898148,0.632346682,187.266,172.146,187.1229749,72,0.252789704,-0.237181032,0.252789704,0.237181032,1.214285714,1.928571429,2.5,15.12444815,10.20165712,2.076051568,-1.984906587,1.983830283,-2.352813986,5.127552987,-0.693427329,2.234741923,415.1417024,9.966255326,8.642985857,8.642985857,6.770856948,4.824623063,4.824623063,3.569761081,3.569761081,2.592061504,2.592061504,1.546048601,1.546048601,-1.57,2434.975513,9.003504047,3.660700317,1.689519142,84.43207504,0.0,18.93844355,0.0,0.0,5.824404498,0.0,0.0,9.134199296,0,0.0,30.33183534,5.563451492,6.9237372,7.047671983,4.567099648,0.0,4.567099648,7.047671983,13.46849361,0.0,54.11337848,0.0,4.567099648,0.0,0.0,0.0,4.567099648,13.59242839,6.9237372,11.38785599,42.72552249,0.0,8.81,0.0,0.0,0,0.0,0.0,6.544756406,11.38785599,0.0,6.066367068,59.7647639,0.0,4.373287037,0.0,0.0,1.33962963,1.272086168,10.50717309,4.195046296,3.079814815,2.066296296,0.25,14,0,2,0,0,0,1,1,2,1,0,2,2,0,0,0,2,1.66932,55.889,0,0,2,2,0,0,0,0,0,0,0,1,1,0,0,0,0,1,0,0,0,0,0,0,0,0,0,0,0,2.0,80,1.0,0.0,480.0,100.0,1.001459834095238,0.2766949967142857,0.9603913731904763,0
CC1=[N+](CC2=CC=CC=C2)C=CN1C,12,2,0,0,0,1,0.25,0.951898148,2.24537037,0.951898148,0.632346682,187.266,172.146,187.1229749,72,0.252789704,-0.237181032,0.252789704,0.237181032,1.214285714,1.928571429,2.5,15.12444815,10.20165712,2.076051568,-1.984906587,1.983830283,-2.352813986,5.127552987,-0.693427329,2.234741923,415.1417024,9.966255326,8.642985857,8.642985857,6.770856948,4.824623063,4.824623063,3.569761081,3.569761081,2.592061504,2.592061504,1.546048601,1.546048601,-1.57,2434.975513,9.003504047,3.660700317,1.689519142,84.43207504,0.0,18.93844355,0.0,0.0,5.824404498,0.0,0.0,9.134199296,0,0.0,30.33183534,5.563451492,6.9237372,7.047671983,4.567099648,0.0,4.567099648,7.047671983,13.46849361,0.0,54.11337848,0.0,4.567099648,0.0,0.0,0.0,4.567099648,13.59242839,6.9237372,11.38785599,42.72552249,0.0,8.81,0.0,0.0,0,0.0,0.0,6.544756406,11.38785599,0.0,6.066367068,59.7647639,0.0,4.373287037,0.0,0.0,1.33962963,1.272086168,10.50717309,4.195046296,3.079814815,2.066296296,0.25,14,0,2,0,0,0,1,1,2,1,0,2,2,0,0,0,2,1.66932,55.889,0,0,2,2,0,0,0,0,0,0,0,1,1,0,0,0,0,1,0,0,0,0,0,0,0,0,0,0,0,2.0,80,1.0,0.0,600.0,100.0,1.001459834095238,0.2766949967142857,0.9603913731904763,0
CC1=[N+](CC2=CC=CC=C2)C=CN1C,12,2,0,0,0,1,0.25,0.951898148,2.24537037,0.951898148,0.632346682,187.266,172.146,187.1229749,72,0.252789704,-0.237181032,0.252789704,0.237181032,1.214285714,1.928571429,2.5,15.12444815,10.20165712,2.076051568,-1.984906587,1.983830283,-2.352813986,5.127552987,-0.693427329,2.234741923,415.1417024,9.966255326,8.642985857,8.642985857,6.770856948,4.824623063,4.824623063,3.569761081,3.569761081,2.592061504,2.592061504,1.546048601,1.546048601,-1.57,2434.975513,9.003504047,3.660700317,1.689519142,84.43207504,0.0,18.93844355,0.0,0.0,5.824404498,0.0,0.0,9.134199296,0,0.0,30.33183534,5.563451492,6.9237372,7.047671983,4.567099648,0.0,4.567099648,7.047671983,13.46849361,0.0,54.11337848,0.0,4.567099648,0.0,0.0,0.0,4.567099648,13.59242839,6.9237372,11.38785599,42.72552249,0.0,8.81,0.0,0.0,0,0.0,0.0,6.544756406,11.38785599,0.0,6.066367068,59.7647639,0.0,4.373287037,0.0,0.0,1.33962963,1.272086168,10.50717309,4.195046296,3.079814815,2.066296296,0.25,14,0,2,0,0,0,1,1,2,1,0,2,2,0,0,0,2,1.66932,55.889,0,0,2,2,0,0,0,0,0,0,0,1,1,0,0,0,0,1,0,0,0,0,0,0,0,0,0,0,0,2.0,80,1.0,0.0,720.0,100.0,1.001459834095238,0.2766949967142857,0.9603913731904763,0
CN1C=C[N+](CC2=CC=CC=C2)=C1,11,2,0,0,0,1,0.181818182,0.946111111,2.162037037,0.946111111,0.606301897,173.239,160.135,173.1073248,66,0.243313076,-0.239525547,0.243313076,0.239525547,1.230769231,2.0,2.615384615,15.08884855,10.2050969,1.993278709,-1.950295583,1.962951223,-2.308061764,5.125911622,-0.687339653,2.152484386,375.9986193,9.096011838,7.720336126,7.720336126,6.343336593,4.393807247,4.393807247,3.237013442,3.237013442,2.031705793,2.031705793,1.389481779,1.389481779,-1.57,1629.760421,8.047715037,3.435837117,1.963332503,78.06713293,0.0,18.93844355,0.0,6.327320075,0.0,0.0,0.0,9.134199296,0,0.0,30.33183534,5.563451492,0.0,7.047671983,4.567099648,0.0,4.567099648,7.047671983,6.544756406,0.0,54.61629405,0.0,4.567099648,0.0,0.0,0.0,4.567099648,13.59242839,0.0,5.563451492,49.05284256,0.0,8.81,0.0,0.0,0,0.0,0.0,6.544756406,5.563451492,0.0,23.87798227,41.35673157,0.0,4.20662037,0.0,0.0,1.33212963,0.0,10.45518519,6.197361111,0.946111111,2.029259259,0.181818182,13,0,2,0,0,0,1,1,2,1,0,2,2,0,0,0,2,1.3609,51.152,0,0,2,2,0,0,0,0,0,0,0,1,1,0,0,0,0,1,0,0,0,0,0,0,0,0,0,0,0,2.0,80,1.0,0.0,0.0,0.0,0.9149058107368421,0.2482347482631579,0.939223391263158,0
CN1C=C[N+](CC2=CC=CC=C2)=C1,11,2,0,0,0,1,0.181818182,0.946111111,2.162037037,0.946111111,0.606301897,173.239,160.135,173.1073248,66,0.243313076,-0.239525547,0.243313076,0.239525547,1.230769231,2.0,2.615384615,15.08884855,10.2050969,1.993278709,-1.950295583,1.962951223,-2.308061764,5.125911622,-0.687339653,2.152484386,375.9986193,9.096011838,7.720336126,7.720336126,6.343336593,4.393807247,4.393807247,3.237013442,3.237013442,2.031705793,2.031705793,1.389481779,1.389481779,-1.57,1629.760421,8.047715037,3.435837117,1.963332503,78.06713293,0.0,18.93844355,0.0,6.327320075,0.0,0.0,0.0,9.134199296,0,0.0,30.33183534,5.563451492,0.0,7.047671983,4.567099648,0.0,4.567099648,7.047671983,6.544756406,0.0,54.61629405,0.0,4.567099648,0.0,0.0,0.0,4.567099648,13.59242839,0.0,5.563451492,49.05284256,0.0,8.81,0.0,0.0,0,0.0,0.0,6.544756406,5.563451492,0.0,23.87798227,41.35673157,0.0,4.20662037,0.0,0.0,1.33212963,0.0,10.45518519,6.197361111,0.946111111,2.029259259,0.181818182,13,0,2,0,0,0,1,1,2,1,0,2,2,0,0,0,2,1.3609,51.152,0,0,2,2,0,0,0,0,0,0,0,1,1,0,0,0,0,1,0,0,0,0,0,0,0,0,0,0,0,2.0,80,1.0,0.0,120.0,100.0,0.9149058107368421,0.2482347482631579,0.939223391263158,0
CN1C=C[N+](CC2=CC=CC=C2)=C1,11,2,0,0,0,1,0.181818182,0.946111111,2.162037037,0.946111111,0.606301897,173.239,160.135,173.1073248,66,0.243313076,-0.239525547,0.243313076,0.239525547,1.230769231,2.0,2.615384615,15.08884855,10.2050969,1.993278709,-1.950295583,1.962951223,-2.308061764,5.125911622,-0.687339653,2.152484386,375.9986193,9.096011838,7.720336126,7.720336126,6.343336593,4.393807247,4.393807247,3.237013442,3.237013442,2.031705793,2.031705793,1.389481779,1.389481779,-1.57,1629.760421,8.047715037,3.435837117,1.963332503,78.06713293,0.0,18.93844355,0.0,6.327320075,0.0,0.0,0.0,9.134199296,0,0.0,30.33183534,5.563451492,0.0,7.047671983,4.567099648,0.0,4.567099648,7.047671983,6.544756406,0.0,54.61629405,0.0,4.567099648,0.0,0.0,0.0,4.567099648,13.59242839,0.0,5.563451492,49.05284256,0.0,8.81,0.0,0.0,0,0.0,0.0,6.544756406,5.563451492,0.0,23.87798227,41.35673157,0.0,4.20662037,0.0,0.0,1.33212963,0.0,10.45518519,6.197361111,0.946111111,2.029259259,0.181818182,13,0,2,0,0,0,1,1,2,1,0,2,2,0,0,0,2,1.3609,51.152,0,0,2,2,0,0,0,0,0,0,0,1,1,0,0,0,0,1,0,0,0,0,0,0,0,0,0,0,0,2.0,80,1.0,0.0,240.0,100.0,0.9149058107368421,0.2482347482631579,0.939223391263158,0
CN1C=C[N+](CC2=CC=CC=C2)=C1,11,2,0,0,0,1,0.181818182,0.946111111,2.162037037,0.946111111,0.606301897,173.239,160.135,173.1073248,66,0.243313076,-0.239525547,0.243313076,0.239525547,1.230769231,2.0,2.615384615,15.08884855,10.2050969,1.993278709,-1.950295583,1.962951223,-2.308061764,5.125911622,-0.687339653,2.152484386,375.9986193,9.096011838,7.720336126,7.720336126,6.343336593,4.393807247,4.393807247,3.237013442,3.237013442,2.031705793,2.031705793,1.389481779,1.389481779,-1.57,1629.760421,8.047715037,3.435837117,1.963332503,78.06713293,0.0,18.93844355,0.0,6.327320075,0.0,0.0,0.0,9.134199296,0,0.0,30.33183534,5.563451492,0.0,7.047671983,4.567099648,0.0,4.567099648,7.047671983,6.544756406,0.0,54.61629405,0.0,4.567099648,0.0,0.0,0.0,4.567099648,13.59242839,0.0,5.563451492,49.05284256,0.0,8.81,0.0,0.0,0,0.0,0.0,6.544756406,5.563451492,0.0,23.87798227,41.35673157,0.0,4.20662037,0.0,0.0,1.33212963,0.0,10.45518519,6.197361111,0.946111111,2.029259259,0.181818182,13,0,2,0,0,0,1,1,2,1,0,2,2,0,0,0,2,1.3609,51.152,0,0,2,2,0,0,0,0,0,0,0,1,1,0,0,0,0,1,0,0,0,0,0,0,0,0,0,0,0,2.0,80,1.0,0.0,360.0,100.0,0.9149058107368421,0.2482347482631579,0.939223391263158,0
CN1C=C[N+](CC2=CC=CC=C2)=C1,11,2,0,0,0,1,0.181818182,0.946111111,2.162037037,0.946111111,0.606301897,173.239,160.135,173.1073248,66,0.243313076,-0.239525547,0.243313076,0.239525547,1.230769231,2.0,2.615384615,15.08884855,10.2050969,1.993278709,-1.950295583,1.962951223,-2.308061764,5.125911622,-0.687339653,2.152484386,375.9986193,9.096011838,7.720336126,7.720336126,6.343336593,4.393807247,4.393807247,3.237013442,3.237013442,2.031705793,2.031705793,1.389481779,1.389481779,-1.57,1629.760421,8.047715037,3.435837117,1.963332503,78.06713293,0.0,18.93844355,0.0,6.327320075,0.0,0.0,0.0,9.134199296,0,0.0,30.33183534,5.563451492,0.0,7.047671983,4.567099648,0.0,4.567099648,7.047671983,6.544756406,0.0,54.61629405,0.0,4.567099648,0.0,0.0,0.0,4.567099648,13.59242839,0.0,5.563451492,49.05284256,0.0,8.81,0.0,0.0,0,0.0,0.0,6.544756406,5.563451492,0.0,23.87798227,41.35673157,0.0,4.20662037,0.0,0.0,1.33212963,0.0,10.45518519,6.197361111,0.946111111,2.029259259,0.181818182,13,0,2,0,0,0,1,1,2,1,0,2,2,0,0,0,2,1.3609,51.152,0,0,2,2,0,0,0,0,0,0,0,1,1,0,0,0,0,1,0,0,0,0,0,0,0,0,0,0,0,2.0,80,1.0,0.0,480.0,100.0,0.9149058107368421,0.2482347482631579,0.939223391263158,0
CN1C=C[N+](CC2=CC=CC=C2)=C1,11,2,0,0,0,1,0.181818182,0.946111111,2.162037037,0.946111111,0.606301897,173.239,160.135,173.1073248,66,0.243313076,-0.239525547,0.243313076,0.239525547,1.230769231,2.0,2.615384615,15.08884855,10.2050969,1.993278709,-1.950295583,1.962951223,-2.308061764,5.125911622,-0.687339653,2.152484386,375.9986193,9.096011838,7.720336126,7.720336126,6.343336593,4.393807247,4.393807247,3.237013442,3.237013442,2.031705793,2.031705793,1.389481779,1.389481779,-1.57,1629.760421,8.047715037,3.435837117,1.963332503,78.06713293,0.0,18.93844355,0.0,6.327320075,0.0,0.0,0.0,9.134199296,0,0.0,30.33183534,5.563451492,0.0,7.047671983,4.567099648,0.0,4.567099648,7.047671983,6.544756406,0.0,54.61629405,0.0,4.567099648,0.0,0.0,0.0,4.567099648,13.59242839,0.0,5.563451492,49.05284256,0.0,8.81,0.0,0.0,0,0.0,0.0,6.544756406,5.563451492,0.0,23.87798227,41.35673157,0.0,4.20662037,0.0,0.0,1.33212963,0.0,10.45518519,6.197361111,0.946111111,2.029259259,0.181818182,13,0,2,0,0,0,1,1,2,1,0,2,2,0,0,0,2,1.3609,51.152,0,0,2,2,0,0,0,0,0,0,0,1,1,0,0,0,0,1,0,0,0,0,0,0,0,0,0,0,0,2.0,80,1.0,0.0,600.0,100.0,0.9149058107368421,0.2482347482631579,0.939223391263158,0
CN1C=C[N+](CC2=CC=CC=C2)=C1,11,2,0,0,0,1,0.181818182,0.946111111,2.162037037,0.946111111,0.606301897,173.239,160.135,173.1073248,66,0.243313076,-0.239525547,0.243313076,0.239525547,1.230769231,2.0,2.615384615,15.08884855,10.2050969,1.993278709,-1.950295583,1.962951223,-2.308061764,5.125911622,-0.687339653,2.152484386,375.9986193,9.096011838,7.720336126,7.720336126,6.343336593,4.393807247,4.393807247,3.237013442,3.237013442,2.031705793,2.031705793,1.389481779,1.389481779,-1.57,1629.760421,8.047715037,3.435837117,1.963332503,78.06713293,0.0,18.93844355,0.0,6.327320075,0.0,0.0,0.0,9.134199296,0,0.0,30.33183534,5.563451492,0.0,7.047671983,4.567099648,0.0,4.567099648,7.047671983,6.544756406,0.0,54.61629405,0.0,4.567099648,0.0,0.0,0.0,4.567099648,13.59242839,0.0,5.563451492,49.05284256,0.0,8.81,0.0,0.0,0,0.0,0.0,6.544756406,5.563451492,0.0,23.87798227,41.35673157,0.0,4.20662037,0.0,0.0,1.33212963,0.0,10.45518519,6.197361111,0.946111111,2.029259259,0.181818182,13,0,2,0,0,0,1,1,2,1,0,2,2,0,0,0,2,1.3609,51.152,0,0,2,2,0,0,0,0,0,0,0,1,1,0,0,0,0,1,0,0,0,0,0,0,0,0,0,0,0,2.0,80,1.0,0.0,720.0,100.0,0.9149058107368421,0.2482347482631579,0.939223391263158,0
CC1=CC(C)=C(C2=[N+](C)C3=C(C=CC=C3)N2C)C(C)=C1,18,2,0,0,0,1,0.277777778,1.265,2.291666667,1.265,0.594519943,265.38,244.212,265.1699251,102,0.289434145,-0.225614493,0.289434145,0.225614493,0.95,1.55,2.15,15.14015111,9.989118541,2.237108589,-2.086116233,2.280946766,-2.301374847,5.770501019,-0.633634011,2.417497661,747.6365535,14.43879311,12.85852881,12.85852881,9.502907755,7.02090519,7.02090519,5.704072596,5.704072596,4.140487008,4.140487008,3.35274312,3.35274312,-2.09,41276.8915,12.91933861,4.480081935,1.753635612,119.8436238,0.0,0.0,11.03340144,0.0,5.824404498,0.0,0.0,9.134199296,0,0.0,29.82891977,44.03084872,0.0,19.65879546,4.567099648,11.03340144,4.567099648,14.09534397,20.7712116,0.0,53.08855689,11.38785599,4.567099648,0.0,0.0,0.0,4.567099648,14.09534397,20.7712116,16.69035448,36.39820241,22.42125742,8.81,0.0,0.0,0,0.0,0.0,0.0,39.1116119,0.0,0.0,80.39895727,0.0,4.583333333,0.0,0.0,7.878453221,1.265,13.08067282,0.0,6.560787037,4.298420257,0.277777778,20,0,2,0,0,0,2,1,3,1,0,2,1,0,0,0,3,3.59506,83.742,0,0,2,2,0,0,0,0,0,0,0,5,2,1,0,0,0,1,0,0,0,0,0,2,0,0,0,0,0,2.0,80,1.0,0.0,0.0,0.0,1.0459773297142856,0.23530134428571428,0.9863941347142857,0
CC1=CC(C)=C(C2=[N+](C)C3=C(C=CC=C3)N2C)C(C)=C1,18,2,0,0,0,1,0.277777778,1.265,2.291666667,1.265,0.594519943,265.38,244.212,265.1699251,102,0.289434145,-0.225614493,0.289434145,0.225614493,0.95,1.55,2.15,15.14015111,9.989118541,2.237108589,-2.086116233,2.280946766,-2.301374847,5.770501019,-0.633634011,2.417497661,747.6365535,14.43879311,12.85852881,12.85852881,9.502907755,7.02090519,7.02090519,5.704072596,5.704072596,4.140487008,4.140487008,3.35274312,3.35274312,-2.09,41276.8915,12.91933861,4.480081935,1.753635612,119.8436238,0.0,0.0,11.03340144,0.0,5.824404498,0.0,0.0,9.134199296,0,0.0,29.82891977,44.03084872,0.0,19.65879546,4.567099648,11.03340144,4.567099648,14.09534397,20.7712116,0.0,53.08855689,11.38785599,4.567099648,0.0,0.0,0.0,4.567099648,14.09534397,20.7712116,16.69035448,36.39820241,22.42125742,8.81,0.0,0.0,0,0.0,0.0,0.0,39.1116119,0.0,0.0,80.39895727,0.0,4.583333333,0.0,0.0,7.878453221,1.265,13.08067282,0.0,6.560787037,4.298420257,0.277777778,20,0,2,0,0,0,2,1,3,1,0,2,1,0,0,0,3,3.59506,83.742,0,0,2,2,0,0,0,0,0,0,0,5,2,1,0,0,0,1,0,0,0,0,0,2,0,0,0,0,0,2.0,80,1.0,0.0,120.0,7.5581,1.0459773297142856,0.23530134428571428,0.9863941347142857,0
CC1=CC(C)=C(C2=[N+](C)C3=C(C=CC=C3)N2C)C(C)=C1,18,2,0,0,0,1,0.277777778,1.265,2.291666667,1.265,0.594519943,265.38,244.212,265.1699251,102,0.289434145,-0.225614493,0.289434145,0.225614493,0.95,1.55,2.15,15.14015111,9.989118541,2.237108589,-2.086116233,2.280946766,-2.301374847,5.770501019,-0.633634011,2.417497661,747.6365535,14.43879311,12.85852881,12.85852881,9.502907755,7.02090519,7.02090519,5.704072596,5.704072596,4.140487008,4.140487008,3.35274312,3.35274312,-2.09,41276.8915,12.91933861,4.480081935,1.753635612,119.8436238,0.0,0.0,11.03340144,0.0,5.824404498,0.0,0.0,9.134199296,0,0.0,29.82891977,44.03084872,0.0,19.65879546,4.567099648,11.03340144,4.567099648,14.09534397,20.7712116,0.0,53.08855689,11.38785599,4.567099648,0.0,0.0,0.0,4.567099648,14.09534397,20.7712116,16.69035448,36.39820241,22.42125742,8.81,0.0,0.0,0,0.0,0.0,0.0,39.1116119,0.0,0.0,80.39895727,0.0,4.583333333,0.0,0.0,7.878453221,1.265,13.08067282,0.0,6.560787037,4.298420257,0.277777778,20,0,2,0,0,0,2,1,3,1,0,2,1,0,0,0,3,3.59506,83.742,0,0,2,2,0,0,0,0,0,0,0,5,2,1,0,0,0,1,0,0,0,0,0,2,0,0,0,0,0,2.0,80,1.0,0.0,240.0,13.9535,1.0459773297142856,0.23530134428571428,0.9863941347142857,0
CC1=CC(C)=C(C2=[N+](C)C3=C(C=CC=C3)N2C)C(C)=C1,18,2,0,0,0,1,0.277777778,1.265,2.291666667,1.265,0.594519943,265.38,244.212,265.1699251,102,0.289434145,-0.225614493,0.289434145,0.225614493,0.95,1.55,2.15,15.14015111,9.989118541,2.237108589,-2.086116233,2.280946766,-2.301374847,5.770501019,-0.633634011,2.417497661,747.6365535,14.43879311,12.85852881,12.85852881,9.502907755,7.02090519,7.02090519,5.704072596,5.704072596,4.140487008,4.140487008,3.35274312,3.35274312,-2.09,41276.8915,12.91933861,4.480081935,1.753635612,119.8436238,0.0,0.0,11.03340144,0.0,5.824404498,0.0,0.0,9.134199296,0,0.0,29.82891977,44.03084872,0.0,19.65879546,4.567099648,11.03340144,4.567099648,14.09534397,20.7712116,0.0,53.08855689,11.38785599,4.567099648,0.0,0.0,0.0,4.567099648,14.09534397,20.7712116,16.69035448,36.39820241,22.42125742,8.81,0.0,0.0,0,0.0,0.0,0.0,39.1116119,0.0,0.0,80.39895727,0.0,4.583333333,0.0,0.0,7.878453221,1.265,13.08067282,0.0,6.560787037,4.298420257,0.277777778,20,0,2,0,0,0,2,1,3,1,0,2,1,0,0,0,3,3.59506,83.742,0,0,2,2,0,0,0,0,0,0,0,5,2,1,0,0,0,1,0,0,0,0,0,2,0,0,0,0,0,2.0,80,1.0,0.0,360.0,22.6744,1.0459773297142856,0.23530134428571428,0.9863941347142857,0
CC1=CC(C)=C(C2=[N+](C)C3=C(C=CC=C3)N2C)C(C)=C1,18,2,0,0,0,1,0.277777778,1.265,2.291666667,1.265,0.594519943,265.38,244.212,265.1699251,102,0.289434145,-0.225614493,0.289434145,0.225614493,0.95,1.55,2.15,15.14015111,9.989118541,2.237108589,-2.086116233,2.280946766,-2.301374847,5.770501019,-0.633634011,2.417497661,747.6365535,14.43879311,12.85852881,12.85852881,9.502907755,7.02090519,7.02090519,5.704072596,5.704072596,4.140487008,4.140487008,3.35274312,3.35274312,-2.09,41276.8915,12.91933861,4.480081935,1.753635612,119.8436238,0.0,0.0,11.03340144,0.0,5.824404498,0.0,0.0,9.134199296,0,0.0,29.82891977,44.03084872,0.0,19.65879546,4.567099648,11.03340144,4.567099648,14.09534397,20.7712116,0.0,53.08855689,11.38785599,4.567099648,0.0,0.0,0.0,4.567099648,14.09534397,20.7712116,16.69035448,36.39820241,22.42125742,8.81,0.0,0.0,0,0.0,0.0,0.0,39.1116119,0.0,0.0,80.39895727,0.0,4.583333333,0.0,0.0,7.878453221,1.265,13.08067282,0.0,6.560787037,4.298420257,0.277777778,20,0,2,0,0,0,2,1,3,1,0,2,1,0,0,0,3,3.59506,83.742,0,0,2,2,0,0,0,0,0,0,0,5,2,1,0,0,0,1,0,0,0,0,0,2,0,0,0,0,0,2.0,80,1.0,0.0,480.0,23.8372,1.0459773297142856,0.23530134428571428,0.9863941347142857,0
CC1=CC(C)=C(C2=[N+](C)C3=C(C=CC=C3)N2C)C(C)=C1,18,2,0,0,0,1,0.277777778,1.265,2.291666667,1.265,0.594519943,265.38,244.212,265.1699251,102,0.289434145,-0.225614493,0.289434145,0.225614493,0.95,1.55,2.15,15.14015111,9.989118541,2.237108589,-2.086116233,2.280946766,-2.301374847,5.770501019,-0.633634011,2.417497661,747.6365535,14.43879311,12.85852881,12.85852881,9.502907755,7.02090519,7.02090519,5.704072596,5.704072596,4.140487008,4.140487008,3.35274312,3.35274312,-2.09,41276.8915,12.91933861,4.480081935,1.753635612,119.8436238,0.0,0.0,11.03340144,0.0,5.824404498,0.0,0.0,9.134199296,0,0.0,29.82891977,44.03084872,0.0,19.65879546,4.567099648,11.03340144,4.567099648,14.09534397,20.7712116,0.0,53.08855689,11.38785599,4.567099648,0.0,0.0,0.0,4.567099648,14.09534397,20.7712116,16.69035448,36.39820241,22.42125742,8.81,0.0,0.0,0,0.0,0.0,0.0,39.1116119,0.0,0.0,80.39895727,0.0,4.583333333,0.0,0.0,7.878453221,1.265,13.08067282,0.0,6.560787037,4.298420257,0.277777778,20,0,2,0,0,0,2,1,3,1,0,2,1,0,0,0,3,3.59506,83.742,0,0,2,2,0,0,0,0,0,0,0,5,2,1,0,0,0,1,0,0,0,0,0,2,0,0,0,0,0,2.0,80,1.0,0.0,600.0,25.5814,1.0459773297142856,0.23530134428571428,0.9863941347142857,0
CC1=CC(C)=C(C2=[N+](C)C3=C(C=CC=C3)N2C)C(C)=C1,18,2,0,0,0,1,0.277777778,1.265,2.291666667,1.265,0.594519943,265.38,244.212,265.1699251,102,0.289434145,-0.225614493,0.289434145,0.225614493,0.95,1.55,2.15,15.14015111,9.989118541,2.237108589,-2.086116233,2.280946766,-2.301374847,5.770501019,-0.633634011,2.417497661,747.6365535,14.43879311,12.85852881,12.85852881,9.502907755,7.02090519,7.02090519,5.704072596,5.704072596,4.140487008,4.140487008,3.35274312,3.35274312,-2.09,41276.8915,12.91933861,4.480081935,1.753635612,119.8436238,0.0,0.0,11.03340144,0.0,5.824404498,0.0,0.0,9.134199296,0,0.0,29.82891977,44.03084872,0.0,19.65879546,4.567099648,11.03340144,4.567099648,14.09534397,20.7712116,0.0,53.08855689,11.38785599,4.567099648,0.0,0.0,0.0,4.567099648,14.09534397,20.7712116,16.69035448,36.39820241,22.42125742,8.81,0.0,0.0,0,0.0,0.0,0.0,39.1116119,0.0,0.0,80.39895727,0.0,4.583333333,0.0,0.0,7.878453221,1.265,13.08067282,0.0,6.560787037,4.298420257,0.277777778,20,0,2,0,0,0,2,1,3,1,0,2,1,0,0,0,3,3.59506,83.742,0,0,2,2,0,0,0,0,0,0,0,5,2,1,0,0,0,1,0,0,0,0,0,2,0,0,0,0,0,2.0,80,1.0,0.0,720.0,26.7442,1.0459773297142856,0.23530134428571428,0.9863941347142857,0
CCN1C=[N+](CC)C2=C1C=CC=C2,11,2,0,0,0,1,0.363636364,1.035231481,2.27662037,1.035231481,0.616981625,175.255,160.135,175.1229749,68,0.244220995,-0.230144887,0.244220995,0.230144887,1.230769231,2.0,2.692307692,15.1234746,10.28793477,2.105711051,-1.884793164,2.092695586,-2.297360978,5.709685182,-0.66819819,2.74357423,376.9475422,9.259148545,8.195392099,8.195392099,6.363703305,4.837630739,4.837630739,3.176214948,3.176214948,2.460736064,2.460736064,1.746548323,1.746548323,-1.31,1657.016732,8.295578501,3.207521628,1.223176277,78.42158748,0.0,0.0,11.03340144,6.327320075,0.0,0.0,0.0,9.134199296,0,0.0,12.13273414,25.98020854,0.0,13.08951281,4.567099648,11.03340144,4.567099648,0.0,26.93698721,0.0,30.59278835,0.0,4.567099648,0.0,0.0,0.0,4.567099648,13.08951281,0.0,13.8474744,30.59278835,11.03340144,8.81,0.0,0.0,0,0.0,0.0,13.08951281,11.03340144,0.0,0.0,53.57446204,0.0,4.553240741,0.0,0.0,2.651574074,0.0,8.526759259,2.185185185,6.416574074,0.0,0.363636364,13,0,2,0,0,0,1,1,2,1,0,2,2,0,0,0,2,1.9686,53.481,0,0,2,2,0,0,0,0,0,0,0,2,1,1,0,0,0,1,0,0,0,0,0,2,0,0,0,0,0,2.0,80,1.0,0.0,0.0,0.0,0.6179348465,0.4906449963571428,0.5862926796428571,0
CCN1C=[N+](CC)C2=C1C=CC=C2,11,2,0,0,0,1,0.363636364,1.035231481,2.27662037,1.035231481,0.616981625,175.255,160.135,175.1229749,68,0.244220995,-0.230144887,0.244220995,0.230144887,1.230769231,2.0,2.692307692,15.1234746,10.28793477,2.105711051,-1.884793164,2.092695586,-2.297360978,5.709685182,-0.66819819,2.74357423,376.9475422,9.259148545,8.195392099,8.195392099,6.363703305,4.837630739,4.837630739,3.176214948,3.176214948,2.460736064,2.460736064,1.746548323,1.746548323,-1.31,1657.016732,8.295578501,3.207521628,1.223176277,78.42158748,0.0,0.0,11.03340144,6.327320075,0.0,0.0,0.0,9.134199296,0,0.0,12.13273414,25.98020854,0.0,13.08951281,4.567099648,11.03340144,4.567099648,0.0,26.93698721,0.0,30.59278835,0.0,4.567099648,0.0,0.0,0.0,4.567099648,13.08951281,0.0,13.8474744,30.59278835,11.03340144,8.81,0.0,0.0,0,0.0,0.0,13.08951281,11.03340144,0.0,0.0,53.57446204,0.0,4.553240741,0.0,0.0,2.651574074,0.0,8.526759259,2.185185185,6.416574074,0.0,0.363636364,13,0,2,0,0,0,1,1,2,1,0,2,2,0,0,0,2,1.9686,53.481,0,0,2,2,0,0,0,0,0,0,0,2,1,1,0,0,0,1,0,0,0,0,0,2,0,0,0,0,0,2.0,80,1.0,0.0,120.0,59.3023,0.6179348465,0.4906449963571428,0.5862926796428571,0
CCN1C=[N+](CC)C2=C1C=CC=C2,11,2,0,0,0,1,0.363636364,1.035231481,2.27662037,1.035231481,0.616981625,175.255,160.135,175.1229749,68,0.244220995,-0.230144887,0.244220995,0.230144887,1.230769231,2.0,2.692307692,15.1234746,10.28793477,2.105711051,-1.884793164,2.092695586,-2.297360978,5.709685182,-0.66819819,2.74357423,376.9475422,9.259148545,8.195392099,8.195392099,6.363703305,4.837630739,4.837630739,3.176214948,3.176214948,2.460736064,2.460736064,1.746548323,1.746548323,-1.31,1657.016732,8.295578501,3.207521628,1.223176277,78.42158748,0.0,0.0,11.03340144,6.327320075,0.0,0.0,0.0,9.134199296,0,0.0,12.13273414,25.98020854,0.0,13.08951281,4.567099648,11.03340144,4.567099648,0.0,26.93698721,0.0,30.59278835,0.0,4.567099648,0.0,0.0,0.0,4.567099648,13.08951281,0.0,13.8474744,30.59278835,11.03340144,8.81,0.0,0.0,0,0.0,0.0,13.08951281,11.03340144,0.0,0.0,53.57446204,0.0,4.553240741,0.0,0.0,2.651574074,0.0,8.526759259,2.185185185,6.416574074,0.0,0.363636364,13,0,2,0,0,0,1,1,2,1,0,2,2,0,0,0,2,1.9686,53.481,0,0,2,2,0,0,0,0,0,0,0,2,1,1,0,0,0,1,0,0,0,0,0,2,0,0,0,0,0,2.0,80,1.0,0.0,240.0,65.6977,0.6179348465,0.4906449963571428,0.5862926796428571,0
CCN1C=[N+](CC)C2=C1C=CC=C2,11,2,0,0,0,1,0.363636364,1.035231481,2.27662037,1.035231481,0.616981625,175.255,160.135,175.1229749,68,0.244220995,-0.230144887,0.244220995,0.230144887,1.230769231,2.0,2.692307692,15.1234746,10.28793477,2.105711051,-1.884793164,2.092695586,-2.297360978,5.709685182,-0.66819819,2.74357423,376.9475422,9.259148545,8.195392099,8.195392099,6.363703305,4.837630739,4.837630739,3.176214948,3.176214948,2.460736064,2.460736064,1.746548323,1.746548323,-1.31,1657.016732,8.295578501,3.207521628,1.223176277,78.42158748,0.0,0.0,11.03340144,6.327320075,0.0,0.0,0.0,9.134199296,0,0.0,12.13273414,25.98020854,0.0,13.08951281,4.567099648,11.03340144,4.567099648,0.0,26.93698721,0.0,30.59278835,0.0,4.567099648,0.0,0.0,0.0,4.567099648,13.08951281,0.0,13.8474744,30.59278835,11.03340144,8.81,0.0,0.0,0,0.0,0.0,13.08951281,11.03340144,0.0,0.0,53.57446204,0.0,4.553240741,0.0,0.0,2.651574074,0.0,8.526759259,2.185185185,6.416574074,0.0,0.363636364,13,0,2,0,0,0,1,1,2,1,0,2,2,0,0,0,2,1.9686,53.481,0,0,2,2,0,0,0,0,0,0,0,2,1,1,0,0,0,1,0,0,0,0,0,2,0,0,0,0,0,2.0,80,1.0,0.0,360.0,68.0233,0.6179348465,0.4906449963571428,0.5862926796428571,0
CCN1C=[N+](CC)C2=C1C=CC=C2,11,2,0,0,0,1,0.363636364,1.035231481,2.27662037,1.035231481,0.616981625,175.255,160.135,175.1229749,68,0.244220995,-0.230144887,0.244220995,0.230144887,1.230769231,2.0,2.692307692,15.1234746,10.28793477,2.105711051,-1.884793164,2.092695586,-2.297360978,5.709685182,-0.66819819,2.74357423,376.9475422,9.259148545,8.195392099,8.195392099,6.363703305,4.837630739,4.837630739,3.176214948,3.176214948,2.460736064,2.460736064,1.746548323,1.746548323,-1.31,1657.016732,8.295578501,3.207521628,1.223176277,78.42158748,0.0,0.0,11.03340144,6.327320075,0.0,0.0,0.0,9.134199296,0,0.0,12.13273414,25.98020854,0.0,13.08951281,4.567099648,11.03340144,4.567099648,0.0,26.93698721,0.0,30.59278835,0.0,4.567099648,0.0,0.0,0.0,4.567099648,13.08951281,0.0,13.8474744,30.59278835,11.03340144,8.81,0.0,0.0,0,0.0,0.0,13.08951281,11.03340144,0.0,0.0,53.57446204,0.0,4.553240741,0.0,0.0,2.651574074,0.0,8.526759259,2.185185185,6.416574074,0.0,0.363636364,13,0,2,0,0,0,1,1,2,1,0,2,2,0,0,0,2,1.9686,53.481,0,0,2,2,0,0,0,0,0,0,0,2,1,1,0,0,0,1,0,0,0,0,0,2,0,0,0,0,0,2.0,80,1.0,0.0,480.0,69.7674,0.6179348465,0.4906449963571428,0.5862926796428571,0
CCN1C=[N+](CC)C2=C1C=CC=C2,11,2,0,0,0,1,0.363636364,1.035231481,2.27662037,1.035231481,0.616981625,175.255,160.135,175.1229749,68,0.244220995,-0.230144887,0.244220995,0.230144887,1.230769231,2.0,2.692307692,15.1234746,10.28793477,2.105711051,-1.884793164,2.092695586,-2.297360978,5.709685182,-0.66819819,2.74357423,376.9475422,9.259148545,8.195392099,8.195392099,6.363703305,4.837630739,4.837630739,3.176214948,3.176214948,2.460736064,2.460736064,1.746548323,1.746548323,-1.31,1657.016732,8.295578501,3.207521628,1.223176277,78.42158748,0.0,0.0,11.03340144,6.327320075,0.0,0.0,0.0,9.134199296,0,0.0,12.13273414,25.98020854,0.0,13.08951281,4.567099648,11.03340144,4.567099648,0.0,26.93698721,0.0,30.59278835,0.0,4.567099648,0.0,0.0,0.0,4.567099648,13.08951281,0.0,13.8474744,30.59278835,11.03340144,8.81,0.0,0.0,0,0.0,0.0,13.08951281,11.03340144,0.0,0.0,53.57446204,0.0,4.553240741,0.0,0.0,2.651574074,0.0,8.526759259,2.185185185,6.416574074,0.0,0.363636364,13,0,2,0,0,0,1,1,2,1,0,2,2,0,0,0,2,1.9686,53.481,0,0,2,2,0,0,0,0,0,0,0,2,1,1,0,0,0,1,0,0,0,0,0,2,0,0,0,0,0,2.0,80,1.0,0.0,600.0,74.4186,0.6179348465,0.4906449963571428,0.5862926796428571,0
CCN1C=[N+](CC)C2=C1C=CC=C2,11,2,0,0,0,1,0.363636364,1.035231481,2.27662037,1.035231481,0.616981625,175.255,160.135,175.1229749,68,0.244220995,-0.230144887,0.244220995,0.230144887,1.230769231,2.0,2.692307692,15.1234746,10.28793477,2.105711051,-1.884793164,2.092695586,-2.297360978,5.709685182,-0.66819819,2.74357423,376.9475422,9.259148545,8.195392099,8.195392099,6.363703305,4.837630739,4.837630739,3.176214948,3.176214948,2.460736064,2.460736064,1.746548323,1.746548323,-1.31,1657.016732,8.295578501,3.207521628,1.223176277,78.42158748,0.0,0.0,11.03340144,6.327320075,0.0,0.0,0.0,9.134199296,0,0.0,12.13273414,25.98020854,0.0,13.08951281,4.567099648,11.03340144,4.567099648,0.0,26.93698721,0.0,30.59278835,0.0,4.567099648,0.0,0.0,0.0,4.567099648,13.08951281,0.0,13.8474744,30.59278835,11.03340144,8.81,0.0,0.0,0,0.0,0.0,13.08951281,11.03340144,0.0,0.0,53.57446204,0.0,4.553240741,0.0,0.0,2.651574074,0.0,8.526759259,2.185185185,6.416574074,0.0,0.363636364,13,0,2,0,0,0,1,1,2,1,0,2,2,0,0,0,2,1.9686,53.481,0,0,2,2,0,0,0,0,0,0,0,2,1,1,0,0,0,1,0,0,0,0,0,2,0,0,0,0,0,2.0,80,1.0,0.0,720.0,75.5814,0.6179348465,0.4906449963571428,0.5862926796428571,0
C1=CC=C(C[N+]2=CC=CC=C2)C=C1,12,1,0,0,0,1,0.083333333,0.946111111,2.162037037,0.946111111,0.607026736,170.235,158.139,170.0964258,64,0.1732973,-0.200778191,0.200778191,0.1732973,0.769230769,1.384615385,2.076923077,14.91773153,10.2000858,1.977779531,-1.950965332,1.961325305,-2.321392417,5.126707994,-0.687935932,2.161475751,315.8986487,8.932875131,7.427823069,7.427823069,6.449489743,4.430195872,4.430195872,3.033424679,3.033424679,1.985278953,1.985278953,1.333965744,1.333965744,-1.63,1589.71823,7.990585046,3.853986625,2.152838045,78.28305891,0.0,0.0,18.93844355,0.0,0.0,0.0,0.0,4.567099648,0,0.0,36.39820241,0.0,17.69618563,0.0,4.567099648,0.0,0.0,0.0,6.544756406,0.0,66.48807518,0.0,4.567099648,0.0,0.0,0.0,0.0,6.544756406,0.0,5.563451492,60.92462369,0.0,3.88,0.0,0.0,0,0.0,0.0,6.544756406,5.563451492,0.0,24.26546827,41.22625506,0.0,2.162037037,0.0,0.0,1.33212963,0.0,16.57361111,4.152777778,0.946111111,0.0,0.083333333,13,0,1,0,0,0,1,1,2,0,0,1,2,0,0,0,2,2.0224,52.181,0,0,1,1,0,0,0,0,0,0,0,0,1,0,0,0,0,0,0,0,0,0,0,0,0,0,1,0,0,2.0,80,1.0,0.0,0.0,0.0,0.8814376178666666,0.22150478393333334,0.9698084282666667,0
C1=CC=C(C[N+]2=CC=CC=C2)C=C1,12,1,0,0,0,1,0.083333333,0.946111111,2.162037037,0.946111111,0.607026736,170.235,158.139,170.0964258,64,0.1732973,-0.200778191,0.200778191,0.1732973,0.769230769,1.384615385,2.076923077,14.91773153,10.2000858,1.977779531,-1.950965332,1.961325305,-2.321392417,5.126707994,-0.687935932,2.161475751,315.8986487,8.932875131,7.427823069,7.427823069,6.449489743,4.430195872,4.430195872,3.033424679,3.033424679,1.985278953,1.985278953,1.333965744,1.333965744,-1.63,1589.71823,7.990585046,3.853986625,2.152838045,78.28305891,0.0,0.0,18.93844355,0.0,0.0,0.0,0.0,4.567099648,0,0.0,36.39820241,0.0,17.69618563,0.0,4.567099648,0.0,0.0,0.0,6.544756406,0.0,66.48807518,0.0,4.567099648,0.0,0.0,0.0,0.0,6.544756406,0.0,5.563451492,60.92462369,0.0,3.88,0.0,0.0,0,0.0,0.0,6.544756406,5.563451492,0.0,24.26546827,41.22625506,0.0,2.162037037,0.0,0.0,1.33212963,0.0,16.57361111,4.152777778,0.946111111,0.0,0.083333333,13,0,1,0,0,0,1,1,2,0,0,1,2,0,0,0,2,2.0224,52.181,0,0,1,1,0,0,0,0,0,0,0,0,1,0,0,0,0,0,0,0,0,0,0,0,0,0,1,0,0,2.0,80,1.0,0.0,120.0,100.0,0.8814376178666666,0.22150478393333334,0.9698084282666667,0
C1=CC=C(C[N+]2=CC=CC=C2)C=C1,12,1,0,0,0,1,0.083333333,0.946111111,2.162037037,0.946111111,0.607026736,170.235,158.139,170.0964258,64,0.1732973,-0.200778191,0.200778191,0.1732973,0.769230769,1.384615385,2.076923077,14.91773153,10.2000858,1.977779531,-1.950965332,1.961325305,-2.321392417,5.126707994,-0.687935932,2.161475751,315.8986487,8.932875131,7.427823069,7.427823069,6.449489743,4.430195872,4.430195872,3.033424679,3.033424679,1.985278953,1.985278953,1.333965744,1.333965744,-1.63,1589.71823,7.990585046,3.853986625,2.152838045,78.28305891,0.0,0.0,18.93844355,0.0,0.0,0.0,0.0,4.567099648,0,0.0,36.39820241,0.0,17.69618563,0.0,4.567099648,0.0,0.0,0.0,6.544756406,0.0,66.48807518,0.0,4.567099648,0.0,0.0,0.0,0.0,6.544756406,0.0,5.563451492,60.92462369,0.0,3.88,0.0,0.0,0,0.0,0.0,6.544756406,5.563451492,0.0,24.26546827,41.22625506,0.0,2.162037037,0.0,0.0,1.33212963,0.0,16.57361111,4.152777778,0.946111111,0.0,0.083333333,13,0,1,0,0,0,1,1,2,0,0,1,2,0,0,0,2,2.0224,52.181,0,0,1,1,0,0,0,0,0,0,0,0,1,0,0,0,0,0,0,0,0,0,0,0,0,0,1,0,0,2.0,80,1.0,0.0,240.0,100.0,0.8814376178666666,0.22150478393333334,0.9698084282666667,0
C1=CC=C(C[N+]2=CC=CC=C2)C=C1,12,1,0,0,0,1,0.083333333,0.946111111,2.162037037,0.946111111,0.607026736,170.235,158.139,170.0964258,64,0.1732973,-0.200778191,0.200778191,0.1732973,0.769230769,1.384615385,2.076923077,14.91773153,10.2000858,1.977779531,-1.950965332,1.961325305,-2.321392417,5.126707994,-0.687935932,2.161475751,315.8986487,8.932875131,7.427823069,7.427823069,6.449489743,4.430195872,4.430195872,3.033424679,3.033424679,1.985278953,1.985278953,1.333965744,1.333965744,-1.63,1589.71823,7.990585046,3.853986625,2.152838045,78.28305891,0.0,0.0,18.93844355,0.0,0.0,0.0,0.0,4.567099648,0,0.0,36.39820241,0.0,17.69618563,0.0,4.567099648,0.0,0.0,0.0,6.544756406,0.0,66.48807518,0.0,4.567099648,0.0,0.0,0.0,0.0,6.544756406,0.0,5.563451492,60.92462369,0.0,3.88,0.0,0.0,0,0.0,0.0,6.544756406,5.563451492,0.0,24.26546827,41.22625506,0.0,2.162037037,0.0,0.0,1.33212963,0.0,16.57361111,4.152777778,0.946111111,0.0,0.083333333,13,0,1,0,0,0,1,1,2,0,0,1,2,0,0,0,2,2.0224,52.181,0,0,1,1,0,0,0,0,0,0,0,0,1,0,0,0,0,0,0,0,0,0,0,0,0,0,1,0,0,2.0,80,1.0,0.0,360.0,100.0,0.8814376178666666,0.22150478393333334,0.9698084282666667,0
C1=CC=C(C[N+]2=CC=CC=C2)C=C1,12,1,0,0,0,1,0.083333333,0.946111111,2.162037037,0.946111111,0.607026736,170.235,158.139,170.0964258,64,0.1732973,-0.200778191,0.200778191,0.1732973,0.769230769,1.384615385,2.076923077,14.91773153,10.2000858,1.977779531,-1.950965332,1.961325305,-2.321392417,5.126707994,-0.687935932,2.161475751,315.8986487,8.932875131,7.427823069,7.427823069,6.449489743,4.430195872,4.430195872,3.033424679,3.033424679,1.985278953,1.985278953,1.333965744,1.333965744,-1.63,1589.71823,7.990585046,3.853986625,2.152838045,78.28305891,0.0,0.0,18.93844355,0.0,0.0,0.0,0.0,4.567099648,0,0.0,36.39820241,0.0,17.69618563,0.0,4.567099648,0.0,0.0,0.0,6.544756406,0.0,66.48807518,0.0,4.567099648,0.0,0.0,0.0,0.0,6.544756406,0.0,5.563451492,60.92462369,0.0,3.88,0.0,0.0,0,0.0,0.0,6.544756406,5.563451492,0.0,24.26546827,41.22625506,0.0,2.162037037,0.0,0.0,1.33212963,0.0,16.57361111,4.152777778,0.946111111,0.0,0.083333333,13,0,1,0,0,0,1,1,2,0,0,1,2,0,0,0,2,2.0224,52.181,0,0,1,1,0,0,0,0,0,0,0,0,1,0,0,0,0,0,0,0,0,0,0,0,0,0,1,0,0,2.0,80,1.0,0.0,480.0,100.0,0.8814376178666666,0.22150478393333334,0.9698084282666667,0
C1=CC=C(C[N+]2=CC=CC=C2)C=C1,12,1,0,0,0,1,0.083333333,0.946111111,2.162037037,0.946111111,0.607026736,170.235,158.139,170.0964258,64,0.1732973,-0.200778191,0.200778191,0.1732973,0.769230769,1.384615385,2.076923077,14.91773153,10.2000858,1.977779531,-1.950965332,1.961325305,-2.321392417,5.126707994,-0.687935932,2.161475751,315.8986487,8.932875131,7.427823069,7.427823069,6.449489743,4.430195872,4.430195872,3.033424679,3.033424679,1.985278953,1.985278953,1.333965744,1.333965744,-1.63,1589.71823,7.990585046,3.853986625,2.152838045,78.28305891,0.0,0.0,18.93844355,0.0,0.0,0.0,0.0,4.567099648,0,0.0,36.39820241,0.0,17.69618563,0.0,4.567099648,0.0,0.0,0.0,6.544756406,0.0,66.48807518,0.0,4.567099648,0.0,0.0,0.0,0.0,6.544756406,0.0,5.563451492,60.92462369,0.0,3.88,0.0,0.0,0,0.0,0.0,6.544756406,5.563451492,0.0,24.26546827,41.22625506,0.0,2.162037037,0.0,0.0,1.33212963,0.0,16.57361111,4.152777778,0.946111111,0.0,0.083333333,13,0,1,0,0,0,1,1,2,0,0,1,2,0,0,0,2,2.0224,52.181,0,0,1,1,0,0,0,0,0,0,0,0,1,0,0,0,0,0,0,0,0,0,0,0,0,0,1,0,0,2.0,80,1.0,0.0,600.0,100.0,0.8814376178666666,0.22150478393333334,0.9698084282666667,0
C1=CC=C(C[N+]2=CC=CC=C2)C=C1,12,1,0,0,0,1,0.083333333,0.946111111,2.162037037,0.946111111,0.607026736,170.235,158.139,170.0964258,64,0.1732973,-0.200778191,0.200778191,0.1732973,0.769230769,1.384615385,2.076923077,14.91773153,10.2000858,1.977779531,-1.950965332,1.961325305,-2.321392417,5.126707994,-0.687935932,2.161475751,315.8986487,8.932875131,7.427823069,7.427823069,6.449489743,4.430195872,4.430195872,3.033424679,3.033424679,1.985278953,1.985278953,1.333965744,1.333965744,-1.63,1589.71823,7.990585046,3.853986625,2.152838045,78.28305891,0.0,0.0,18.93844355,0.0,0.0,0.0,0.0,4.567099648,0,0.0,36.39820241,0.0,17.69618563,0.0,4.567099648,0.0,0.0,0.0,6.544756406,0.0,66.48807518,0.0,4.567099648,0.0,0.0,0.0,0.0,6.544756406,0.0,5.563451492,60.92462369,0.0,3.88,0.0,0.0,0,0.0,0.0,6.544756406,5.563451492,0.0,24.26546827,41.22625506,0.0,2.162037037,0.0,0.0,1.33212963,0.0,16.57361111,4.152777778,0.946111111,0.0,0.083333333,13,0,1,0,0,0,1,1,2,0,0,1,2,0,0,0,2,2.0224,52.181,0,0,1,1,0,0,0,0,0,0,0,0,1,0,0,0,0,0,0,0,0,0,0,0,0,0,1,0,0,2.0,80,1.0,0.0,720.0,100.0,0.8814376178666666,0.22150478393333334,0.9698084282666667,0
CN(C)C(N(C)C)=[N+](C)CC1=CC=CC=C1,13,3,0,0,0,3,0.461538462,0.923148148,2.24537037,0.923148148,0.422171489,220.34,198.164,220.1808241,88,0.349140903,-0.270209268,0.349140903,0.270209268,1.0,1.5,1.9375,15.36322853,10.2020442,2.151624946,-2.188533892,2.005641981,-2.414343744,5.734873991,-0.523250374,2.901029662,342.7002729,12.12939203,10.93549891,10.93549891,7.519744508,5.48735313,5.48735313,4.430515271,4.430515271,2.403991029,2.403991029,2.010834496,2.010834496,-1.51,3020.911892,12.55901311,5.540043161,3.260044925,98.61095923,0.0,0.0,0.0,0.0,0.0,5.959554569,14.37534532,0.0,0,0.0,30.33183534,5.563451492,0.0,41.78311632,4.575525859,5.959554569,9.799819462,0.0,6.544756406,35.23835991,35.89528683,0.0,0.0,0.0,0.0,0.0,55.5732598,6.544756406,0.0,5.563451492,30.33183534,0.0,9.49,0.0,0.0,0,0.0,0.0,6.544756406,11.52300606,0.0,6.066367068,73.87917351,0.0,2.24537037,4.255833333,0.0,1.325185185,1.198012094,10.50717309,0.0,0.923148148,10.37861111,0.461538462,16,0,3,0,0,0,1,0,1,0,0,3,2,0,0,0,1,1.3081,68.7114,0,0,0,3,0,0,0,0,0,0,0,0,1,0,0,1,0,0,0,0,0,0,0,0,0,0,0,0,0,2.0,80,1.0,0.0,0.0,0.0,1.0337721733103449,0.314317454,0.9136971473448277,0
CN(C)C(N(C)C)=[N+](C)CC1=CC=CC=C1,13,3,0,0,0,3,0.461538462,0.923148148,2.24537037,0.923148148,0.422171489,220.34,198.164,220.1808241,88,0.349140903,-0.270209268,0.349140903,0.270209268,1.0,1.5,1.9375,15.36322853,10.2020442,2.151624946,-2.188533892,2.005641981,-2.414343744,5.734873991,-0.523250374,2.901029662,342.7002729,12.12939203,10.93549891,10.93549891,7.519744508,5.48735313,5.48735313,4.430515271,4.430515271,2.403991029,2.403991029,2.010834496,2.010834496,-1.51,3020.911892,12.55901311,5.540043161,3.260044925,98.61095923,0.0,0.0,0.0,0.0,0.0,5.959554569,14.37534532,0.0,0,0.0,30.33183534,5.563451492,0.0,41.78311632,4.575525859,5.959554569,9.799819462,0.0,6.544756406,35.23835991,35.89528683,0.0,0.0,0.0,0.0,0.0,55.5732598,6.544756406,0.0,5.563451492,30.33183534,0.0,9.49,0.0,0.0,0,0.0,0.0,6.544756406,11.52300606,0.0,6.066367068,73.87917351,0.0,2.24537037,4.255833333,0.0,1.325185185,1.198012094,10.50717309,0.0,0.923148148,10.37861111,0.461538462,16,0,3,0,0,0,1,0,1,0,0,3,2,0,0,0,1,1.3081,68.7114,0,0,0,3,0,0,0,0,0,0,0,0,1,0,0,1,0,0,0,0,0,0,0,0,0,0,0,0,0,2.0,80,1.0,0.0,120.0,100.0,1.0337721733103449,0.314317454,0.9136971473448277,0
CN(C)C(N(C)C)=[N+](C)CC1=CC=CC=C1,13,3,0,0,0,3,0.461538462,0.923148148,2.24537037,0.923148148,0.422171489,220.34,198.164,220.1808241,88,0.349140903,-0.270209268,0.349140903,0.270209268,1.0,1.5,1.9375,15.36322853,10.2020442,2.151624946,-2.188533892,2.005641981,-2.414343744,5.734873991,-0.523250374,2.901029662,342.7002729,12.12939203,10.93549891,10.93549891,7.519744508,5.48735313,5.48735313,4.430515271,4.430515271,2.403991029,2.403991029,2.010834496,2.010834496,-1.51,3020.911892,12.55901311,5.540043161,3.260044925,98.61095923,0.0,0.0,0.0,0.0,0.0,5.959554569,14.37534532,0.0,0,0.0,30.33183534,5.563451492,0.0,41.78311632,4.575525859,5.959554569,9.799819462,0.0,6.544756406,35.23835991,35.89528683,0.0,0.0,0.0,0.0,0.0,55.5732598,6.544756406,0.0,5.563451492,30.33183534,0.0,9.49,0.0,0.0,0,0.0,0.0,6.544756406,11.52300606,0.0,6.066367068,73.87917351,0.0,2.24537037,4.255833333,0.0,1.325185185,1.198012094,10.50717309,0.0,0.923148148,10.37861111,0.461538462,16,0,3,0,0,0,1,0,1,0,0,3,2,0,0,0,1,1.3081,68.7114,0,0,0,3,0,0,0,0,0,0,0,0,1,0,0,1,0,0,0,0,0,0,0,0,0,0,0,0,0,2.0,80,1.0,0.0,240.0,100.0,1.0337721733103449,0.314317454,0.9136971473448277,0
CN(C)C(N(C)C)=[N+](C)CC1=CC=CC=C1,13,3,0,0,0,3,0.461538462,0.923148148,2.24537037,0.923148148,0.422171489,220.34,198.164,220.1808241,88,0.349140903,-0.270209268,0.349140903,0.270209268,1.0,1.5,1.9375,15.36322853,10.2020442,2.151624946,-2.188533892,2.005641981,-2.414343744,5.734873991,-0.523250374,2.901029662,342.7002729,12.12939203,10.93549891,10.93549891,7.519744508,5.48735313,5.48735313,4.430515271,4.430515271,2.403991029,2.403991029,2.010834496,2.010834496,-1.51,3020.911892,12.55901311,5.540043161,3.260044925,98.61095923,0.0,0.0,0.0,0.0,0.0,5.959554569,14.37534532,0.0,0,0.0,30.33183534,5.563451492,0.0,41.78311632,4.575525859,5.959554569,9.799819462,0.0,6.544756406,35.23835991,35.89528683,0.0,0.0,0.0,0.0,0.0,55.5732598,6.544756406,0.0,5.563451492,30.33183534,0.0,9.49,0.0,0.0,0,0.0,0.0,6.544756406,11.52300606,0.0,6.066367068,73.87917351,0.0,2.24537037,4.255833333,0.0,1.325185185,1.198012094,10.50717309,0.0,0.923148148,10.37861111,0.461538462,16,0,3,0,0,0,1,0,1,0,0,3,2,0,0,0,1,1.3081,68.7114,0,0,0,3,0,0,0,0,0,0,0,0,1,0,0,1,0,0,0,0,0,0,0,0,0,0,0,0,0,2.0,80,1.0,0.0,360.0,100.0,1.0337721733103449,0.314317454,0.9136971473448277,0
CN(C)C(N(C)C)=[N+](C)CC1=CC=CC=C1,13,3,0,0,0,3,0.461538462,0.923148148,2.24537037,0.923148148,0.422171489,220.34,198.164,220.1808241,88,0.349140903,-0.270209268,0.349140903,0.270209268,1.0,1.5,1.9375,15.36322853,10.2020442,2.151624946,-2.188533892,2.005641981,-2.414343744,5.734873991,-0.523250374,2.901029662,342.7002729,12.12939203,10.93549891,10.93549891,7.519744508,5.48735313,5.48735313,4.430515271,4.430515271,2.403991029,2.403991029,2.010834496,2.010834496,-1.51,3020.911892,12.55901311,5.540043161,3.260044925,98.61095923,0.0,0.0,0.0,0.0,0.0,5.959554569,14.37534532,0.0,0,0.0,30.33183534,5.563451492,0.0,41.78311632,4.575525859,5.959554569,9.799819462,0.0,6.544756406,35.23835991,35.89528683,0.0,0.0,0.0,0.0,0.0,55.5732598,6.544756406,0.0,5.563451492,30.33183534,0.0,9.49,0.0,0.0,0,0.0,0.0,6.544756406,11.52300606,0.0,6.066367068,73.87917351,0.0,2.24537037,4.255833333,0.0,1.325185185,1.198012094,10.50717309,0.0,0.923148148,10.37861111,0.461538462,16,0,3,0,0,0,1,0,1,0,0,3,2,0,0,0,1,1.3081,68.7114,0,0,0,3,0,0,0,0,0,0,0,0,1,0,0,1,0,0,0,0,0,0,0,0,0,0,0,0,0,2.0,80,1.0,0.0,480.0,100.0,1.0337721733103449,0.314317454,0.9136971473448277,0
CN(C)C(N(C)C)=[N+](C)CC1=CC=CC=C1,13,3,0,0,0,3,0.461538462,0.923148148,2.24537037,0.923148148,0.422171489,220.34,198.164,220.1808241,88,0.349140903,-0.270209268,0.349140903,0.270209268,1.0,1.5,1.9375,15.36322853,10.2020442,2.151624946,-2.188533892,2.005641981,-2.414343744,5.734873991,-0.523250374,2.901029662,342.7002729,12.12939203,10.93549891,10.93549891,7.519744508,5.48735313,5.48735313,4.430515271,4.430515271,2.403991029,2.403991029,2.010834496,2.010834496,-1.51,3020.911892,12.55901311,5.540043161,3.260044925,98.61095923,0.0,0.0,0.0,0.0,0.0,5.959554569,14.37534532,0.0,0,0.0,30.33183534,5.563451492,0.0,41.78311632,4.575525859,5.959554569,9.799819462,0.0,6.544756406,35.23835991,35.89528683,0.0,0.0,0.0,0.0,0.0,55.5732598,6.544756406,0.0,5.563451492,30.33183534,0.0,9.49,0.0,0.0,0,0.0,0.0,6.544756406,11.52300606,0.0,6.066367068,73.87917351,0.0,2.24537037,4.255833333,0.0,1.325185185,1.198012094,10.50717309,0.0,0.923148148,10.37861111,0.461538462,16,0,3,0,0,0,1,0,1,0,0,3,2,0,0,0,1,1.3081,68.7114,0,0,0,3,0,0,0,0,0,0,0,0,1,0,0,1,0,0,0,0,0,0,0,0,0,0,0,0,0,2.0,80,1.0,0.0,600.0,100.0,1.0337721733103449,0.314317454,0.9136971473448277,0
CN(C)C(N(C)C)=[N+](C)CC1=CC=CC=C1,13,3,0,0,0,3,0.461538462,0.923148148,2.24537037,0.923148148,0.422171489,220.34,198.164,220.1808241,88,0.349140903,-0.270209268,0.349140903,0.270209268,1.0,1.5,1.9375,15.36322853,10.2020442,2.151624946,-2.188533892,2.005641981,-2.414343744,5.734873991,-0.523250374,2.901029662,342.7002729,12.12939203,10.93549891,10.93549891,7.519744508,5.48735313,5.48735313,4.430515271,4.430515271,2.403991029,2.403991029,2.010834496,2.010834496,-1.51,3020.911892,12.55901311,5.540043161,3.260044925,98.61095923,0.0,0.0,0.0,0.0,0.0,5.959554569,14.37534532,0.0,0,0.0,30.33183534,5.563451492,0.0,41.78311632,4.575525859,5.959554569,9.799819462,0.0,6.544756406,35.23835991,35.89528683,0.0,0.0,0.0,0.0,0.0,55.5732598,6.544756406,0.0,5.563451492,30.33183534,0.0,9.49,0.0,0.0,0,0.0,0.0,6.544756406,11.52300606,0.0,6.066367068,73.87917351,0.0,2.24537037,4.255833333,0.0,1.325185185,1.198012094,10.50717309,0.0,0.923148148,10.37861111,0.461538462,16,0,3,0,0,0,1,0,1,0,0,3,2,0,0,0,1,1.3081,68.7114,0,0,0,3,0,0,0,0,0,0,0,0,1,0,0,1,0,0,0,0,0,0,0,0,0,0,0,0,0,2.0,80,1.0,0.0,720.0,100.0,1.0337721733103449,0.314317454,0.9136971473448277,0
CN(C1CCCCC1)[P+](N(C)C1CCCCC1)(N(C)C1CCCCC1)N(C)C1CCCCC1,28,4,0,0,1,1,0.6,-1.800925926,3.017834467,0.75944909,0.330305863,479.758,423.31,479.4237108,192,0.308102965,-0.133102457,0.308102965,0.133102457,0.333333333,0.515151515,0.696969697,31.20806956,9.954857359,2.625518638,-2.553190701,2.722792743,-2.578476926,7.662711001,0.150406478,1.74606563,460.7349121,23.26093778,22.68760468,23.58203187,16.06342127,14.88763626,16.48763626,11.99866788,15.59574094,10.1055626,14.79793706,8.030405825,13.37731662,0.27,41093013.14,26.33635214,12.48639178,5.66118957,206.9181161,0.0,0.0,0.0,0.0,0.0,7.865383607,0.0,0.0,0,18.68166476,77.04985948,51.36657298,52.35805125,0.0,0.0,7.865383607,18.68166476,0.0,152.5837958,28.19068793,0.0,0.0,0.0,0.0,0.0,7.865383607,71.03971601,0.0,0.0,128.4164325,0.0,0.0,12.96,7.865383607,0.0,0,0.0,0.0,24.16736332,128.4164325,0.0,0.0,46.87235269,0.0,12.07133787,0.0,0.0,0.0,0.0,3.037796359,28.54598325,0.0,8.483771416,1.0,33,0,4,4,0,4,0,0,0,4,0,5,8,4,0,4,4,7.722,145.464,0,0,0,4,0,0,0,0,0,0,0,0,0,0,0,0,0,0,0,0,0,0,0,0,0,0,0,0,0,2.0,80,1.0,0.0,0.0,0.0,0.9958301147142857,0.341299902,0.9065267608571429,0
CN(C1CCCCC1)[P+](N(C)C1CCCCC1)(N(C)C1CCCCC1)N(C)C1CCCCC1,28,4,0,0,1,1,0.6,-1.800925926,3.017834467,0.75944909,0.330305863,479.758,423.31,479.4237108,192,0.308102965,-0.133102457,0.308102965,0.133102457,0.333333333,0.515151515,0.696969697,31.20806956,9.954857359,2.625518638,-2.553190701,2.722792743,-2.578476926,7.662711001,0.150406478,1.74606563,460.7349121,23.26093778,22.68760468,23.58203187,16.06342127,14.88763626,16.48763626,11.99866788,15.59574094,10.1055626,14.79793706,8.030405825,13.37731662,0.27,41093013.14,26.33635214,12.48639178,5.66118957,206.9181161,0.0,0.0,0.0,0.0,0.0,7.865383607,0.0,0.0,0,18.68166476,77.04985948,51.36657298,52.35805125,0.0,0.0,7.865383607,18.68166476,0.0,152.5837958,28.19068793,0.0,0.0,0.0,0.0,0.0,7.865383607,71.03971601,0.0,0.0,128.4164325,0.0,0.0,12.96,7.865383607,0.0,0,0.0,0.0,24.16736332,128.4164325,0.0,0.0,46.87235269,0.0,12.07133787,0.0,0.0,0.0,0.0,3.037796359,28.54598325,0.0,8.483771416,1.0,33,0,4,4,0,4,0,0,0,4,0,5,8,4,0,4,4,7.722,145.464,0,0,0,4,0,0,0,0,0,0,0,0,0,0,0,0,0,0,0,0,0,0,0,0,0,0,0,0,0,2.0,80,1.0,0.0,120.0,0.0,0.9958301147142857,0.341299902,0.9065267608571429,0
CN(C1CCCCC1)[P+](N(C)C1CCCCC1)(N(C)C1CCCCC1)N(C)C1CCCCC1,28,4,0,0,1,1,0.6,-1.800925926,3.017834467,0.75944909,0.330305863,479.758,423.31,479.4237108,192,0.308102965,-0.133102457,0.308102965,0.133102457,0.333333333,0.515151515,0.696969697,31.20806956,9.954857359,2.625518638,-2.553190701,2.722792743,-2.578476926,7.662711001,0.150406478,1.74606563,460.7349121,23.26093778,22.68760468,23.58203187,16.06342127,14.88763626,16.48763626,11.99866788,15.59574094,10.1055626,14.79793706,8.030405825,13.37731662,0.27,41093013.14,26.33635214,12.48639178,5.66118957,206.9181161,0.0,0.0,0.0,0.0,0.0,7.865383607,0.0,0.0,0,18.68166476,77.04985948,51.36657298,52.35805125,0.0,0.0,7.865383607,18.68166476,0.0,152.5837958,28.19068793,0.0,0.0,0.0,0.0,0.0,7.865383607,71.03971601,0.0,0.0,128.4164325,0.0,0.0,12.96,7.865383607,0.0,0,0.0,0.0,24.16736332,128.4164325,0.0,0.0,46.87235269,0.0,12.07133787,0.0,0.0,0.0,0.0,3.037796359,28.54598325,0.0,8.483771416,1.0,33,0,4,4,0,4,0,0,0,4,0,5,8,4,0,4,4,7.722,145.464,0,0,0,4,0,0,0,0,0,0,0,0,0,0,0,0,0,0,0,0,0,0,0,0,0,0,0,0,0,2.0,80,1.0,0.0,240.0,0.0,0.9958301147142857,0.341299902,0.9065267608571429,0
CN(C1CCCCC1)[P+](N(C)C1CCCCC1)(N(C)C1CCCCC1)N(C)C1CCCCC1,28,4,0,0,1,1,0.6,-1.800925926,3.017834467,0.75944909,0.330305863,479.758,423.31,479.4237108,192,0.308102965,-0.133102457,0.308102965,0.133102457,0.333333333,0.515151515,0.696969697,31.20806956,9.954857359,2.625518638,-2.553190701,2.722792743,-2.578476926,7.662711001,0.150406478,1.74606563,460.7349121,23.26093778,22.68760468,23.58203187,16.06342127,14.88763626,16.48763626,11.99866788,15.59574094,10.1055626,14.79793706,8.030405825,13.37731662,0.27,41093013.14,26.33635214,12.48639178,5.66118957,206.9181161,0.0,0.0,0.0,0.0,0.0,7.865383607,0.0,0.0,0,18.68166476,77.04985948,51.36657298,52.35805125,0.0,0.0,7.865383607,18.68166476,0.0,152.5837958,28.19068793,0.0,0.0,0.0,0.0,0.0,7.865383607,71.03971601,0.0,0.0,128.4164325,0.0,0.0,12.96,7.865383607,0.0,0,0.0,0.0,24.16736332,128.4164325,0.0,0.0,46.87235269,0.0,12.07133787,0.0,0.0,0.0,0.0,3.037796359,28.54598325,0.0,8.483771416,1.0,33,0,4,4,0,4,0,0,0,4,0,5,8,4,0,4,4,7.722,145.464,0,0,0,4,0,0,0,0,0,0,0,0,0,0,0,0,0,0,0,0,0,0,0,0,0,0,0,0,0,2.0,80,1.0,0.0,360.0,0.0,0.9958301147142857,0.341299902,0.9065267608571429,0
CN(C1CCCCC1)[P+](N(C)C1CCCCC1)(N(C)C1CCCCC1)N(C)C1CCCCC1,28,4,0,0,1,1,0.6,-1.800925926,3.017834467,0.75944909,0.330305863,479.758,423.31,479.4237108,192,0.308102965,-0.133102457,0.308102965,0.133102457,0.333333333,0.515151515,0.696969697,31.20806956,9.954857359,2.625518638,-2.553190701,2.722792743,-2.578476926,7.662711001,0.150406478,1.74606563,460.7349121,23.26093778,22.68760468,23.58203187,16.06342127,14.88763626,16.48763626,11.99866788,15.59574094,10.1055626,14.79793706,8.030405825,13.37731662,0.27,41093013.14,26.33635214,12.48639178,5.66118957,206.9181161,0.0,0.0,0.0,0.0,0.0,7.865383607,0.0,0.0,0,18.68166476,77.04985948,51.36657298,52.35805125,0.0,0.0,7.865383607,18.68166476,0.0,152.5837958,28.19068793,0.0,0.0,0.0,0.0,0.0,7.865383607,71.03971601,0.0,0.0,128.4164325,0.0,0.0,12.96,7.865383607,0.0,0,0.0,0.0,24.16736332,128.4164325,0.0,0.0,46.87235269,0.0,12.07133787,0.0,0.0,0.0,0.0,3.037796359,28.54598325,0.0,8.483771416,1.0,33,0,4,4,0,4,0,0,0,4,0,5,8,4,0,4,4,7.722,145.464,0,0,0,4,0,0,0,0,0,0,0,0,0,0,0,0,0,0,0,0,0,0,0,0,0,0,0,0,0,2.0,80,1.0,0.0,480.0,0.0,0.9958301147142857,0.341299902,0.9065267608571429,0
CN(C1CCCCC1)[P+](N(C)C1CCCCC1)(N(C)C1CCCCC1)N(C)C1CCCCC1,28,4,0,0,1,1,0.6,-1.800925926,3.017834467,0.75944909,0.330305863,479.758,423.31,479.4237108,192,0.308102965,-0.133102457,0.308102965,0.133102457,0.333333333,0.515151515,0.696969697,31.20806956,9.954857359,2.625518638,-2.553190701,2.722792743,-2.578476926,7.662711001,0.150406478,1.74606563,460.7349121,23.26093778,22.68760468,23.58203187,16.06342127,14.88763626,16.48763626,11.99866788,15.59574094,10.1055626,14.79793706,8.030405825,13.37731662,0.27,41093013.14,26.33635214,12.48639178,5.66118957,206.9181161,0.0,0.0,0.0,0.0,0.0,7.865383607,0.0,0.0,0,18.68166476,77.04985948,51.36657298,52.35805125,0.0,0.0,7.865383607,18.68166476,0.0,152.5837958,28.19068793,0.0,0.0,0.0,0.0,0.0,7.865383607,71.03971601,0.0,0.0,128.4164325,0.0,0.0,12.96,7.865383607,0.0,0,0.0,0.0,24.16736332,128.4164325,0.0,0.0,46.87235269,0.0,12.07133787,0.0,0.0,0.0,0.0,3.037796359,28.54598325,0.0,8.483771416,1.0,33,0,4,4,0,4,0,0,0,4,0,5,8,4,0,4,4,7.722,145.464,0,0,0,4,0,0,0,0,0,0,0,0,0,0,0,0,0,0,0,0,0,0,0,0,0,0,0,0,0,2.0,80,1.0,0.0,600.0,0.0,0.9958301147142857,0.341299902,0.9065267608571429,0
CN(C1CCCCC1)[P+](N(C)C1CCCCC1)(N(C)C1CCCCC1)N(C)C1CCCCC1,28,4,0,0,1,1,1.0,-1.800925926,3.017834467,0.75944909,0.330305863,479.758,423.31,479.4237108,192,0.308102965,-0.133102457,0.308102965,0.133102457,0.333333333,0.515151515,0.696969697,31.20806956,9.954857359,2.625518638,-2.553190701,2.722792743,-2.578476926,7.662711001,0.150406478,1.74606563,460.7349121,23.26093778,22.68760468,23.58203187,16.06342127,14.88763626,16.48763626,11.99866788,15.59574094,10.1055626,14.79793706,8.030405825,13.37731662,0.27,41093013.14,26.33635214,12.48639178,5.66118957,206.9181161,0.0,0.0,0.0,0.0,0.0,7.865383607,0.0,0.0,0,18.68166476,77.04985948,51.36657298,52.35805125,0.0,0.0,7.865383607,18.68166476,0.0,152.5837958,28.19068793,0.0,0.0,0.0,0.0,0.0,7.865383607,71.03971601,0.0,0.0,128.4164325,0.0,0.0,12.96,7.865383607,0.0,0,0.0,0.0,24.16736332,128.4164325,0.0,0.0,46.87235269,0.0,12.07133787,0.0,0.0,0.0,0.0,3.037796359,28.54598325,0.0,8.483771416,1.0,33,0,4,4,0,4,0,0,0,4,0,5,8,4,0,4,4,7.722,145.464,0,0,0,4,0,0,0,0,0,0,0,0,0,0,0,0,0,0,0,0,0,0,0,0,0,0,0,0,0,2.0,80,1.0,0.0,720.0,0.0,0.9958301147142857,0.341299902,0.9065267608571429,0
C1CCN([P+](N2CCCC2)(N2CCCC2)N2CCCC2)C1,16,4,0,0,1,1,1.0,-1.353395062,2.967222222,1.353395062,0.739849419,311.434,279.178,311.2359101,120,0.308099749,-0.133092971,0.308099749,0.133092971,0.333333333,0.523809524,0.714285714,31.20806864,10.39358405,2.627023079,-2.471080099,2.724862718,-2.497404029,7.663133009,0.301555984,1.714071065,270.6763641,14.12310958,13.54977648,14.44420367,10.42068686,9.329822128,10.92982213,7.179735862,10.51579019,5.847715405,10.48350196,4.948378661,10.37300003,0.27,209317.1333,14.83663575,6.40898078,2.476428784,130.5388108,0.0,0.0,0.0,0.0,0.0,7.865383607,0.0,0.0,0,18.68166476,0.0,51.36657298,52.35805125,0.0,0.0,7.865383607,18.68166476,0.0,51.36657298,52.35805125,0.0,0.0,0.0,0.0,0.0,7.865383607,71.03971601,0.0,0.0,51.36657298,0.0,0.0,12.96,7.865383607,0.0,0,0.0,0.0,0.0,103.7246242,0.0,0.0,18.68166476,0.0,11.86888889,0.0,0.0,0.0,0.0,0.0,11.42277778,10.86728395,-1.353395062,1.0,21,0,4,0,4,4,0,0,0,4,0,5,4,0,4,4,4,3.0472,90.148,0,0,0,4,0,0,0,0,0,0,0,0,0,0,0,0,0,0,0,0,0,0,0,0,0,0,0,0,0,2.0,80,1.0,0.0,0.0,0.0,1.6195380532142856,0.8530106838571428,0.9451986835,0
C1CCN([P+](N2CCCC2)(N2CCCC2)N2CCCC2)C1,16,4,0,0,1,1,1.0,-1.353395062,2.967222222,1.353395062,0.739849419,311.434,279.178,311.2359101,120,0.308099749,-0.133092971,0.308099749,0.133092971,0.333333333,0.523809524,0.714285714,31.20806864,10.39358405,2.627023079,-2.471080099,2.724862718,-2.497404029,7.663133009,0.301555984,1.714071065,270.6763641,14.12310958,13.54977648,14.44420367,10.42068686,9.329822128,10.92982213,7.179735862,10.51579019,5.847715405,10.48350196,4.948378661,10.37300003,0.27,209317.1333,14.83663575,6.40898078,2.476428784,130.5388108,0.0,0.0,0.0,0.0,0.0,7.865383607,0.0,0.0,0,18.68166476,0.0,51.36657298,52.35805125,0.0,0.0,7.865383607,18.68166476,0.0,51.36657298,52.35805125,0.0,0.0,0.0,0.0,0.0,7.865383607,71.03971601,0.0,0.0,51.36657298,0.0,0.0,12.96,7.865383607,0.0,0,0.0,0.0,0.0,103.7246242,0.0,0.0,18.68166476,0.0,11.86888889,0.0,0.0,0.0,0.0,0.0,11.42277778,10.86728395,-1.353395062,1.0,21,0,4,0,4,4,0,0,0,4,0,5,4,0,4,4,4,3.0472,90.148,0,0,0,4,0,0,0,0,0,0,0,0,0,0,0,0,0,0,0,0,0,0,0,0,0,0,0,0,0,2.0,80,1.0,0.0,120.0,0.0,1.6195380532142856,0.8530106838571428,0.9451986835,0
C1CCN([P+](N2CCCC2)(N2CCCC2)N2CCCC2)C1,16,4,0,0,1,1,1.0,-1.353395062,2.967222222,1.353395062,0.739849419,311.434,279.178,311.2359101,120,0.308099749,-0.133092971,0.308099749,0.133092971,0.333333333,0.523809524,0.714285714,31.20806864,10.39358405,2.627023079,-2.471080099,2.724862718,-2.497404029,7.663133009,0.301555984,1.714071065,270.6763641,14.12310958,13.54977648,14.44420367,10.42068686,9.329822128,10.92982213,7.179735862,10.51579019,5.847715405,10.48350196,4.948378661,10.37300003,0.27,209317.1333,14.83663575,6.40898078,2.476428784,130.5388108,0.0,0.0,0.0,0.0,0.0,7.865383607,0.0,0.0,0,18.68166476,0.0,51.36657298,52.35805125,0.0,0.0,7.865383607,18.68166476,0.0,51.36657298,52.35805125,0.0,0.0,0.0,0.0,0.0,7.865383607,71.03971601,0.0,0.0,51.36657298,0.0,0.0,12.96,7.865383607,0.0,0,0.0,0.0,0.0,103.7246242,0.0,0.0,18.68166476,0.0,11.86888889,0.0,0.0,0.0,0.0,0.0,11.42277778,10.86728395,-1.353395062,1.0,21,0,4,0,4,4,0,0,0,4,0,5,4,0,4,4,4,3.0472,90.148,0,0,0,4,0,0,0,0,0,0,0,0,0,0,0,0,0,0,0,0,0,0,0,0,0,0,0,0,0,2.0,80,1.0,0.0,240.0,0.0,1.6195380532142856,0.8530106838571428,0.9451986835,0
C1CCN([P+](N2CCCC2)(N2CCCC2)N2CCCC2)C1,16,4,0,0,1,1,1.0,-1.353395062,2.967222222,1.353395062,0.739849419,311.434,279.178,311.2359101,120,0.308099749,-0.133092971,0.308099749,0.133092971,0.333333333,0.523809524,0.714285714,31.20806864,10.39358405,2.627023079,-2.471080099,2.724862718,-2.497404029,7.663133009,0.301555984,1.714071065,270.6763641,14.12310958,13.54977648,14.44420367,10.42068686,9.329822128,10.92982213,7.179735862,10.51579019,5.847715405,10.48350196,4.948378661,10.37300003,0.27,209317.1333,14.83663575,6.40898078,2.476428784,130.5388108,0.0,0.0,0.0,0.0,0.0,7.865383607,0.0,0.0,0,18.68166476,0.0,51.36657298,52.35805125,0.0,0.0,7.865383607,18.68166476,0.0,51.36657298,52.35805125,0.0,0.0,0.0,0.0,0.0,7.865383607,71.03971601,0.0,0.0,51.36657298,0.0,0.0,12.96,7.865383607,0.0,0,0.0,0.0,0.0,103.7246242,0.0,0.0,18.68166476,0.0,11.86888889,0.0,0.0,0.0,0.0,0.0,11.42277778,10.86728395,-1.353395062,1.0,21,0,4,0,4,4,0,0,0,4,0,5,4,0,4,4,4,3.0472,90.148,0,0,0,4,0,0,0,0,0,0,0,0,0,0,0,0,0,0,0,0,0,0,0,0,0,0,0,0,0,2.0,80,1.0,0.0,360.0,0.0,1.6195380532142856,0.8530106838571428,0.9451986835,0
C1CCN([P+](N2CCCC2)(N2CCCC2)N2CCCC2)C1,16,4,0,0,1,1,1.0,-1.353395062,2.967222222,1.353395062,0.739849419,311.434,279.178,311.2359101,120,0.308099749,-0.133092971,0.308099749,0.133092971,0.333333333,0.523809524,0.714285714,31.20806864,10.39358405,2.627023079,-2.471080099,2.724862718,-2.497404029,7.663133009,0.301555984,1.714071065,270.6763641,14.12310958,13.54977648,14.44420367,10.42068686,9.329822128,10.92982213,7.179735862,10.51579019,5.847715405,10.48350196,4.948378661,10.37300003,0.27,209317.1333,14.83663575,6.40898078,2.476428784,130.5388108,0.0,0.0,0.0,0.0,0.0,7.865383607,0.0,0.0,0,18.68166476,0.0,51.36657298,52.35805125,0.0,0.0,7.865383607,18.68166476,0.0,51.36657298,52.35805125,0.0,0.0,0.0,0.0,0.0,7.865383607,71.03971601,0.0,0.0,51.36657298,0.0,0.0,12.96,7.865383607,0.0,0,0.0,0.0,0.0,103.7246242,0.0,0.0,18.68166476,0.0,11.86888889,0.0,0.0,0.0,0.0,0.0,11.42277778,10.86728395,-1.353395062,1.0,21,0,4,0,4,4,0,0,0,4,0,5,4,0,4,4,4,3.0472,90.148,0,0,0,4,0,0,0,0,0,0,0,0,0,0,0,0,0,0,0,0,0,0,0,0,0,0,0,0,0,2.0,80,1.0,0.0,480.0,0.0,1.6195380532142856,0.8530106838571428,0.9451986835,0
C1CCN([P+](N2CCCC2)(N2CCCC2)N2CCCC2)C1,16,4,0,0,1,1,1.0,-1.353395062,2.967222222,1.353395062,0.739849419,311.434,279.178,311.2359101,120,0.308099749,-0.133092971,0.308099749,0.133092971,0.333333333,0.523809524,0.714285714,31.20806864,10.39358405,2.627023079,-2.471080099,2.724862718,-2.497404029,7.663133009,0.301555984,1.714071065,270.6763641,14.12310958,13.54977648,14.44420367,10.42068686,9.329822128,10.92982213,7.179735862,10.51579019,5.847715405,10.48350196,4.948378661,10.37300003,0.27,209317.1333,14.83663575,6.40898078,2.476428784,130.5388108,0.0,0.0,0.0,0.0,0.0,7.865383607,0.0,0.0,0,18.68166476,0.0,51.36657298,52.35805125,0.0,0.0,7.865383607,18.68166476,0.0,51.36657298,52.35805125,0.0,0.0,0.0,0.0,0.0,7.865383607,71.03971601,0.0,0.0,51.36657298,0.0,0.0,12.96,7.865383607,0.0,0,0.0,0.0,0.0,103.7246242,0.0,0.0,18.68166476,0.0,11.86888889,0.0,0.0,0.0,0.0,0.0,11.42277778,10.86728395,-1.353395062,1.0,21,0,4,0,4,4,0,0,0,4,0,5,4,0,4,4,4,3.0472,90.148,0,0,0,4,0,0,0,0,0,0,0,0,0,0,0,0,0,0,0,0,0,0,0,0,0,0,0,0,0,2.0,80,1.0,0.0,600.0,0.0,1.6195380532142856,0.8530106838571428,0.9451986835,0
C1CCN([P+](N2CCCC2)(N2CCCC2)N2CCCC2)C1,16,4,0,0,1,1,1.0,-1.353395062,2.967222222,1.353395062,0.739849419,311.434,279.178,311.2359101,120,0.308099749,-0.133092971,0.308099749,0.133092971,0.333333333,0.523809524,0.714285714,31.20806864,10.39358405,2.627023079,-2.471080099,2.724862718,-2.497404029,7.663133009,0.301555984,1.714071065,270.6763641,14.12310958,13.54977648,14.44420367,10.42068686,9.329822128,10.92982213,7.179735862,10.51579019,5.847715405,10.48350196,4.948378661,10.37300003,0.27,209317.1333,14.83663575,6.40898078,2.476428784,130.5388108,0.0,0.0,0.0,0.0,0.0,7.865383607,0.0,0.0,0,18.68166476,0.0,51.36657298,52.35805125,0.0,0.0,7.865383607,18.68166476,0.0,51.36657298,52.35805125,0.0,0.0,0.0,0.0,0.0,7.865383607,71.03971601,0.0,0.0,51.36657298,0.0,0.0,12.96,7.865383607,0.0,0,0.0,0.0,0.0,103.7246242,0.0,0.0,18.68166476,0.0,11.86888889,0.0,0.0,0.0,0.0,0.0,11.42277778,10.86728395,-1.353395062,1.0,21,0,4,0,4,4,0,0,0,4,0,5,4,0,4,4,4,3.0472,90.148,0,0,0,4,0,0,0,0,0,0,0,0,0,0,0,0,0,0,0,0,0,0,0,0,0,0,0,0,0,2.0,80,1.0,0.0,720.0,0.0,1.6195380532142856,0.8530106838571428,0.9451986835,0
COC1=CC(OC)=C([P+](CC2=CC=CC=C2)(C2=C(OC)C=C(OC)C=C2OC)C2=C(OC)C=C(OC)C=C2OC)C(OC)=C1,34,0,9,0,1,1,0.294117647,-3.107681721,6.156011432,0.477169076,0.174868277,623.659,583.339,623.2404459,234,0.18860906,-0.496475275,0.496475275,0.18860906,0.386363636,0.659090909,0.886363636,31.18342689,10.23355009,2.577498066,-2.332043485,2.67807044,-2.367849658,7.956358548,0.377712077,2.409608761,1344.038973,31.8547959,26.67940795,27.57383514,21.3814988,13.72673869,15.70083501,9.595038794,12.87241104,7.474795729,11.92692906,5.520357085,10.61642121,-4.49,5726948073.0,32.42439318,14.32109392,5.842427988,259.3585944,42.63176658,24.51101469,50.41069069,0.0,0.0,0.0,0.0,0.0,0,0.0,30.33183534,5.563451492,36.39820241,70.1500879,42.63176658,23.17609888,0.0,0.0,6.161910027,63.98817787,72.29348924,51.7456065,58.54538627,0.0,51.7456065,7.262479191,63.98817787,6.161910027,0.0,5.563451492,66.73003775,0.0,83.07,7.262479191,0.0,0,0.0,57.90751653,21.47707118,0.0,63.98817787,54.59730362,12.13273414,42.63176658,53.90775532,0.0,2.321352041,1.042227655,4.995023732,21.27961547,0.477169076,0.0,11.44907892,0.294117647,44,0,9,0,0,0,4,0,4,9,0,10,14,0,0,0,4,5.2581,174.262,0,0,0,0,0,0,0,0,0,0,0,0,4,0,9,0,0,0,9,0,0,0,0,0,0,0,0,0,0,2.0,80,1.0,0.0,0.0,0.0,1.8691680667857145,0.7121976419999999,0.8008176374285715,0
COC1=CC(OC)=C([P+](CC2=CC=CC=C2)(C2=C(OC)C=C(OC)C=C2OC)C2=C(OC)C=C(OC)C=C2OC)C(OC)=C1,34,0,9,0,1,1,0.294117647,-3.107681721,6.156011432,0.477169076,0.174868277,623.659,583.339,623.2404459,234,0.18860906,-0.496475275,0.496475275,0.18860906,0.386363636,0.659090909,0.886363636,31.18342689,10.23355009,2.577498066,-2.332043485,2.67807044,-2.367849658,7.956358548,0.377712077,2.409608761,1344.038973,31.8547959,26.67940795,27.57383514,21.3814988,13.72673869,15.70083501,9.595038794,12.87241104,7.474795729,11.92692906,5.520357085,10.61642121,-4.49,5726948073.0,32.42439318,14.32109392,5.842427988,259.3585944,42.63176658,24.51101469,50.41069069,0.0,0.0,0.0,0.0,0.0,0,0.0,30.33183534,5.563451492,36.39820241,70.1500879,42.63176658,23.17609888,0.0,0.0,6.161910027,63.98817787,72.29348924,51.7456065,58.54538627,0.0,51.7456065,7.262479191,63.98817787,6.161910027,0.0,5.563451492,66.73003775,0.0,83.07,7.262479191,0.0,0,0.0,57.90751653,21.47707118,0.0,63.98817787,54.59730362,12.13273414,42.63176658,53.90775532,0.0,2.321352041,1.042227655,4.995023732,21.27961547,0.477169076,0.0,11.44907892,0.294117647,44,0,9,0,0,0,4,0,4,9,0,10,14,0,0,0,4,5.2581,174.262,0,0,0,0,0,0,0,0,0,0,0,0,4,0,9,0,0,0,9,0,0,0,0,0,0,0,0,0,0,2.0,80,1.0,0.0,120.0,16.3812,1.8691680667857145,0.7121976419999999,0.8008176374285715,0
COC1=CC(OC)=C([P+](CC2=CC=CC=C2)(C2=C(OC)C=C(OC)C=C2OC)C2=C(OC)C=C(OC)C=C2OC)C(OC)=C1,34,0,9,0,1,1,0.294117647,-3.107681721,6.156011432,0.477169076,0.174868277,623.659,583.339,623.2404459,234,0.18860906,-0.496475275,0.496475275,0.18860906,0.386363636,0.659090909,0.886363636,31.18342689,10.23355009,2.577498066,-2.332043485,2.67807044,-2.367849658,7.956358548,0.377712077,2.409608761,1344.038973,31.8547959,26.67940795,27.57383514,21.3814988,13.72673869,15.70083501,9.595038794,12.87241104,7.474795729,11.92692906,5.520357085,10.61642121,-4.49,5726948073.0,32.42439318,14.32109392,5.842427988,259.3585944,42.63176658,24.51101469,50.41069069,0.0,0.0,0.0,0.0,0.0,0,0.0,30.33183534,5.563451492,36.39820241,70.1500879,42.63176658,23.17609888,0.0,0.0,6.161910027,63.98817787,72.29348924,51.7456065,58.54538627,0.0,51.7456065,7.262479191,63.98817787,6.161910027,0.0,5.563451492,66.73003775,0.0,83.07,7.262479191,0.0,0,0.0,57.90751653,21.47707118,0.0,63.98817787,54.59730362,12.13273414,42.63176658,53.90775532,0.0,2.321352041,1.042227655,4.995023732,21.27961547,0.477169076,0.0,11.44907892,0.294117647,44,0,9,0,0,0,4,0,4,9,0,10,14,0,0,0,4,5.2581,174.262,0,0,0,0,0,0,0,0,0,0,0,0,4,0,9,0,0,0,9,0,0,0,0,0,0,0,0,0,0,2.0,80,1.0,0.0,240.0,24.2396,1.8691680667857145,0.7121976419999999,0.8008176374285715,0
COC1=CC(OC)=C([P+](CC2=CC=CC=C2)(C2=C(OC)C=C(OC)C=C2OC)C2=C(OC)C=C(OC)C=C2OC)C(OC)=C1,34,0,9,0,1,1,0.294117647,-3.107681721,6.156011432,0.477169076,0.174868277,623.659,583.339,623.2404459,234,0.18860906,-0.496475275,0.496475275,0.18860906,0.386363636,0.659090909,0.886363636,31.18342689,10.23355009,2.577498066,-2.332043485,2.67807044,-2.367849658,7.956358548,0.377712077,2.409608761,1344.038973,31.8547959,26.67940795,27.57383514,21.3814988,13.72673869,15.70083501,9.595038794,12.87241104,7.474795729,11.92692906,5.520357085,10.61642121,-4.49,5726948073.0,32.42439318,14.32109392,5.842427988,259.3585944,42.63176658,24.51101469,50.41069069,0.0,0.0,0.0,0.0,0.0,0,0.0,30.33183534,5.563451492,36.39820241,70.1500879,42.63176658,23.17609888,0.0,0.0,6.161910027,63.98817787,72.29348924,51.7456065,58.54538627,0.0,51.7456065,7.262479191,63.98817787,6.161910027,0.0,5.563451492,66.73003775,0.0,83.07,7.262479191,0.0,0,0.0,57.90751653,21.47707118,0.0,63.98817787,54.59730362,12.13273414,42.63176658,53.90775532,0.0,2.321352041,1.042227655,4.995023732,21.27961547,0.477169076,0.0,11.44907892,0.294117647,44,0,9,0,0,0,4,0,4,9,0,10,14,0,0,0,4,5.2581,174.262,0,0,0,0,0,0,0,0,0,0,0,0,4,0,9,0,0,0,9,0,0,0,0,0,0,0,0,0,0,2.0,80,1.0,0.0,360.0,34.9446,1.8691680667857145,0.7121976419999999,0.8008176374285715,0
COC1=CC(OC)=C([P+](CC2=CC=CC=C2)(C2=C(OC)C=C(OC)C=C2OC)C2=C(OC)C=C(OC)C=C2OC)C(OC)=C1,34,0,9,0,1,1,0.294117647,-3.107681721,6.156011432,0.477169076,0.174868277,623.659,583.339,623.2404459,234,0.18860906,-0.496475275,0.496475275,0.18860906,0.386363636,0.659090909,0.886363636,31.18342689,10.23355009,2.577498066,-2.332043485,2.67807044,-2.367849658,7.956358548,0.377712077,2.409608761,1344.038973,31.8547959,26.67940795,27.57383514,21.3814988,13.72673869,15.70083501,9.595038794,12.87241104,7.474795729,11.92692906,5.520357085,10.61642121,-4.49,5726948073.0,32.42439318,14.32109392,5.842427988,259.3585944,42.63176658,24.51101469,50.41069069,0.0,0.0,0.0,0.0,0.0,0,0.0,30.33183534,5.563451492,36.39820241,70.1500879,42.63176658,23.17609888,0.0,0.0,6.161910027,63.98817787,72.29348924,51.7456065,58.54538627,0.0,51.7456065,7.262479191,63.98817787,6.161910027,0.0,5.563451492,66.73003775,0.0,83.07,7.262479191,0.0,0,0.0,57.90751653,21.47707118,0.0,63.98817787,54.59730362,12.13273414,42.63176658,53.90775532,0.0,2.321352041,1.042227655,4.995023732,21.27961547,0.477169076,0.0,11.44907892,0.294117647,44,0,9,0,0,0,4,0,4,9,0,10,14,0,0,0,4,5.2581,174.262,0,0,0,0,0,0,0,0,0,0,0,0,4,0,9,0,0,0,9,0,0,0,0,0,0,0,0,0,0,2.0,80,1.0,0.0,480.0,47.3428,1.8691680667857145,0.7121976419999999,0.8008176374285715,0
COC1=CC(OC)=C([P+](CC2=CC=CC=C2)(C2=C(OC)C=C(OC)C=C2OC)C2=C(OC)C=C(OC)C=C2OC)C(OC)=C1,34,0,9,0,1,1,0.294117647,-3.107681721,6.156011432,0.477169076,0.174868277,623.659,583.339,623.2404459,234,0.18860906,-0.496475275,0.496475275,0.18860906,0.386363636,0.659090909,0.886363636,31.18342689,10.23355009,2.577498066,-2.332043485,2.67807044,-2.367849658,7.956358548,0.377712077,2.409608761,1344.038973,31.8547959,26.67940795,27.57383514,21.3814988,13.72673869,15.70083501,9.595038794,12.87241104,7.474795729,11.92692906,5.520357085,10.61642121,-4.49,5726948073.0,32.42439318,14.32109392,5.842427988,259.3585944,42.63176658,24.51101469,50.41069069,0.0,0.0,0.0,0.0,0.0,0,0.0,30.33183534,5.563451492,36.39820241,70.1500879,42.63176658,23.17609888,0.0,0.0,6.161910027,63.98817787,72.29348924,51.7456065,58.54538627,0.0,51.7456065,7.262479191,63.98817787,6.161910027,0.0,5.563451492,66.73003775,0.0,83.07,7.262479191,0.0,0,0.0,57.90751653,21.47707118,0.0,63.98817787,54.59730362,12.13273414,42.63176658,53.90775532,0.0,2.321352041,1.042227655,4.995023732,21.27961547,0.477169076,0.0,11.44907892,0.294117647,44,0,9,0,0,0,4,0,4,9,0,10,14,0,0,0,4,5.2581,174.262,0,0,0,0,0,0,0,0,0,0,0,0,4,0,9,0,0,0,9,0,0,0,0,0,0,0,0,0,0,2.0,80,1.0,0.0,600.0,55.7779,1.8691680667857145,0.7121976419999999,0.8008176374285715,0
COC1=CC(OC)=C([P+](CC2=CC=CC=C2)(C2=C(OC)C=C(OC)C=C2OC)C2=C(OC)C=C(OC)C=C2OC)C(OC)=C1,34,0,9,0,1,1,0.294117647,-3.107681721,6.156011432,0.477169076,0.174868277,623.659,583.339,623.2404459,234,0.18860906,-0.496475275,0.496475275,0.18860906,0.386363636,0.659090909,0.886363636,31.18342689,10.23355009,2.577498066,-2.332043485,2.67807044,-2.367849658,7.956358548,0.377712077,2.409608761,1344.038973,31.8547959,26.67940795,27.57383514,21.3814988,13.72673869,15.70083501,9.595038794,12.87241104,7.474795729,11.92692906,5.520357085,10.61642121,-4.49,5726948073.0,32.42439318,14.32109392,5.842427988,259.3585944,42.63176658,24.51101469,50.41069069,0.0,0.0,0.0,0.0,0.0,0,0.0,30.33183534,5.563451492,36.39820241,70.1500879,42.63176658,23.17609888,0.0,0.0,6.161910027,63.98817787,72.29348924,51.7456065,58.54538627,0.0,51.7456065,7.262479191,63.98817787,6.161910027,0.0,5.563451492,66.73003775,0.0,83.07,7.262479191,0.0,0,0.0,57.90751653,21.47707118,0.0,63.98817787,54.59730362,12.13273414,42.63176658,53.90775532,0.0,2.321352041,1.042227655,4.995023732,21.27961547,0.477169076,0.0,11.44907892,0.294117647,44,0,9,0,0,0,4,0,4,9,0,10,14,0,0,0,4,5.2581,174.262,0,0,0,0,0,0,0,0,0,0,0,0,4,0,9,0,0,0,9,0,0,0,0,0,0,0,0,0,0,2.0,80,1.0,0.0,720.0,62.5028,1.8691680667857145,0.7121976419999999,0.8008176374285715,0
C[P+](C)(C)CC1=CC=CC=C1,10,0,0,0,1,1,0.4,-0.637608025,2.375,0.637608025,0.593597986,167.212,151.084,167.0984136,60,0.083440607,-0.062244042,0.083440607,0.062244042,1.0,1.545454545,2.0,31.18282246,10.23954617,2.16294632,-2.103583115,2.492929412,-1.897298443,7.724920991,1.375554147,2.657660985,208.0644284,8.319990956,7.541071723,8.435498914,5.078298262,3.922105546,7.237842651,3.934036527,8.830912462,1.499740497,2.813572167,1.131142384,2.43740601,-0.35,244.8579632,8.743896714,3.364219152,3.529141996,69.97575204,0.0,0.0,0.0,0.0,0.0,0.0,0.0,0.0,0,0.0,30.33183534,5.563451492,27.256956,6.161910027,0.0,7.262479191,0.0,0.0,6.161910027,19.99447681,35.89528683,0.0,0.0,0.0,0.0,7.262479191,19.99447681,6.161910027,0.0,5.563451492,30.33183534,0.0,0.0,7.262479191,0.0,0,0.0,0.0,0.0,11.72536152,0.0,0.0,50.32631216,0.0,0.0,0.0,0.0,1.479938272,0.0,10.73322531,1.271666667,7.125,-0.637608025,0.4,11,0,0,0,0,0,1,0,1,0,0,1,2,0,0,0,1,3.0936,54.838,0,0,0,0,0,0,0,0,0,0,0,0,1,0,0,0,0,0,0,0,0,0,0,0,0,0,0,0,0,2.0,80,1.0,0.0,0.0,0.0,0.8309822581428571,0.24849022885714286,0.9237761046428572,0
C[P+](C)(C)CC1=CC=CC=C1,10,0,0,0,1,1,0.4,-0.637608025,2.375,0.637608025,0.593597986,167.212,151.084,167.0984136,60,0.083440607,-0.062244042,0.083440607,0.062244042,1.0,1.545454545,2.0,31.18282246,10.23954617,2.16294632,-2.103583115,2.492929412,-1.897298443,7.724920991,1.375554147,2.657660985,208.0644284,8.319990956,7.541071723,8.435498914,5.078298262,3.922105546,7.237842651,3.934036527,8.830912462,1.499740497,2.813572167,1.131142384,2.43740601,-0.35,244.8579632,8.743896714,3.364219152,3.529141996,69.97575204,0.0,0.0,0.0,0.0,0.0,0.0,0.0,0.0,0,0.0,30.33183534,5.563451492,27.256956,6.161910027,0.0,7.262479191,0.0,0.0,6.161910027,19.99447681,35.89528683,0.0,0.0,0.0,0.0,7.262479191,19.99447681,6.161910027,0.0,5.563451492,30.33183534,0.0,0.0,7.262479191,0.0,0,0.0,0.0,0.0,11.72536152,0.0,0.0,50.32631216,0.0,0.0,0.0,0.0,1.479938272,0.0,10.73322531,1.271666667,7.125,-0.637608025,0.4,11,0,0,0,0,0,1,0,1,0,0,1,2,0,0,0,1,3.0936,54.838,0,0,0,0,0,0,0,0,0,0,0,0,1,0,0,0,0,0,0,0,0,0,0,0,0,0,0,0,0,2.0,80,1.0,0.0,120.0,100.0,0.8309822581428571,0.24849022885714286,0.9237761046428572,0
C[P+](C)(C)CC1=CC=CC=C1,10,0,0,0,1,1,0.4,-0.637608025,2.375,0.637608025,0.593597986,167.212,151.084,167.0984136,60,0.083440607,-0.062244042,0.083440607,0.062244042,1.0,1.545454545,2.0,31.18282246,10.23954617,2.16294632,-2.103583115,2.492929412,-1.897298443,7.724920991,1.375554147,2.657660985,208.0644284,8.319990956,7.541071723,8.435498914,5.078298262,3.922105546,7.237842651,3.934036527,8.830912462,1.499740497,2.813572167,1.131142384,2.43740601,-0.35,244.8579632,8.743896714,3.364219152,3.529141996,69.97575204,0.0,0.0,0.0,0.0,0.0,0.0,0.0,0.0,0,0.0,30.33183534,5.563451492,27.256956,6.161910027,0.0,7.262479191,0.0,0.0,6.161910027,19.99447681,35.89528683,0.0,0.0,0.0,0.0,7.262479191,19.99447681,6.161910027,0.0,5.563451492,30.33183534,0.0,0.0,7.262479191,0.0,0,0.0,0.0,0.0,11.72536152,0.0,0.0,50.32631216,0.0,0.0,0.0,0.0,1.479938272,0.0,10.73322531,1.271666667,7.125,-0.637608025,0.4,11,0,0,0,0,0,1,0,1,0,0,1,2,0,0,0,1,3.0936,54.838,0,0,0,0,0,0,0,0,0,0,0,0,1,0,0,0,0,0,0,0,0,0,0,0,0,0,0,0,0,2.0,80,1.0,0.0,240.0,100.0,0.8309822581428571,0.24849022885714286,0.9237761046428572,0
C[P+](C)(C)CC1=CC=CC=C1,10,0,0,0,1,1,0.4,-0.637608025,2.375,0.637608025,0.593597986,167.212,151.084,167.0984136,60,0.083440607,-0.062244042,0.083440607,0.062244042,1.0,1.545454545,2.0,31.18282246,10.23954617,2.16294632,-2.103583115,2.492929412,-1.897298443,7.724920991,1.375554147,2.657660985,208.0644284,8.319990956,7.541071723,8.435498914,5.078298262,3.922105546,7.237842651,3.934036527,8.830912462,1.499740497,2.813572167,1.131142384,2.43740601,-0.35,244.8579632,8.743896714,3.364219152,3.529141996,69.97575204,0.0,0.0,0.0,0.0,0.0,0.0,0.0,0.0,0,0.0,30.33183534,5.563451492,27.256956,6.161910027,0.0,7.262479191,0.0,0.0,6.161910027,19.99447681,35.89528683,0.0,0.0,0.0,0.0,7.262479191,19.99447681,6.161910027,0.0,5.563451492,30.33183534,0.0,0.0,7.262479191,0.0,0,0.0,0.0,0.0,11.72536152,0.0,0.0,50.32631216,0.0,0.0,0.0,0.0,1.479938272,0.0,10.73322531,1.271666667,7.125,-0.637608025,0.4,11,0,0,0,0,0,1,0,1,0,0,1,2,0,0,0,1,3.0936,54.838,0,0,0,0,0,0,0,0,0,0,0,0,1,0,0,0,0,0,0,0,0,0,0,0,0,0,0,0,0,2.0,80,1.0,0.0,360.0,100.0,0.8309822581428571,0.24849022885714286,0.9237761046428572,0
C[P+](C)(C)CC1=CC=CC=C1,10,0,0,0,1,1,0.4,-0.637608025,2.375,0.637608025,0.593597986,167.212,151.084,167.0984136,60,0.083440607,-0.062244042,0.083440607,0.062244042,1.0,1.545454545,2.0,31.18282246,10.23954617,2.16294632,-2.103583115,2.492929412,-1.897298443,7.724920991,1.375554147,2.657660985,208.0644284,8.319990956,7.541071723,8.435498914,5.078298262,3.922105546,7.237842651,3.934036527,8.830912462,1.499740497,2.813572167,1.131142384,2.43740601,-0.35,244.8579632,8.743896714,3.364219152,3.529141996,69.97575204,0.0,0.0,0.0,0.0,0.0,0.0,0.0,0.0,0,0.0,30.33183534,5.563451492,27.256956,6.161910027,0.0,7.262479191,0.0,0.0,6.161910027,19.99447681,35.89528683,0.0,0.0,0.0,0.0,7.262479191,19.99447681,6.161910027,0.0,5.563451492,30.33183534,0.0,0.0,7.262479191,0.0,0,0.0,0.0,0.0,11.72536152,0.0,0.0,50.32631216,0.0,0.0,0.0,0.0,1.479938272,0.0,10.73322531,1.271666667,7.125,-0.637608025,0.4,11,0,0,0,0,0,1,0,1,0,0,1,2,0,0,0,1,3.0936,54.838,0,0,0,0,0,0,0,0,0,0,0,0,1,0,0,0,0,0,0,0,0,0,0,0,0,0,0,0,0,2.0,80,1.0,0.0,480.0,100.0,0.8309822581428571,0.24849022885714286,0.9237761046428572,0
C[P+](C)(C)CC1=CC=CC=C1,10,0,0,0,1,1,0.4,-0.637608025,2.375,0.637608025,0.593597986,167.212,151.084,167.0984136,60,0.083440607,-0.062244042,0.083440607,0.062244042,1.0,1.545454545,2.0,31.18282246,10.23954617,2.16294632,-2.103583115,2.492929412,-1.897298443,7.724920991,1.375554147,2.657660985,208.0644284,8.319990956,7.541071723,8.435498914,5.078298262,3.922105546,7.237842651,3.934036527,8.830912462,1.499740497,2.813572167,1.131142384,2.43740601,-0.35,244.8579632,8.743896714,3.364219152,3.529141996,69.97575204,0.0,0.0,0.0,0.0,0.0,0.0,0.0,0.0,0,0.0,30.33183534,5.563451492,27.256956,6.161910027,0.0,7.262479191,0.0,0.0,6.161910027,19.99447681,35.89528683,0.0,0.0,0.0,0.0,7.262479191,19.99447681,6.161910027,0.0,5.563451492,30.33183534,0.0,0.0,7.262479191,0.0,0,0.0,0.0,0.0,11.72536152,0.0,0.0,50.32631216,0.0,0.0,0.0,0.0,1.479938272,0.0,10.73322531,1.271666667,7.125,-0.637608025,0.4,11,0,0,0,0,0,1,0,1,0,0,1,2,0,0,0,1,3.0936,54.838,0,0,0,0,0,0,0,0,0,0,0,0,1,0,0,0,0,0,0,0,0,0,0,0,0,0,0,0,0,2.0,80,1.0,0.0,600.0,100.0,0.8309822581428571,0.24849022885714286,0.9237761046428572,0
C[P+](C)(C)CC1=CC=CC=C1,10,0,0,0,1,1,0.4,-0.637608025,2.375,0.637608025,0.593597986,167.212,151.084,167.0984136,60,0.083440607,-0.062244042,0.083440607,0.062244042,1.0,1.545454545,2.0,31.18282246,10.23954617,2.16294632,-2.103583115,2.492929412,-1.897298443,7.724920991,1.375554147,2.657660985,208.0644284,8.319990956,7.541071723,8.435498914,5.078298262,3.922105546,7.237842651,3.934036527,8.830912462,1.499740497,2.813572167,1.131142384,2.43740601,-0.35,244.8579632,8.743896714,3.364219152,3.529141996,69.97575204,0.0,0.0,0.0,0.0,0.0,0.0,0.0,0.0,0,0.0,30.33183534,5.563451492,27.256956,6.161910027,0.0,7.262479191,0.0,0.0,6.161910027,19.99447681,35.89528683,0.0,0.0,0.0,0.0,7.262479191,19.99447681,6.161910027,0.0,5.563451492,30.33183534,0.0,0.0,7.262479191,0.0,0,0.0,0.0,0.0,11.72536152,0.0,0.0,50.32631216,0.0,0.0,0.0,0.0,1.479938272,0.0,10.73322531,1.271666667,7.125,-0.637608025,0.4,11,0,0,0,0,0,1,0,1,0,0,1,2,0,0,0,1,3.0936,54.838,0,0,0,0,0,0,0,0,0,0,0,0,1,0,0,0,0,0,0,0,0,0,0,0,0,0,0,0,0,2.0,80,1.0,0.0,720.0,100.0,0.8309822581428571,0.24849022885714286,0.9237761046428572,0
CCCCN1C(C)=C(C)[N+](CCCC)=C1C1=C(C)C=CC=C1C,21,2,0,0,0,1,0.571428571,1.116474159,2.559351852,1.116474159,0.61520346,313.509,280.245,313.2638255,126,0.2893274,-0.227130787,0.2893274,0.227130787,0.913043478,1.52173913,2.086956522,15.17727505,10.01690293,2.279503501,-2.108026922,2.276162113,-2.379961111,5.630300157,-0.691403423,2.685462453,613.2164726,16.98276318,15.86911869,15.86911869,11.02327447,9.185113221,9.185113221,6.771618724,6.771618724,5.019977446,5.019977446,3.470794946,3.470794946,-1.57,142281.2764,17.77871455,7.807737538,3.51533251,141.7165541,0.0,11.38785599,0.0,0.0,5.824404498,0.0,0.0,9.134199296,0,0.0,44.88821885,37.81602063,13.8474744,18.6529643,4.567099648,0.0,4.567099648,0.0,80.3152225,0.0,40.71386018,11.38785599,4.567099648,0.0,0.0,0.0,4.567099648,13.08951281,27.6949488,62.04551986,18.19910121,11.38785599,8.81,0.0,0.0,0,0.0,0.0,13.08951281,59.58590145,0.0,0.0,68.8757237,0.0,5.118703704,0.0,0.0,7.033622449,1.414351852,6.658958018,4.941444791,15.83291919,0.0,0.571428571,23,0,2,0,0,0,1,1,2,1,0,2,7,0,0,0,2,5.27648,98.827,0,0,2,2,0,0,0,0,0,0,0,2,1,0,0,0,0,1,0,0,0,0,0,0,0,0,0,0,0,8.0,90,0.471698113,0.528301887,0.0,0.0,1.2640632821666666,0.5569869468333333,0.7496972546666667,0
CCCCN1C(CC)=C(CC)[N+](CCCC)=C1C1=C(C)C=CC=C1C,23,2,0,0,0,1,0.608695652,1.115021259,2.646157407,1.115021259,0.5108558,341.563,304.267,341.2951256,138,0.289345003,-0.226859748,0.289345003,0.226859748,0.88,1.52,2.04,15.18143812,10.01651191,2.303342136,-2.111078259,2.286177139,-2.391029572,5.63141069,-0.692668499,2.781841824,640.8537325,18.39697675,17.28333225,17.28333225,12.09928407,10.30643356,10.30643356,7.201293067,7.201293067,5.341151805,5.341151805,4.054043874,4.054043874,-1.57,419645.3955,19.7507641,9.217239291,3.991508595,154.4464383,0.0,11.38785599,0.0,0.0,5.824404498,0.0,0.0,9.134199296,0,0.0,58.73569325,37.81602063,12.84164325,18.6529643,4.567099648,0.0,4.567099648,0.0,93.15686575,0.0,40.71386018,11.38785599,4.567099648,0.0,0.0,0.0,4.567099648,25.93115606,13.8474744,75.89299426,18.19910121,11.38785599,8.81,0.0,0.0,0,0.0,0.0,25.93115606,48.19804546,11.38785599,0.0,68.8757237,0.0,5.292314815,0.0,0.0,7.328818972,1.450185185,6.715399345,7.203231922,16.01004976,0.0,0.608695652,25,0,2,0,0,0,1,1,2,1,0,2,9,0,0,0,2,5.78444,108.109,0,0,2,2,0,0,0,0,0,0,0,2,1,0,0,0,0,1,0,0,0,0,0,0,0,0,0,0,0,8.0,90,0.471698113,0.528301887,0.0,0.0,1.2872478703999999,0.6101910526000001,0.6990103904,0
CCCCN1C(CC)=C(CC)[N+](CCCC)=C1C1=C(OC)C=CC=C1OC,23,2,2,0,0,1,0.608695652,0.875141723,5.770927343,0.875141723,0.50725058,373.561,336.265,373.2849548,150,0.296473577,-0.495660033,0.495660033,0.296473577,0.888888889,1.518518519,2.0,16.47674094,10.1199827,2.327740078,-2.132404516,2.38019416,-2.389489331,5.707805926,-0.692661484,2.848081906,678.7149581,19.81119031,18.09982883,18.09982883,13.17529368,10.53117844,10.53117844,6.972017494,6.972017494,5.287851786,5.287851786,3.95846974,3.95846974,-1.97,1255192.049,21.33143416,10.38631218,4.307994234,164.6735288,9.473725908,28.45033115,0.0,0.0,5.824404498,0.0,0.0,9.134199296,0,0.0,46.60295911,24.97437738,12.84164325,27.30910789,14.04082556,0.0,4.567099648,0.0,79.30939135,14.21959508,29.5869572,22.88687966,14.04082556,0.0,11.49902367,0.0,18.78669473,25.93115606,0.0,64.76609128,18.19910121,11.38785599,27.27,0.0,0.0,0,0.0,0.0,42.99363122,42.89554698,14.21959508,18.19910121,36.82914809,9.473725908,16.5941695,0.0,0.0,3.971417234,2.986301965,6.074566012,6.777392605,11.10519337,3.49095931,0.608695652,27,0,4,0,0,0,1,1,2,3,0,4,11,0,0,0,2,5.1848,111.739,0,0,2,2,0,0,0,0,0,0,0,0,1,0,2,0,0,1,2,0,0,0,0,0,0,0,0,0,0,8.0,90,0.471698113,0.528301887,0.0,0.0,1.3652610988,0.6807372016000001,0.7386977284,0
CCCCN1C(C)=C(C)[N+](CCCC)=C1C1=C(OC)C=C(OC)C=C1OC,22,2,3,0,0,1,0.590909091,0.729320725,5.76614418,0.729320725,0.565582682,375.533,340.253,375.2642194,150,0.296461075,-0.496480043,0.496480043,0.296461075,0.888888889,1.481481481,1.962962963,16.4865646,10.11005828,2.316929798,-2.148184566,2.411361793,-2.378410024,5.727317747,-0.691396257,2.802258037,708.8988748,19.97432702,18.01651329,18.01651329,13.03113573,9.932914131,9.932914131,6.911727935,6.911727935,5.253886662,5.253886662,3.529685691,3.529685691,-2.17,1048672.884,21.13372208,9.674805637,4.22735866,163.4221319,14.21058886,34.19984298,0.0,0.0,5.824404498,0.0,0.0,9.134199296,0,0.0,26.68911765,12.84164325,25.98020854,34.41890544,18.77768851,0.0,4.567099648,0.0,66.4677481,21.32939262,23.52059013,28.63639149,18.77768851,0.0,17.2485355,0.0,25.89649227,13.08951281,13.8474744,50.91861688,12.13273414,11.38785599,36.5,0.0,0.0,0,0.0,0.0,67.40919079,11.38785599,21.32939262,12.13273414,36.82914809,14.21058886,21.80394132,0.0,0.0,3.590889445,3.425290113,3.868732993,4.580304394,10.83419282,5.063315588,0.590909091,27,0,5,0,0,0,1,1,2,4,0,5,10,0,0,0,2,4.68544,109.009,0,0,2,2,0,0,0,0,0,0,0,0,1,0,3,0,0,1,3,0,0,0,0,0,0,0,0,0,0,8.0,90,0.471698113,0.528301887,0.0,0.0,1.3587616252,0.6250678484,0.7520295936,0
CCCCN1C(CC)=C(CC)[N+](CCCC)=C1C1=C(OC)C=C(OC)C=C1OC,24,2,3,0,0,1,0.625,0.736715273,5.833427343,0.736715273,0.457484236,403.587,364.275,403.2955195,162,0.296478676,-0.496480043,0.496480043,0.296478676,0.827586207,1.448275862,1.896551724,16.48657171,10.10925772,2.334673266,-2.149704257,2.414085983,-2.389583681,5.727933726,-0.692661359,2.89503134,737.4039518,21.38854058,19.43072685,19.43072685,14.10714533,11.05423447,11.05423447,7.341402277,7.341402277,5.575061021,5.575061021,4.112934619,4.112934619,-2.17,3066979.998,23.11229501,11.1276937,4.705840848,176.1520161,14.21058886,34.19984298,0.0,0.0,5.824404498,0.0,0.0,9.134199296,0,0.0,40.53659204,12.84164325,24.97437738,34.41890544,18.77768851,0.0,4.567099648,0.0,79.30939135,21.32939262,23.52059013,28.63639149,18.77768851,0.0,17.2485355,0.0,25.89649227,25.93115606,0.0,64.76609128,12.13273414,11.38785599,36.5,0.0,0.0,0,0.0,0.0,74.42642954,17.21226049,21.32939262,12.13273414,36.82914809,14.21058886,22.15446443,0.0,0.0,3.857741297,3.496862665,3.90954932,6.639426496,11.00405687,5.104565588,0.625,29,0,5,0,0,0,1,1,2,4,0,5,12,0,0,0,2,5.1934,118.291,0,0,2,2,0,0,0,0,0,0,0,0,1,0,3,0,0,1,3,0,0,0,0,0,0,0,0,0,0,8.0,90,0.471698113,0.528301887,0.0,0.0,1.4894472267999999,0.5929542033999999,0.8173613491999999,0
CCCCN1C(C)=C(C)[N+](CCCC)=C1C1=C(C)C=CC=C1C,21,2,0,0,0,1,0.571428571,1.116474159,2.559351852,1.116474159,0.61520346,313.509,280.245,313.2638255,126,0.2893274,-0.227130787,0.2893274,0.227130787,0.913043478,1.52173913,2.086956522,15.17727505,10.01690293,2.279503501,-2.108026922,2.276162113,-2.379961111,5.630300157,-0.691403423,2.685462453,613.2164726,16.98276318,15.86911869,15.86911869,11.02327447,9.185113221,9.185113221,6.771618724,6.771618724,5.019977446,5.019977446,3.470794946,3.470794946,-1.57,142281.2764,17.77871455,7.807737538,3.51533251,141.7165541,0.0,11.38785599,0.0,0.0,5.824404498,0.0,0.0,9.134199296,0,0.0,44.88821885,37.81602063,13.8474744,18.6529643,4.567099648,0.0,4.567099648,0.0,80.3152225,0.0,40.71386018,11.38785599,4.567099648,0.0,0.0,0.0,4.567099648,13.08951281,27.6949488,62.04551986,18.19910121,11.38785599,8.81,0.0,0.0,0,0.0,0.0,13.08951281,59.58590145,0.0,0.0,68.8757237,0.0,5.118703704,0.0,0.0,7.033622449,1.414351852,6.658958018,4.941444791,15.83291919,0.0,0.571428571,23,0,2,0,0,0,1,1,2,1,0,2,7,0,0,0,2,5.27648,98.827,0,0,2,2,0,0,0,0,0,0,0,2,1,0,0,0,0,1,0,0,0,0,0,0,0,0,0,0,0,8.0,90,0.471698113,0.528301887,72.0,1.0,1.2640632821666666,0.5569869468333333,0.7496972546666667,0
CCCCN1C(CC)=C(CC)[N+](CCCC)=C1C1=C(C)C=CC=C1C,23,2,0,0,0,1,0.608695652,1.115021259,2.646157407,1.115021259,0.5108558,341.563,304.267,341.2951256,138,0.289345003,-0.226859748,0.289345003,0.226859748,0.88,1.52,2.04,15.18143812,10.01651191,2.303342136,-2.111078259,2.286177139,-2.391029572,5.63141069,-0.692668499,2.781841824,640.8537325,18.39697675,17.28333225,17.28333225,12.09928407,10.30643356,10.30643356,7.201293067,7.201293067,5.341151805,5.341151805,4.054043874,4.054043874,-1.57,419645.3955,19.7507641,9.217239291,3.991508595,154.4464383,0.0,11.38785599,0.0,0.0,5.824404498,0.0,0.0,9.134199296,0,0.0,58.73569325,37.81602063,12.84164325,18.6529643,4.567099648,0.0,4.567099648,0.0,93.15686575,0.0,40.71386018,11.38785599,4.567099648,0.0,0.0,0.0,4.567099648,25.93115606,13.8474744,75.89299426,18.19910121,11.38785599,8.81,0.0,0.0,0,0.0,0.0,25.93115606,48.19804546,11.38785599,0.0,68.8757237,0.0,5.292314815,0.0,0.0,7.328818972,1.450185185,6.715399345,7.203231922,16.01004976,0.0,0.608695652,25,0,2,0,0,0,1,1,2,1,0,2,9,0,0,0,2,5.78444,108.109,0,0,2,2,0,0,0,0,0,0,0,2,1,0,0,0,0,1,0,0,0,0,0,0,0,0,0,0,0,8.0,90,0.471698113,0.528301887,72.0,2.9,1.2872478703999999,0.6101910526000001,0.6990103904,0
CCCCN1C(CC)=C(CC)[N+](CCCC)=C1C1=C(OC)C=CC=C1OC,23,2,2,0,0,1,0.608695652,0.875141723,5.770927343,0.875141723,0.50725058,373.561,336.265,373.2849548,150,0.296473577,-0.495660033,0.495660033,0.296473577,0.888888889,1.518518519,2.0,16.47674094,10.1199827,2.327740078,-2.132404516,2.38019416,-2.389489331,5.707805926,-0.692661484,2.848081906,678.7149581,19.81119031,18.09982883,18.09982883,13.17529368,10.53117844,10.53117844,6.972017494,6.972017494,5.287851786,5.287851786,3.95846974,3.95846974,-1.97,1255192.049,21.33143416,10.38631218,4.307994234,164.6735288,9.473725908,28.45033115,0.0,0.0,5.824404498,0.0,0.0,9.134199296,0,0.0,46.60295911,24.97437738,12.84164325,27.30910789,14.04082556,0.0,4.567099648,0.0,79.30939135,14.21959508,29.5869572,22.88687966,14.04082556,0.0,11.49902367,0.0,18.78669473,25.93115606,0.0,64.76609128,18.19910121,11.38785599,27.27,0.0,0.0,0,0.0,0.0,42.99363122,42.89554698,14.21959508,18.19910121,36.82914809,9.473725908,16.5941695,0.0,0.0,3.971417234,2.986301965,6.074566012,6.777392605,11.10519337,3.49095931,0.608695652,27,0,4,0,0,0,1,1,2,3,0,4,11,0,0,0,2,5.1848,111.739,0,0,2,2,0,0,0,0,0,0,0,0,1,0,2,0,0,1,2,0,0,0,0,0,0,0,0,0,0,8.0,90,0.471698113,0.528301887,72.0,35.8,1.3652610988,0.6807372016000001,0.7386977284,0
CCCCN1C(C)=C(C)[N+](CCCC)=C1C1=C(OC)C=C(OC)C=C1OC,22,2,3,0,0,1,0.590909091,0.729320725,5.76614418,0.729320725,0.565582682,375.533,340.253,375.2642194,150,0.296461075,-0.496480043,0.496480043,0.296461075,0.888888889,1.481481481,1.962962963,16.4865646,10.11005828,2.316929798,-2.148184566,2.411361793,-2.378410024,5.727317747,-0.691396257,2.802258037,708.8988748,19.97432702,18.01651329,18.01651329,13.03113573,9.932914131,9.932914131,6.911727935,6.911727935,5.253886662,5.253886662,3.529685691,3.529685691,-2.17,1048672.884,21.13372208,9.674805637,4.22735866,163.4221319,14.21058886,34.19984298,0.0,0.0,5.824404498,0.0,0.0,9.134199296,0,0.0,26.68911765,12.84164325,25.98020854,34.41890544,18.77768851,0.0,4.567099648,0.0,66.4677481,21.32939262,23.52059013,28.63639149,18.77768851,0.0,17.2485355,0.0,25.89649227,13.08951281,13.8474744,50.91861688,12.13273414,11.38785599,36.5,0.0,0.0,0,0.0,0.0,67.40919079,11.38785599,21.32939262,12.13273414,36.82914809,14.21058886,21.80394132,0.0,0.0,3.590889445,3.425290113,3.868732993,4.580304394,10.83419282,5.063315588,0.590909091,27,0,5,0,0,0,1,1,2,4,0,5,10,0,0,0,2,4.68544,109.009,0,0,2,2,0,0,0,0,0,0,0,0,1,0,3,0,0,1,3,0,0,0,0,0,0,0,0,0,0,8.0,90,0.471698113,0.528301887,72.0,24.6,1.3587616252,0.6250678484,0.7520295936,0
CCCCN1C(CC)=C(CC)[N+](CCCC)=C1C1=C(OC)C=C(OC)C=C1OC,24,2,3,0,0,1,0.625,0.736715273,5.833427343,0.736715273,0.457484236,403.587,364.275,403.2955195,162,0.296478676,-0.496480043,0.496480043,0.296478676,0.827586207,1.448275862,1.896551724,16.48657171,10.10925772,2.334673266,-2.149704257,2.414085983,-2.389583681,5.727933726,-0.692661359,2.89503134,737.4039518,21.38854058,19.43072685,19.43072685,14.10714533,11.05423447,11.05423447,7.341402277,7.341402277,5.575061021,5.575061021,4.112934619,4.112934619,-2.17,3066979.998,23.11229501,11.1276937,4.705840848,176.1520161,14.21058886,34.19984298,0.0,0.0,5.824404498,0.0,0.0,9.134199296,0,0.0,40.53659204,12.84164325,24.97437738,34.41890544,18.77768851,0.0,4.567099648,0.0,79.30939135,21.32939262,23.52059013,28.63639149,18.77768851,0.0,17.2485355,0.0,25.89649227,25.93115606,0.0,64.76609128,12.13273414,11.38785599,36.5,0.0,0.0,0,0.0,0.0,74.42642954,17.21226049,21.32939262,12.13273414,36.82914809,14.21058886,22.15446443,0.0,0.0,3.857741297,3.496862665,3.90954932,6.639426496,11.00405687,5.104565588,0.625,29,0,5,0,0,0,1,1,2,4,0,5,12,0,0,0,2,5.1934,118.291,0,0,2,2,0,0,0,0,0,0,0,0,1,0,3,0,0,1,3,0,0,0,0,0,0,0,0,0,0,8.0,90,0.471698113,0.528301887,72.0,44.8,1.4894472267999999,0.5929542033999999,0.8173613491999999,0
CCCCN1C(C)=C(C)[N+](CCCC)=C1C1=C(C)C=CC=C1C,21,2,0,0,0,1,0.571428571,1.116474159,2.559351852,1.116474159,0.61520346,313.509,280.245,313.2638255,126,0.2893274,-0.227130787,0.2893274,0.227130787,0.913043478,1.52173913,2.086956522,15.17727505,10.01690293,2.279503501,-2.108026922,2.276162113,-2.379961111,5.630300157,-0.691403423,2.685462453,613.2164726,16.98276318,15.86911869,15.86911869,11.02327447,9.185113221,9.185113221,6.771618724,6.771618724,5.019977446,5.019977446,3.470794946,3.470794946,-1.57,142281.2764,17.77871455,7.807737538,3.51533251,141.7165541,0.0,11.38785599,0.0,0.0,5.824404498,0.0,0.0,9.134199296,0,0.0,44.88821885,37.81602063,13.8474744,18.6529643,4.567099648,0.0,4.567099648,0.0,80.3152225,0.0,40.71386018,11.38785599,4.567099648,0.0,0.0,0.0,4.567099648,13.08951281,27.6949488,62.04551986,18.19910121,11.38785599,8.81,0.0,0.0,0,0.0,0.0,13.08951281,59.58590145,0.0,0.0,68.8757237,0.0,5.118703704,0.0,0.0,7.033622449,1.414351852,6.658958018,4.941444791,15.83291919,0.0,0.571428571,23,0,2,0,0,0,1,1,2,1,0,2,7,0,0,0,2,5.27648,98.827,0,0,2,2,0,0,0,0,0,0,0,2,1,0,0,0,0,1,0,0,0,0,0,0,0,0,0,0,0,8.0,90,0.471698113,0.528301887,144.0,2.9,1.2640632821666666,0.5569869468333333,0.7496972546666667,0
CCCCN1C(CC)=C(CC)[N+](CCCC)=C1C1=C(C)C=CC=C1C,23,2,0,0,0,1,0.608695652,1.115021259,2.646157407,1.115021259,0.5108558,341.563,304.267,341.2951256,138,0.289345003,-0.226859748,0.289345003,0.226859748,0.88,1.52,2.04,15.18143812,10.01651191,2.303342136,-2.111078259,2.286177139,-2.391029572,5.63141069,-0.692668499,2.781841824,640.8537325,18.39697675,17.28333225,17.28333225,12.09928407,10.30643356,10.30643356,7.201293067,7.201293067,5.341151805,5.341151805,4.054043874,4.054043874,-1.57,419645.3955,19.7507641,9.217239291,3.991508595,154.4464383,0.0,11.38785599,0.0,0.0,5.824404498,0.0,0.0,9.134199296,0,0.0,58.73569325,37.81602063,12.84164325,18.6529643,4.567099648,0.0,4.567099648,0.0,93.15686575,0.0,40.71386018,11.38785599,4.567099648,0.0,0.0,0.0,4.567099648,25.93115606,13.8474744,75.89299426,18.19910121,11.38785599,8.81,0.0,0.0,0,0.0,0.0,25.93115606,48.19804546,11.38785599,0.0,68.8757237,0.0,5.292314815,0.0,0.0,7.328818972,1.450185185,6.715399345,7.203231922,16.01004976,0.0,0.608695652,25,0,2,0,0,0,1,1,2,1,0,2,9,0,0,0,2,5.78444,108.109,0,0,2,2,0,0,0,0,0,0,0,2,1,0,0,0,0,1,0,0,0,0,0,0,0,0,0,0,0,8.0,90,0.471698113,0.528301887,144.0,3.7,1.2872478703999999,0.6101910526000001,0.6990103904,0
CCCCN1C(CC)=C(CC)[N+](CCCC)=C1C1=C(OC)C=CC=C1OC,23,2,2,0,0,1,0.608695652,0.875141723,5.770927343,0.875141723,0.50725058,373.561,336.265,373.2849548,150,0.296473577,-0.495660033,0.495660033,0.296473577,0.888888889,1.518518519,2.0,16.47674094,10.1199827,2.327740078,-2.132404516,2.38019416,-2.389489331,5.707805926,-0.692661484,2.848081906,678.7149581,19.81119031,18.09982883,18.09982883,13.17529368,10.53117844,10.53117844,6.972017494,6.972017494,5.287851786,5.287851786,3.95846974,3.95846974,-1.97,1255192.049,21.33143416,10.38631218,4.307994234,164.6735288,9.473725908,28.45033115,0.0,0.0,5.824404498,0.0,0.0,9.134199296,0,0.0,46.60295911,24.97437738,12.84164325,27.30910789,14.04082556,0.0,4.567099648,0.0,79.30939135,14.21959508,29.5869572,22.88687966,14.04082556,0.0,11.49902367,0.0,18.78669473,25.93115606,0.0,64.76609128,18.19910121,11.38785599,27.27,0.0,0.0,0,0.0,0.0,42.99363122,42.89554698,14.21959508,18.19910121,36.82914809,9.473725908,16.5941695,0.0,0.0,3.971417234,2.986301965,6.074566012,6.777392605,11.10519337,3.49095931,0.608695652,27,0,4,0,0,0,1,1,2,3,0,4,11,0,0,0,2,5.1848,111.739,0,0,2,2,0,0,0,0,0,0,0,0,1,0,2,0,0,1,2,0,0,0,0,0,0,0,0,0,0,8.0,90,0.471698113,0.528301887,144.0,64.9,1.3652610988,0.6807372016000001,0.7386977284,0
CCCCN1C(C)=C(C)[N+](CCCC)=C1C1=C(OC)C=C(OC)C=C1OC,22,2,3,0,0,1,0.590909091,0.729320725,5.76614418,0.729320725,0.565582682,375.533,340.253,375.2642194,150,0.296461075,-0.496480043,0.496480043,0.296461075,0.888888889,1.481481481,1.962962963,16.4865646,10.11005828,2.316929798,-2.148184566,2.411361793,-2.378410024,5.727317747,-0.691396257,2.802258037,708.8988748,19.97432702,18.01651329,18.01651329,13.03113573,9.932914131,9.932914131,6.911727935,6.911727935,5.253886662,5.253886662,3.529685691,3.529685691,-2.17,1048672.884,21.13372208,9.674805637,4.22735866,163.4221319,14.21058886,34.19984298,0.0,0.0,5.824404498,0.0,0.0,9.134199296,0,0.0,26.68911765,12.84164325,25.98020854,34.41890544,18.77768851,0.0,4.567099648,0.0,66.4677481,21.32939262,23.52059013,28.63639149,18.77768851,0.0,17.2485355,0.0,25.89649227,13.08951281,13.8474744,50.91861688,12.13273414,11.38785599,36.5,0.0,0.0,0,0.0,0.0,67.40919079,11.38785599,21.32939262,12.13273414,36.82914809,14.21058886,21.80394132,0.0,0.0,3.590889445,3.425290113,3.868732993,4.580304394,10.83419282,5.063315588,0.590909091,27,0,5,0,0,0,1,1,2,4,0,5,10,0,0,0,2,4.68544,109.009,0,0,2,2,0,0,0,0,0,0,0,0,1,0,3,0,0,1,3,0,0,0,0,0,0,0,0,0,0,8.0,90,0.471698113,0.528301887,144.0,43.9,1.3587616252,0.6250678484,0.7520295936,0
CCCCN1C(CC)=C(CC)[N+](CCCC)=C1C1=C(OC)C=C(OC)C=C1OC,24,2,3,0,0,1,0.625,0.736715273,5.833427343,0.736715273,0.457484236,403.587,364.275,403.2955195,162,0.296478676,-0.496480043,0.496480043,0.296478676,0.827586207,1.448275862,1.896551724,16.48657171,10.10925772,2.334673266,-2.149704257,2.414085983,-2.389583681,5.727933726,-0.692661359,2.89503134,737.4039518,21.38854058,19.43072685,19.43072685,14.10714533,11.05423447,11.05423447,7.341402277,7.341402277,5.575061021,5.575061021,4.112934619,4.112934619,-2.17,3066979.998,23.11229501,11.1276937,4.705840848,176.1520161,14.21058886,34.19984298,0.0,0.0,5.824404498,0.0,0.0,9.134199296,0,0.0,40.53659204,12.84164325,24.97437738,34.41890544,18.77768851,0.0,4.567099648,0.0,79.30939135,21.32939262,23.52059013,28.63639149,18.77768851,0.0,17.2485355,0.0,25.89649227,25.93115606,0.0,64.76609128,12.13273414,11.38785599,36.5,0.0,0.0,0,0.0,0.0,74.42642954,17.21226049,21.32939262,12.13273414,36.82914809,14.21058886,22.15446443,0.0,0.0,3.857741297,3.496862665,3.90954932,6.639426496,11.00405687,5.104565588,0.625,29,0,5,0,0,0,1,1,2,4,0,5,12,0,0,0,2,5.1934,118.291,0,0,2,2,0,0,0,0,0,0,0,0,1,0,3,0,0,1,3,0,0,0,0,0,0,0,0,0,0,8.0,90,0.471698113,0.528301887,144.0,75.9,1.4894472267999999,0.5929542033999999,0.8173613491999999,0
CCCCN1C(C)=C(C)[N+](CCCC)=C1C1=C(C)C=CC=C1C,21,2,0,0,0,1,0.571428571,1.116474159,2.559351852,1.116474159,0.61520346,313.509,280.245,313.2638255,126,0.2893274,-0.227130787,0.2893274,0.227130787,0.913043478,1.52173913,2.086956522,15.17727505,10.01690293,2.279503501,-2.108026922,2.276162113,-2.379961111,5.630300157,-0.691403423,2.685462453,613.2164726,16.98276318,15.86911869,15.86911869,11.02327447,9.185113221,9.185113221,6.771618724,6.771618724,5.019977446,5.019977446,3.470794946,3.470794946,-1.57,142281.2764,17.77871455,7.807737538,3.51533251,141.7165541,0.0,11.38785599,0.0,0.0,5.824404498,0.0,0.0,9.134199296,0,0.0,44.88821885,37.81602063,13.8474744,18.6529643,4.567099648,0.0,4.567099648,0.0,80.3152225,0.0,40.71386018,11.38785599,4.567099648,0.0,0.0,0.0,4.567099648,13.08951281,27.6949488,62.04551986,18.19910121,11.38785599,8.81,0.0,0.0,0,0.0,0.0,13.08951281,59.58590145,0.0,0.0,68.8757237,0.0,5.118703704,0.0,0.0,7.033622449,1.414351852,6.658958018,4.941444791,15.83291919,0.0,0.571428571,23,0,2,0,0,0,1,1,2,1,0,2,7,0,0,0,2,5.27648,98.827,0,0,2,2,0,0,0,0,0,0,0,2,1,0,0,0,0,1,0,0,0,0,0,0,0,0,0,0,0,8.0,90,0.471698113,0.528301887,288.0,2.9,1.2640632821666666,0.5569869468333333,0.7496972546666667,0
CCCCN1C(CC)=C(CC)[N+](CCCC)=C1C1=C(C)C=CC=C1C,23,2,0,0,0,1,0.608695652,1.115021259,2.646157407,1.115021259,0.5108558,341.563,304.267,341.2951256,138,0.289345003,-0.226859748,0.289345003,0.226859748,0.88,1.52,2.04,15.18143812,10.01651191,2.303342136,-2.111078259,2.286177139,-2.391029572,5.63141069,-0.692668499,2.781841824,640.8537325,18.39697675,17.28333225,17.28333225,12.09928407,10.30643356,10.30643356,7.201293067,7.201293067,5.341151805,5.341151805,4.054043874,4.054043874,-1.57,419645.3955,19.7507641,9.217239291,3.991508595,154.4464383,0.0,11.38785599,0.0,0.0,5.824404498,0.0,0.0,9.134199296,0,0.0,58.73569325,37.81602063,12.84164325,18.6529643,4.567099648,0.0,4.567099648,0.0,93.15686575,0.0,40.71386018,11.38785599,4.567099648,0.0,0.0,0.0,4.567099648,25.93115606,13.8474744,75.89299426,18.19910121,11.38785599,8.81,0.0,0.0,0,0.0,0.0,25.93115606,48.19804546,11.38785599,0.0,68.8757237,0.0,5.292314815,0.0,0.0,7.328818972,1.450185185,6.715399345,7.203231922,16.01004976,0.0,0.608695652,25,0,2,0,0,0,1,1,2,1,0,2,9,0,0,0,2,5.78444,108.109,0,0,2,2,0,0,0,0,0,0,0,2,1,0,0,0,0,1,0,0,0,0,0,0,0,0,0,0,0,8.0,90,0.471698113,0.528301887,288.0,6.6,1.2872478703999999,0.6101910526000001,0.6990103904,0
CCCCN1C(CC)=C(CC)[N+](CCCC)=C1C1=C(OC)C=CC=C1OC,23,2,2,0,0,1,0.608695652,0.875141723,5.770927343,0.875141723,0.50725058,373.561,336.265,373.2849548,150,0.296473577,-0.495660033,0.495660033,0.296473577,0.888888889,1.518518519,2.0,16.47674094,10.1199827,2.327740078,-2.132404516,2.38019416,-2.389489331,5.707805926,-0.692661484,2.848081906,678.7149581,19.81119031,18.09982883,18.09982883,13.17529368,10.53117844,10.53117844,6.972017494,6.972017494,5.287851786,5.287851786,3.95846974,3.95846974,-1.97,1255192.049,21.33143416,10.38631218,4.307994234,164.6735288,9.473725908,28.45033115,0.0,0.0,5.824404498,0.0,0.0,9.134199296,0,0.0,46.60295911,24.97437738,12.84164325,27.30910789,14.04082556,0.0,4.567099648,0.0,79.30939135,14.21959508,29.5869572,22.88687966,14.04082556,0.0,11.49902367,0.0,18.78669473,25.93115606,0.0,64.76609128,18.19910121,11.38785599,27.27,0.0,0.0,0,0.0,0.0,42.99363122,42.89554698,14.21959508,18.19910121,36.82914809,9.473725908,16.5941695,0.0,0.0,3.971417234,2.986301965,6.074566012,6.777392605,11.10519337,3.49095931,0.608695652,27,0,4,0,0,0,1,1,2,3,0,4,11,0,0,0,2,5.1848,111.739,0,0,2,2,0,0,0,0,0,0,0,0,1,0,2,0,0,1,2,0,0,0,0,0,0,0,0,0,0,8.0,90,0.471698113,0.528301887,288.0,84.1,1.3652610988,0.6807372016000001,0.7386977284,0
CCCCN1C(C)=C(C)[N+](CCCC)=C1C1=C(OC)C=C(OC)C=C1OC,22,2,3,0,0,1,0.590909091,0.729320725,5.76614418,0.729320725,0.565582682,375.533,340.253,375.2642194,150,0.296461075,-0.496480043,0.496480043,0.296461075,0.888888889,1.481481481,1.962962963,16.4865646,10.11005828,2.316929798,-2.148184566,2.411361793,-2.378410024,5.727317747,-0.691396257,2.802258037,708.8988748,19.97432702,18.01651329,18.01651329,13.03113573,9.932914131,9.932914131,6.911727935,6.911727935,5.253886662,5.253886662,3.529685691,3.529685691,-2.17,1048672.884,21.13372208,9.674805637,4.22735866,163.4221319,14.21058886,34.19984298,0.0,0.0,5.824404498,0.0,0.0,9.134199296,0,0.0,26.68911765,12.84164325,25.98020854,34.41890544,18.77768851,0.0,4.567099648,0.0,66.4677481,21.32939262,23.52059013,28.63639149,18.77768851,0.0,17.2485355,0.0,25.89649227,13.08951281,13.8474744,50.91861688,12.13273414,11.38785599,36.5,0.0,0.0,0,0.0,0.0,67.40919079,11.38785599,21.32939262,12.13273414,36.82914809,14.21058886,21.80394132,0.0,0.0,3.590889445,3.425290113,3.868732993,4.580304394,10.83419282,5.063315588,0.590909091,27,0,5,0,0,0,1,1,2,4,0,5,10,0,0,0,2,4.68544,109.009,0,0,2,2,0,0,0,0,0,0,0,0,1,0,3,0,0,1,3,0,0,0,0,0,0,0,0,0,0,8.0,90,0.471698113,0.528301887,288.0,63.3,1.3587616252,0.6250678484,0.7520295936,0
CCCCN1C(CC)=C(CC)[N+](CCCC)=C1C1=C(OC)C=C(OC)C=C1OC,24,2,3,0,0,1,0.625,0.736715273,5.833427343,0.736715273,0.457484236,403.587,364.275,403.2955195,162,0.296478676,-0.496480043,0.496480043,0.296478676,0.827586207,1.448275862,1.896551724,16.48657171,10.10925772,2.334673266,-2.149704257,2.414085983,-2.389583681,5.727933726,-0.692661359,2.89503134,737.4039518,21.38854058,19.43072685,19.43072685,14.10714533,11.05423447,11.05423447,7.341402277,7.341402277,5.575061021,5.575061021,4.112934619,4.112934619,-2.17,3066979.998,23.11229501,11.1276937,4.705840848,176.1520161,14.21058886,34.19984298,0.0,0.0,5.824404498,0.0,0.0,9.134199296,0,0.0,40.53659204,12.84164325,24.97437738,34.41890544,18.77768851,0.0,4.567099648,0.0,79.30939135,21.32939262,23.52059013,28.63639149,18.77768851,0.0,17.2485355,0.0,25.89649227,25.93115606,0.0,64.76609128,12.13273414,11.38785599,36.5,0.0,0.0,0,0.0,0.0,74.42642954,17.21226049,21.32939262,12.13273414,36.82914809,14.21058886,22.15446443,0.0,0.0,3.857741297,3.496862665,3.90954932,6.639426496,11.00405687,5.104565588,0.625,29,0,5,0,0,0,1,1,2,4,0,5,12,0,0,0,2,5.1934,118.291,0,0,2,2,0,0,0,0,0,0,0,0,1,0,3,0,0,1,3,0,0,0,0,0,0,0,0,0,0,8.0,90,0.471698113,0.528301887,288.0,89.7,1.4894472267999999,0.5929542033999999,0.8173613491999999,0
CCCCN1C(C)=C(C)[N+](CCCC)=C1C1=C(C)C=CC=C1C,21,2,0,0,0,1,0.571428571,1.116474159,2.559351852,1.116474159,0.61520346,313.509,280.245,313.2638255,126,0.2893274,-0.227130787,0.2893274,0.227130787,0.913043478,1.52173913,2.086956522,15.17727505,10.01690293,2.279503501,-2.108026922,2.276162113,-2.379961111,5.630300157,-0.691403423,2.685462453,613.2164726,16.98276318,15.86911869,15.86911869,11.02327447,9.185113221,9.185113221,6.771618724,6.771618724,5.019977446,5.019977446,3.470794946,3.470794946,-1.57,142281.2764,17.77871455,7.807737538,3.51533251,141.7165541,0.0,11.38785599,0.0,0.0,5.824404498,0.0,0.0,9.134199296,0,0.0,44.88821885,37.81602063,13.8474744,18.6529643,4.567099648,0.0,4.567099648,0.0,80.3152225,0.0,40.71386018,11.38785599,4.567099648,0.0,0.0,0.0,4.567099648,13.08951281,27.6949488,62.04551986,18.19910121,11.38785599,8.81,0.0,0.0,0,0.0,0.0,13.08951281,59.58590145,0.0,0.0,68.8757237,0.0,5.118703704,0.0,0.0,7.033622449,1.414351852,6.658958018,4.941444791,15.83291919,0.0,0.571428571,23,0,2,0,0,0,1,1,2,1,0,2,7,0,0,0,2,5.27648,98.827,0,0,2,2,0,0,0,0,0,0,0,2,1,0,0,0,0,1,0,0,0,0,0,0,0,0,0,0,0,8.0,90,0.471698113,0.528301887,504.0,2.9,1.2640632821666666,0.5569869468333333,0.7496972546666667,0
CCCCN1C(CC)=C(CC)[N+](CCCC)=C1C1=C(C)C=CC=C1C,23,2,0,0,0,1,0.608695652,1.115021259,2.646157407,1.115021259,0.5108558,341.563,304.267,341.2951256,138,0.289345003,-0.226859748,0.289345003,0.226859748,0.88,1.52,2.04,15.18143812,10.01651191,2.303342136,-2.111078259,2.286177139,-2.391029572,5.63141069,-0.692668499,2.781841824,640.8537325,18.39697675,17.28333225,17.28333225,12.09928407,10.30643356,10.30643356,7.201293067,7.201293067,5.341151805,5.341151805,4.054043874,4.054043874,-1.57,419645.3955,19.7507641,9.217239291,3.991508595,154.4464383,0.0,11.38785599,0.0,0.0,5.824404498,0.0,0.0,9.134199296,0,0.0,58.73569325,37.81602063,12.84164325,18.6529643,4.567099648,0.0,4.567099648,0.0,93.15686575,0.0,40.71386018,11.38785599,4.567099648,0.0,0.0,0.0,4.567099648,25.93115606,13.8474744,75.89299426,18.19910121,11.38785599,8.81,0.0,0.0,0,0.0,0.0,25.93115606,48.19804546,11.38785599,0.0,68.8757237,0.0,5.292314815,0.0,0.0,7.328818972,1.450185185,6.715399345,7.203231922,16.01004976,0.0,0.608695652,25,0,2,0,0,0,1,1,2,1,0,2,9,0,0,0,2,5.78444,108.109,0,0,2,2,0,0,0,0,0,0,0,2,1,0,0,0,0,1,0,0,0,0,0,0,0,0,0,0,0,8.0,90,0.471698113,0.528301887,504.0,5.2,1.2872478703999999,0.6101910526000001,0.6990103904,0
CCCCN1C(CC)=C(CC)[N+](CCCC)=C1C1=C(OC)C=CC=C1OC,23,2,2,0,0,1,0.608695652,0.875141723,5.770927343,0.875141723,0.50725058,373.561,336.265,373.2849548,150,0.296473577,-0.495660033,0.495660033,0.296473577,0.888888889,1.518518519,2.0,16.47674094,10.1199827,2.327740078,-2.132404516,2.38019416,-2.389489331,5.707805926,-0.692661484,2.848081906,678.7149581,19.81119031,18.09982883,18.09982883,13.17529368,10.53117844,10.53117844,6.972017494,6.972017494,5.287851786,5.287851786,3.95846974,3.95846974,-1.97,1255192.049,21.33143416,10.38631218,4.307994234,164.6735288,9.473725908,28.45033115,0.0,0.0,5.824404498,0.0,0.0,9.134199296,0,0.0,46.60295911,24.97437738,12.84164325,27.30910789,14.04082556,0.0,4.567099648,0.0,79.30939135,14.21959508,29.5869572,22.88687966,14.04082556,0.0,11.49902367,0.0,18.78669473,25.93115606,0.0,64.76609128,18.19910121,11.38785599,27.27,0.0,0.0,0,0.0,0.0,42.99363122,42.89554698,14.21959508,18.19910121,36.82914809,9.473725908,16.5941695,0.0,0.0,3.971417234,2.986301965,6.074566012,6.777392605,11.10519337,3.49095931,0.608695652,27,0,4,0,0,0,1,1,2,3,0,4,11,0,0,0,2,5.1848,111.739,0,0,2,2,0,0,0,0,0,0,0,0,1,0,2,0,0,1,2,0,0,0,0,0,0,0,0,0,0,8.0,90,0.471698113,0.528301887,504.0,92.1,1.3652610988,0.6807372016000001,0.7386977284,0
CCCCN1C(C)=C(C)[N+](CCCC)=C1C1=C(OC)C=C(OC)C=C1OC,22,2,3,0,0,1,0.590909091,0.729320725,5.76614418,0.729320725,0.565582682,375.533,340.253,375.2642194,150,0.296461075,-0.496480043,0.496480043,0.296461075,0.888888889,1.481481481,1.962962963,16.4865646,10.11005828,2.316929798,-2.148184566,2.411361793,-2.378410024,5.727317747,-0.691396257,2.802258037,708.8988748,19.97432702,18.01651329,18.01651329,13.03113573,9.932914131,9.932914131,6.911727935,6.911727935,5.253886662,5.253886662,3.529685691,3.529685691,-2.17,1048672.884,21.13372208,9.674805637,4.22735866,163.4221319,14.21058886,34.19984298,0.0,0.0,5.824404498,0.0,0.0,9.134199296,0,0.0,26.68911765,12.84164325,25.98020854,34.41890544,18.77768851,0.0,4.567099648,0.0,66.4677481,21.32939262,23.52059013,28.63639149,18.77768851,0.0,17.2485355,0.0,25.89649227,13.08951281,13.8474744,50.91861688,12.13273414,11.38785599,36.5,0.0,0.0,0,0.0,0.0,67.40919079,11.38785599,21.32939262,12.13273414,36.82914809,14.21058886,21.80394132,0.0,0.0,3.590889445,3.425290113,3.868732993,4.580304394,10.83419282,5.063315588,0.590909091,27,0,5,0,0,0,1,1,2,4,0,5,10,0,0,0,2,4.68544,109.009,0,0,2,2,0,0,0,0,0,0,0,0,1,0,3,0,0,1,3,0,0,0,0,0,0,0,0,0,0,8.0,90,0.471698113,0.528301887,504.0,83.7,1.3587616252,0.6250678484,0.7520295936,0
CCCCN1C(CC)=C(CC)[N+](CCCC)=C1C1=C(OC)C=C(OC)C=C1OC,24,2,3,0,0,1,0.625,0.736715273,5.833427343,0.736715273,0.457484236,403.587,364.275,403.2955195,162,0.296478676,-0.496480043,0.496480043,0.296478676,0.827586207,1.448275862,1.896551724,16.48657171,10.10925772,2.334673266,-2.149704257,2.414085983,-2.389583681,5.727933726,-0.692661359,2.89503134,737.4039518,21.38854058,19.43072685,19.43072685,14.10714533,11.05423447,11.05423447,7.341402277,7.341402277,5.575061021,5.575061021,4.112934619,4.112934619,-2.17,3066979.998,23.11229501,11.1276937,4.705840848,176.1520161,14.21058886,34.19984298,0.0,0.0,5.824404498,0.0,0.0,9.134199296,0,0.0,40.53659204,12.84164325,24.97437738,34.41890544,18.77768851,0.0,4.567099648,0.0,79.30939135,21.32939262,23.52059013,28.63639149,18.77768851,0.0,17.2485355,0.0,25.89649227,25.93115606,0.0,64.76609128,12.13273414,11.38785599,36.5,0.0,0.0,0,0.0,0.0,74.42642954,17.21226049,21.32939262,12.13273414,36.82914809,14.21058886,22.15446443,0.0,0.0,3.857741297,3.496862665,3.90954932,6.639426496,11.00405687,5.104565588,0.625,29,0,5,0,0,0,1,1,2,4,0,5,12,0,0,0,2,5.1934,118.291,0,0,2,2,0,0,0,0,0,0,0,0,1,0,3,0,0,1,3,0,0,0,0,0,0,0,0,0,0,8.0,90,0.471698113,0.528301887,504.0,100.0,1.4894472267999999,0.5929542033999999,0.8173613491999999,0
CCCC[N+]1=C(C)N(C)C=C1,9,2,0,0,0,1,0.666666667,1.155925926,2.295138889,1.155925926,0.580700677,153.249,136.113,153.138625,62,0.252505903,-0.2371895,0.252505903,0.2371895,1.545454545,2.272727273,2.727272727,15.12354519,10.32320438,2.057409928,-1.953035348,1.912787271,-2.346436727,4.759205291,-0.702289755,2.630825004,225.4666468,8.267584714,7.670448073,7.670448073,5.253218858,4.267492851,4.267492851,3.003208827,3.003208827,2.148888739,2.148888739,1.163612434,1.163612434,-0.79,382.8385388,8.307943193,3.557462323,1.822066108,68.46980718,0.0,12.39368714,0.0,0.0,5.824404498,0.0,0.0,9.134199296,0,0.0,13.34455882,6.420821623,6.9237372,13.59242839,4.567099648,0.0,4.567099648,7.047671983,33.23387405,0.0,18.21809164,0.0,4.567099648,0.0,0.0,0.0,4.567099648,13.59242839,6.9237372,25.58978494,12.39368714,0.0,8.81,0.0,0.0,0,0.0,0.0,6.544756406,18.66604774,0.0,0.0,42.42303282,0.0,4.443611111,0.0,0.0,0.0,1.331898148,0.0,6.784564437,5.525462963,2.081130008,0.666666667,11,0,2,0,0,0,0,1,1,1,0,2,3,0,0,0,1,1.42112,45.253,0,0,2,2,0,0,0,0,0,0,0,2,0,0,0,0,0,1,0,0,0,0,0,0,0,0,0,0,0,4.0,80,0.0,1.0,1.0,0.0,0.775375404,0.2601543744285714,0.9050922201428572,0
CCCC[N+]1=C(C)N(C)C=C1,9,2,0,0,0,1,0.666666667,1.155925926,2.295138889,1.155925926,0.580700677,153.249,136.113,153.138625,62,0.252505903,-0.2371895,0.252505903,0.2371895,1.545454545,2.272727273,2.727272727,15.12354519,10.32320438,2.057409928,-1.953035348,1.912787271,-2.346436727,4.759205291,-0.702289755,2.630825004,225.4666468,8.267584714,7.670448073,7.670448073,5.253218858,4.267492851,4.267492851,3.003208827,3.003208827,2.148888739,2.148888739,1.163612434,1.163612434,-0.79,382.8385388,8.307943193,3.557462323,1.822066108,68.46980718,0.0,12.39368714,0.0,0.0,5.824404498,0.0,0.0,9.134199296,0,0.0,13.34455882,6.420821623,6.9237372,13.59242839,4.567099648,0.0,4.567099648,7.047671983,33.23387405,0.0,18.21809164,0.0,4.567099648,0.0,0.0,0.0,4.567099648,13.59242839,6.9237372,25.58978494,12.39368714,0.0,8.81,0.0,0.0,0,0.0,0.0,6.544756406,18.66604774,0.0,0.0,42.42303282,0.0,4.443611111,0.0,0.0,0.0,1.331898148,0.0,6.784564437,5.525462963,2.081130008,0.666666667,11,0,2,0,0,0,0,1,1,1,0,2,3,0,0,0,1,1.42112,45.253,0,0,2,2,0,0,0,0,0,0,0,2,0,0,0,0,0,1,0,0,0,0,0,0,0,0,0,0,0,4.0,80,0.0,1.0,120.0,17.0,0.775375404,0.2601543744285714,0.9050922201428572,0
CCCC[N+]1=C(C)N(C)C=C1,9,2,0,0,0,1,0.666666667,1.155925926,2.295138889,1.155925926,0.580700677,153.249,136.113,153.138625,62,0.252505903,-0.2371895,0.252505903,0.2371895,1.545454545,2.272727273,2.727272727,15.12354519,10.32320438,2.057409928,-1.953035348,1.912787271,-2.346436727,4.759205291,-0.702289755,2.630825004,225.4666468,8.267584714,7.670448073,7.670448073,5.253218858,4.267492851,4.267492851,3.003208827,3.003208827,2.148888739,2.148888739,1.163612434,1.163612434,-0.79,382.8385388,8.307943193,3.557462323,1.822066108,68.46980718,0.0,12.39368714,0.0,0.0,5.824404498,0.0,0.0,9.134199296,0,0.0,13.34455882,6.420821623,6.9237372,13.59242839,4.567099648,0.0,4.567099648,7.047671983,33.23387405,0.0,18.21809164,0.0,4.567099648,0.0,0.0,0.0,4.567099648,13.59242839,6.9237372,25.58978494,12.39368714,0.0,8.81,0.0,0.0,0,0.0,0.0,6.544756406,18.66604774,0.0,0.0,42.42303282,0.0,4.443611111,0.0,0.0,0.0,1.331898148,0.0,6.784564437,5.525462963,2.081130008,0.666666667,11,0,2,0,0,0,0,1,1,1,0,2,3,0,0,0,1,1.42112,45.253,0,0,2,2,0,0,0,0,0,0,0,2,0,0,0,0,0,1,0,0,0,0,0,0,0,0,0,0,0,4.0,80,0.0,1.0,192.0,20.2,0.775375404,0.2601543744285714,0.9050922201428572,0
CCCCC1=[N+](C)C=CN1C,9,2,0,0,0,1,0.666666667,1.190972222,2.225138889,1.190972222,0.576795797,153.249,136.113,153.138625,62,0.255454227,-0.23695099,0.255454227,0.23695099,1.545454545,2.272727273,2.727272727,15.11316895,10.2278665,2.082255205,-1.951655843,1.97933127,-2.311762083,4.810096542,-0.678363939,2.670379958,205.9666468,8.267584714,7.670448073,7.670448073,5.253218858,4.252032071,4.252032071,3.039733818,3.039733818,2.082089151,2.082089151,1.30847613,1.30847613,-0.79,375.6718254,8.307943193,3.557462323,1.822066108,68.46980718,0.0,12.39368714,0.0,0.0,5.824404498,0.0,0.0,9.134199296,0,0.0,13.34455882,6.420821623,6.420821623,14.09534397,4.567099648,0.0,4.567099648,14.09534397,26.18620207,0.0,18.21809164,0.0,4.567099648,0.0,0.0,0.0,4.567099648,20.51616559,0.0,25.58978494,12.39368714,0.0,8.81,0.0,0.0,0,0.0,0.0,0.0,25.08686937,0.0,0.0,42.5469676,0.0,4.380277778,0.0,0.0,0.0,1.40912037,0.0,7.947777778,2.225138889,4.204351852,0.666666667,11,0,2,0,0,0,0,1,1,1,0,2,3,0,0,0,1,1.1922,45.201,0,0,2,2,0,0,0,0,0,0,0,2,0,0,0,0,0,1,0,0,0,0,0,0,0,0,0,0,0,4.0,80,0.0,1.0,1.0,0.0,0.6767749556666667,0.3759216716666667,0.7718433459999999,0
CCCCC1=[N+](C)C=CN1C,9,2,0,0,0,1,0.666666667,1.190972222,2.225138889,1.190972222,0.576795797,153.249,136.113,153.138625,62,0.255454227,-0.23695099,0.255454227,0.23695099,1.545454545,2.272727273,2.727272727,15.11316895,10.2278665,2.082255205,-1.951655843,1.97933127,-2.311762083,4.810096542,-0.678363939,2.670379958,205.9666468,8.267584714,7.670448073,7.670448073,5.253218858,4.252032071,4.252032071,3.039733818,3.039733818,2.082089151,2.082089151,1.30847613,1.30847613,-0.79,375.6718254,8.307943193,3.557462323,1.822066108,68.46980718,0.0,12.39368714,0.0,0.0,5.824404498,0.0,0.0,9.134199296,0,0.0,13.34455882,6.420821623,6.420821623,14.09534397,4.567099648,0.0,4.567099648,14.09534397,26.18620207,0.0,18.21809164,0.0,4.567099648,0.0,0.0,0.0,4.567099648,20.51616559,0.0,25.58978494,12.39368714,0.0,8.81,0.0,0.0,0,0.0,0.0,0.0,25.08686937,0.0,0.0,42.5469676,0.0,4.380277778,0.0,0.0,0.0,1.40912037,0.0,7.947777778,2.225138889,4.204351852,0.666666667,11,0,2,0,0,0,0,1,1,1,0,2,3,0,0,0,1,1.1922,45.201,0,0,2,2,0,0,0,0,0,0,0,2,0,0,0,0,0,1,0,0,0,0,0,0,0,0,0,0,0,4.0,80,0.0,1.0,72.0,18.02,0.6767749556666667,0.3759216716666667,0.7718433459999999,0
CCCCC1=[N+](C)C=CN1C,9,2,0,0,0,1,0.666666667,1.190972222,2.225138889,1.190972222,0.576795797,153.249,136.113,153.138625,62,0.255454227,-0.23695099,0.255454227,0.23695099,1.545454545,2.272727273,2.727272727,15.11316895,10.2278665,2.082255205,-1.951655843,1.97933127,-2.311762083,4.810096542,-0.678363939,2.670379958,205.9666468,8.267584714,7.670448073,7.670448073,5.253218858,4.252032071,4.252032071,3.039733818,3.039733818,2.082089151,2.082089151,1.30847613,1.30847613,-0.79,375.6718254,8.307943193,3.557462323,1.822066108,68.46980718,0.0,12.39368714,0.0,0.0,5.824404498,0.0,0.0,9.134199296,0,0.0,13.34455882,6.420821623,6.420821623,14.09534397,4.567099648,0.0,4.567099648,14.09534397,26.18620207,0.0,18.21809164,0.0,4.567099648,0.0,0.0,0.0,4.567099648,20.51616559,0.0,25.58978494,12.39368714,0.0,8.81,0.0,0.0,0,0.0,0.0,0.0,25.08686937,0.0,0.0,42.5469676,0.0,4.380277778,0.0,0.0,0.0,1.40912037,0.0,7.947777778,2.225138889,4.204351852,0.666666667,11,0,2,0,0,0,0,1,1,1,0,2,3,0,0,0,1,1.1922,45.201,0,0,2,2,0,0,0,0,0,0,0,2,0,0,0,0,0,1,0,0,0,0,0,0,0,0,0,0,0,4.0,80,0.0,1.0,120.0,23.65,0.6767749556666667,0.3759216716666667,0.7718433459999999,0
CCCCN1C=C[N+](C)=C1C,9,2,0,0,0,1,0.666666667,1.155925926,2.295138889,1.155925926,0.580700677,153.249,136.113,153.138625,62,0.252505903,-0.2371895,0.252505903,0.2371895,1.545454545,2.272727273,2.727272727,15.12354519,10.32320438,2.057409928,-1.953035348,1.96454421,-2.29191671,4.781790929,-0.676901048,2.630825004,225.4666468,8.267584714,7.670448073,7.670448073,5.253218858,4.267492851,4.267492851,3.003208827,3.003208827,2.148888739,2.148888739,1.163612434,1.163612434,-0.79,382.8385388,8.307943193,3.557462323,1.822066108,68.46980718,0.0,12.39368714,0.0,0.0,5.824404498,0.0,0.0,9.134199296,0,0.0,13.34455882,6.420821623,6.9237372,13.59242839,4.567099648,0.0,4.567099648,7.047671983,33.23387405,0.0,18.21809164,0.0,4.567099648,0.0,0.0,0.0,4.567099648,13.59242839,6.9237372,25.58978494,12.39368714,0.0,8.81,0.0,0.0,0,0.0,0.0,6.544756406,18.66604774,0.0,0.0,42.42303282,0.0,4.443611111,0.0,0.0,0.0,1.331898148,0.0,6.784564437,5.525462963,2.081130008,0.666666667,11,0,2,0,0,0,0,1,1,1,0,2,3,0,0,0,1,1.42112,45.253,0,0,2,2,0,0,0,0,0,0,0,2,0,0,0,0,0,1,0,0,0,0,0,0,0,0,0,0,0,4.0,80,0.0,1.0,1.0,0.0,0.7576380210769231,0.26757356684615385,0.9083497503846154,0
CCCCN1C=C[N+](C)=C1C,9,2,0,0,0,1,0.666666667,1.155925926,2.295138889,1.155925926,0.580700677,153.249,136.113,153.138625,62,0.252505903,-0.2371895,0.252505903,0.2371895,1.545454545,2.272727273,2.727272727,15.12354519,10.32320438,2.057409928,-1.953035348,1.96454421,-2.29191671,4.781790929,-0.676901048,2.630825004,225.4666468,8.267584714,7.670448073,7.670448073,5.253218858,4.267492851,4.267492851,3.003208827,3.003208827,2.148888739,2.148888739,1.163612434,1.163612434,-0.79,382.8385388,8.307943193,3.557462323,1.822066108,68.46980718,0.0,12.39368714,0.0,0.0,5.824404498,0.0,0.0,9.134199296,0,0.0,13.34455882,6.420821623,6.9237372,13.59242839,4.567099648,0.0,4.567099648,7.047671983,33.23387405,0.0,18.21809164,0.0,4.567099648,0.0,0.0,0.0,4.567099648,13.59242839,6.9237372,25.58978494,12.39368714,0.0,8.81,0.0,0.0,0,0.0,0.0,6.544756406,18.66604774,0.0,0.0,42.42303282,0.0,4.443611111,0.0,0.0,0.0,1.331898148,0.0,6.784564437,5.525462963,2.081130008,0.666666667,11,0,2,0,0,0,0,1,1,1,0,2,3,0,0,0,1,1.42112,45.253,0,0,2,2,0,0,0,0,0,0,0,2,0,0,0,0,0,1,0,0,0,0,0,0,0,0,0,0,0,4.0,80,0.0,1.0,72.0,5.23,0.7576380210769231,0.26757356684615385,0.9083497503846154,0
CCCCN1C=C[N+](C)=C1C,9,2,0,0,0,1,0.666666667,1.155925926,2.295138889,1.155925926,0.580700677,153.249,136.113,153.138625,62,0.252505903,-0.2371895,0.252505903,0.2371895,1.545454545,2.272727273,2.727272727,15.12354519,10.32320438,2.057409928,-1.953035348,1.96454421,-2.29191671,4.781790929,-0.676901048,2.630825004,225.4666468,8.267584714,7.670448073,7.670448073,5.253218858,4.267492851,4.267492851,3.003208827,3.003208827,2.148888739,2.148888739,1.163612434,1.163612434,-0.79,382.8385388,8.307943193,3.557462323,1.822066108,68.46980718,0.0,12.39368714,0.0,0.0,5.824404498,0.0,0.0,9.134199296,0,0.0,13.34455882,6.420821623,6.9237372,13.59242839,4.567099648,0.0,4.567099648,7.047671983,33.23387405,0.0,18.21809164,0.0,4.567099648,0.0,0.0,0.0,4.567099648,13.59242839,6.9237372,25.58978494,12.39368714,0.0,8.81,0.0,0.0,0,0.0,0.0,6.544756406,18.66604774,0.0,0.0,42.42303282,0.0,4.443611111,0.0,0.0,0.0,1.331898148,0.0,6.784564437,5.525462963,2.081130008,0.666666667,11,0,2,0,0,0,0,1,1,1,0,2,3,0,0,0,1,1.42112,45.253,0,0,2,2,0,0,0,0,0,0,0,2,0,0,0,0,0,1,0,0,0,0,0,0,0,0,0,0,0,4.0,80,0.0,1.0,120.0,15.92,0.7576380210769231,0.26757356684615385,0.9083497503846154,0
CCCC[N+]1=C(CC)N(C)C=C1,10,2,0,0,0,1,0.7,1.118268141,2.350694444,1.118268141,0.60322834,167.276,148.124,167.154275,68,0.255394715,-0.236952928,0.255394715,0.236952928,1.416666667,2.166666667,2.75,15.128205,10.30947925,2.096842789,-1.980466085,1.946388349,-2.361759217,4.799492752,-0.703560983,2.699062295,237.9866602,8.974691495,8.377554854,8.377554854,5.79122366,4.828153023,4.828153023,3.225776388,3.225776388,2.277688402,2.277688402,1.539695501,1.539695501,-0.79,671.9758979,9.299206066,4.289007904,1.872087109,74.8347493,0.0,12.39368714,0.0,0.0,5.824404498,0.0,0.0,9.134199296,0,0.0,20.26829602,6.420821623,6.420821623,13.59242839,4.567099648,0.0,4.567099648,7.047671983,39.65469567,0.0,18.21809164,0.0,4.567099648,0.0,0.0,0.0,4.567099648,20.01325001,0.0,32.51352214,12.39368714,0.0,8.81,0.0,0.0,0,0.0,0.0,6.420821623,25.21080415,0.0,0.0,42.42303282,0.0,4.554722222,0.0,0.0,0.0,1.419861111,0.0,7.975128496,5.60457483,2.112380008,0.7,12,0,2,0,0,0,0,1,1,1,0,2,4,0,0,0,1,1.6751,49.894,0,0,2,2,0,0,0,0,0,0,0,2,0,0,0,0,0,1,0,0,0,0,0,0,0,0,0,0,0,4.0,80,0.0,1.0,1.0,0.0,0.8367327646666668,0.3115378836666667,0.842890266,0
CCCC[N+]1=C(CC)N(C)C=C1,10,2,0,0,0,1,0.7,1.118268141,2.350694444,1.118268141,0.60322834,167.276,148.124,167.154275,68,0.255394715,-0.236952928,0.255394715,0.236952928,1.416666667,2.166666667,2.75,15.128205,10.30947925,2.096842789,-1.980466085,1.946388349,-2.361759217,4.799492752,-0.703560983,2.699062295,237.9866602,8.974691495,8.377554854,8.377554854,5.79122366,4.828153023,4.828153023,3.225776388,3.225776388,2.277688402,2.277688402,1.539695501,1.539695501,-0.79,671.9758979,9.299206066,4.289007904,1.872087109,74.8347493,0.0,12.39368714,0.0,0.0,5.824404498,0.0,0.0,9.134199296,0,0.0,20.26829602,6.420821623,6.420821623,13.59242839,4.567099648,0.0,4.567099648,7.047671983,39.65469567,0.0,18.21809164,0.0,4.567099648,0.0,0.0,0.0,4.567099648,20.01325001,0.0,32.51352214,12.39368714,0.0,8.81,0.0,0.0,0,0.0,0.0,6.420821623,25.21080415,0.0,0.0,42.42303282,0.0,4.554722222,0.0,0.0,0.0,1.419861111,0.0,7.975128496,5.60457483,2.112380008,0.7,12,0,2,0,0,0,0,1,1,1,0,2,4,0,0,0,1,1.6751,49.894,0,0,2,2,0,0,0,0,0,0,0,2,0,0,0,0,0,1,0,0,0,0,0,0,0,0,0,0,0,4.0,80,0.0,1.0,72.0,10.61,0.8367327646666668,0.3115378836666667,0.842890266,0
CCCC[N+]1=C(CC)N(C)C=C1,10,2,0,0,0,1,0.7,1.118268141,2.350694444,1.118268141,0.60322834,167.276,148.124,167.154275,68,0.255394715,-0.236952928,0.255394715,0.236952928,1.416666667,2.166666667,2.75,15.128205,10.30947925,2.096842789,-1.980466085,1.946388349,-2.361759217,4.799492752,-0.703560983,2.699062295,237.9866602,8.974691495,8.377554854,8.377554854,5.79122366,4.828153023,4.828153023,3.225776388,3.225776388,2.277688402,2.277688402,1.539695501,1.539695501,-0.79,671.9758979,9.299206066,4.289007904,1.872087109,74.8347493,0.0,12.39368714,0.0,0.0,5.824404498,0.0,0.0,9.134199296,0,0.0,20.26829602,6.420821623,6.420821623,13.59242839,4.567099648,0.0,4.567099648,7.047671983,39.65469567,0.0,18.21809164,0.0,4.567099648,0.0,0.0,0.0,4.567099648,20.01325001,0.0,32.51352214,12.39368714,0.0,8.81,0.0,0.0,0,0.0,0.0,6.420821623,25.21080415,0.0,0.0,42.42303282,0.0,4.554722222,0.0,0.0,0.0,1.419861111,0.0,7.975128496,5.60457483,2.112380008,0.7,12,0,2,0,0,0,0,1,1,1,0,2,4,0,0,0,1,1.6751,49.894,0,0,2,2,0,0,0,0,0,0,0,2,0,0,0,0,0,1,0,0,0,0,0,0,0,0,0,0,0,4.0,80,0.0,1.0,192.0,23.63,0.8367327646666668,0.3115378836666667,0.842890266,0
CCCCC1=[N+](CCCC)C=CN1C,12,2,0,0,0,1,0.75,1.176971844,2.401944444,1.176971844,0.616564414,195.33,172.146,195.1855752,80,0.255677267,-0.236943657,0.255677267,0.236943657,1.214285714,1.928571429,2.571428571,15.1290143,10.21618447,2.119197892,-2.007041743,2.004592857,-2.365456853,4.81548628,-0.703742654,2.620422301,263.2854874,10.38890506,9.791768416,9.791768416,6.79122366,5.828153023,5.828153023,3.975776388,3.975776388,2.71539752,2.71539752,1.742054397,1.742054397,-0.79,1825.094518,11.28570023,5.839300959,2.861043558,87.56463352,0.0,12.39368714,0.0,0.0,5.824404498,0.0,0.0,9.134199296,0,0.0,26.68911765,12.84164325,6.420821623,13.59242839,4.567099648,0.0,4.567099648,7.047671983,52.49633892,0.0,18.21809164,0.0,4.567099648,0.0,0.0,0.0,4.567099648,20.01325001,0.0,45.35516539,12.39368714,0.0,8.81,0.0,0.0,0,0.0,0.0,0.0,44.47326902,0.0,0.0,42.42303282,0.0,4.657222222,0.0,0.0,0.0,1.4725,0.0,10.71912116,5.67155439,2.146268896,0.75,14,0,2,0,0,0,0,1,1,1,0,2,6,0,0,0,1,2.4553,59.128,0,0,2,2,0,0,0,0,0,0,0,2,0,0,0,0,0,1,0,0,0,0,0,0,0,0,0,0,0,4.0,80,0.0,1.0,1.0,0.0,0.816760919375,0.41324680874999997,0.703686444875,0
CCCCC1=[N+](CCCC)C=CN1C,12,2,0,0,0,1,0.75,1.176971844,2.401944444,1.176971844,0.616564414,195.33,172.146,195.1855752,80,0.255677267,-0.236943657,0.255677267,0.236943657,1.214285714,1.928571429,2.571428571,15.1290143,10.21618447,2.119197892,-2.007041743,2.004592857,-2.365456853,4.81548628,-0.703742654,2.620422301,263.2854874,10.38890506,9.791768416,9.791768416,6.79122366,5.828153023,5.828153023,3.975776388,3.975776388,2.71539752,2.71539752,1.742054397,1.742054397,-0.79,1825.094518,11.28570023,5.839300959,2.861043558,87.56463352,0.0,12.39368714,0.0,0.0,5.824404498,0.0,0.0,9.134199296,0,0.0,26.68911765,12.84164325,6.420821623,13.59242839,4.567099648,0.0,4.567099648,7.047671983,52.49633892,0.0,18.21809164,0.0,4.567099648,0.0,0.0,0.0,4.567099648,20.01325001,0.0,45.35516539,12.39368714,0.0,8.81,0.0,0.0,0,0.0,0.0,0.0,44.47326902,0.0,0.0,42.42303282,0.0,4.657222222,0.0,0.0,0.0,1.4725,0.0,10.71912116,5.67155439,2.146268896,0.75,14,0,2,0,0,0,0,1,1,1,0,2,6,0,0,0,1,2.4553,59.128,0,0,2,2,0,0,0,0,0,0,0,2,0,0,0,0,0,1,0,0,0,0,0,0,0,0,0,0,0,4.0,80,0.0,1.0,120.0,12.99,0.816760919375,0.41324680874999997,0.703686444875,0
CCCCC1=[N+](CCCC)C=CN1C,12,2,0,0,0,1,0.75,1.176971844,2.401944444,1.176971844,0.616564414,195.33,172.146,195.1855752,80,0.255677267,-0.236943657,0.255677267,0.236943657,1.214285714,1.928571429,2.571428571,15.1290143,10.21618447,2.119197892,-2.007041743,2.004592857,-2.365456853,4.81548628,-0.703742654,2.620422301,263.2854874,10.38890506,9.791768416,9.791768416,6.79122366,5.828153023,5.828153023,3.975776388,3.975776388,2.71539752,2.71539752,1.742054397,1.742054397,-0.79,1825.094518,11.28570023,5.839300959,2.861043558,87.56463352,0.0,12.39368714,0.0,0.0,5.824404498,0.0,0.0,9.134199296,0,0.0,26.68911765,12.84164325,6.420821623,13.59242839,4.567099648,0.0,4.567099648,7.047671983,52.49633892,0.0,18.21809164,0.0,4.567099648,0.0,0.0,0.0,4.567099648,20.01325001,0.0,45.35516539,12.39368714,0.0,8.81,0.0,0.0,0,0.0,0.0,0.0,44.47326902,0.0,0.0,42.42303282,0.0,4.657222222,0.0,0.0,0.0,1.4725,0.0,10.71912116,5.67155439,2.146268896,0.75,14,0,2,0,0,0,0,1,1,1,0,2,6,0,0,0,1,2.4553,59.128,0,0,2,2,0,0,0,0,0,0,0,2,0,0,0,0,0,1,0,0,0,0,0,0,0,0,0,0,0,4.0,80,0.0,1.0,240.0,15.82,0.816760919375,0.41324680874999997,0.703686444875,0
CCCC[N+]1=C(CO)N(C)C=C1,9,2,1,0,0,1,0.666666667,0.118268141,9.045818216,0.118268141,0.657170321,169.248,152.112,169.1335396,68,0.281838731,-0.383668799,0.383668799,0.281838731,1.583333333,2.333333333,2.916666667,16.25220967,10.32128265,2.108263364,-1.975887261,1.935610506,-2.365070337,4.781048328,-0.705478393,2.699062295,242.6766162,8.974691495,7.82476845,7.82476845,5.79122366,4.437274008,4.437274008,3.03033688,3.03033688,2.102881992,2.102881992,1.289564369,1.289564369,-0.83,671.9758979,9.259525515,4.259120464,1.853973807,73.26404093,5.106527395,19.00056911,0.0,0.0,5.824404498,0.0,0.0,9.134199296,0,0.0,13.34455882,6.420821623,0.0,13.59242839,9.673627043,0.0,4.567099648,7.047671983,32.91701882,0.0,18.21809164,0.0,4.567099648,0.0,0.0,0.0,9.673627043,20.19931035,0.0,25.58978494,12.39368714,0.0,29.04,0.0,0.0,0,6.606881965,0.0,12.3691609,12.84164325,0.0,24.00845877,11.49083685,5.106527395,4.054722222,0.0,9.045818216,0.0,0.975416667,0.0,6.344116591,3.294212963,1.952380008,0.666666667,12,1,3,0,0,0,0,1,1,2,1,3,4,0,0,0,1,0.605,46.4388,1,1,2,2,0,0,0,0,0,0,0,2,0,0,0,0,0,1,0,0,0,0,0,0,0,0,0,0,0,4.0,80,0.0,1.0,1.0,0.0,0.7908582795,0.3465003505,0.8160253052499999,0
CCCC[N+]1=C(CO)N(C)C=C1,9,2,1,0,0,1,0.666666667,0.118268141,9.045818216,0.118268141,0.657170321,169.248,152.112,169.1335396,68,0.281838731,-0.383668799,0.383668799,0.281838731,1.583333333,2.333333333,2.916666667,16.25220967,10.32128265,2.108263364,-1.975887261,1.935610506,-2.365070337,4.781048328,-0.705478393,2.699062295,242.6766162,8.974691495,7.82476845,7.82476845,5.79122366,4.437274008,4.437274008,3.03033688,3.03033688,2.102881992,2.102881992,1.289564369,1.289564369,-0.83,671.9758979,9.259525515,4.259120464,1.853973807,73.26404093,5.106527395,19.00056911,0.0,0.0,5.824404498,0.0,0.0,9.134199296,0,0.0,13.34455882,6.420821623,0.0,13.59242839,9.673627043,0.0,4.567099648,7.047671983,32.91701882,0.0,18.21809164,0.0,4.567099648,0.0,0.0,0.0,9.673627043,20.19931035,0.0,25.58978494,12.39368714,0.0,29.04,0.0,0.0,0,6.606881965,0.0,12.3691609,12.84164325,0.0,24.00845877,11.49083685,5.106527395,4.054722222,0.0,9.045818216,0.0,0.975416667,0.0,6.344116591,3.294212963,1.952380008,0.666666667,12,1,3,0,0,0,0,1,1,2,1,3,4,0,0,0,1,0.605,46.4388,1,1,2,2,0,0,0,0,0,0,0,2,0,0,0,0,0,1,0,0,0,0,0,0,0,0,0,0,0,4.0,80,0.0,1.0,120.0,26.0,0.7908582795,0.3465003505,0.8160253052499999,0
CCCC[N+]1=C(CO)N(C)C=C1,9,2,1,0,0,1,0.666666667,0.118268141,9.045818216,0.118268141,0.657170321,169.248,152.112,169.1335396,68,0.281838731,-0.383668799,0.383668799,0.281838731,1.583333333,2.333333333,2.916666667,16.25220967,10.32128265,2.108263364,-1.975887261,1.935610506,-2.365070337,4.781048328,-0.705478393,2.699062295,242.6766162,8.974691495,7.82476845,7.82476845,5.79122366,4.437274008,4.437274008,3.03033688,3.03033688,2.102881992,2.102881992,1.289564369,1.289564369,-0.83,671.9758979,9.259525515,4.259120464,1.853973807,73.26404093,5.106527395,19.00056911,0.0,0.0,5.824404498,0.0,0.0,9.134199296,0,0.0,13.34455882,6.420821623,0.0,13.59242839,9.673627043,0.0,4.567099648,7.047671983,32.91701882,0.0,18.21809164,0.0,4.567099648,0.0,0.0,0.0,9.673627043,20.19931035,0.0,25.58978494,12.39368714,0.0,29.04,0.0,0.0,0,6.606881965,0.0,12.3691609,12.84164325,0.0,24.00845877,11.49083685,5.106527395,4.054722222,0.0,9.045818216,0.0,0.975416667,0.0,6.344116591,3.294212963,1.952380008,0.666666667,12,1,3,0,0,0,0,1,1,2,1,3,4,0,0,0,1,0.605,46.4388,1,1,2,2,0,0,0,0,0,0,0,2,0,0,0,0,0,1,0,0,0,0,0,0,0,0,0,0,0,4.0,80,0.0,1.0,240.0,33.67,0.7908582795,0.3465003505,0.8160253052499999,0
CCCCC1=[N+](CCCC)C=CN1C,12,2,0,0,0,1,0.75,1.176971844,2.401944444,1.176971844,0.616564414,195.33,172.146,195.1855752,80,0.255677267,-0.236943657,0.255677267,0.236943657,1.214285714,1.928571429,2.571428571,15.1290143,10.21618447,2.119197892,-2.007041743,2.004592857,-2.365456853,4.81548628,-0.703742654,2.620422301,263.2854874,10.38890506,9.791768416,9.791768416,6.79122366,5.828153023,5.828153023,3.975776388,3.975776388,2.71539752,2.71539752,1.742054397,1.742054397,-0.79,1825.094518,11.28570023,5.839300959,2.861043558,87.56463352,0.0,12.39368714,0.0,0.0,5.824404498,0.0,0.0,9.134199296,0,0.0,26.68911765,12.84164325,6.420821623,13.59242839,4.567099648,0.0,4.567099648,7.047671983,52.49633892,0.0,18.21809164,0.0,4.567099648,0.0,0.0,0.0,4.567099648,20.01325001,0.0,45.35516539,12.39368714,0.0,8.81,0.0,0.0,0,0.0,0.0,0.0,44.47326902,0.0,0.0,42.42303282,0.0,4.657222222,0.0,0.0,0.0,1.4725,0.0,10.71912116,5.67155439,2.146268896,0.75,14,0,2,0,0,0,0,1,1,1,0,2,6,0,0,0,1,2.4553,59.128,0,0,2,2,0,0,0,0,0,0,0,2,0,0,0,0,0,1,0,0,0,0,0,0,0,0,0,0,0,1.0,80,0.0,1.0,240.0,0.0,0.816760919375,0.41324680874999997,0.703686444875,0
CCCCC1=[N+](CCCC)C=CN1C,12,2,0,0,0,1,0.75,1.176971844,2.401944444,1.176971844,0.616564414,195.33,172.146,195.1855752,80,0.255677267,-0.236943657,0.255677267,0.236943657,1.214285714,1.928571429,2.571428571,15.1290143,10.21618447,2.119197892,-2.007041743,2.004592857,-2.365456853,4.81548628,-0.703742654,2.620422301,263.2854874,10.38890506,9.791768416,9.791768416,6.79122366,5.828153023,5.828153023,3.975776388,3.975776388,2.71539752,2.71539752,1.742054397,1.742054397,-0.79,1825.094518,11.28570023,5.839300959,2.861043558,87.56463352,0.0,12.39368714,0.0,0.0,5.824404498,0.0,0.0,9.134199296,0,0.0,26.68911765,12.84164325,6.420821623,13.59242839,4.567099648,0.0,4.567099648,7.047671983,52.49633892,0.0,18.21809164,0.0,4.567099648,0.0,0.0,0.0,4.567099648,20.01325001,0.0,45.35516539,12.39368714,0.0,8.81,0.0,0.0,0,0.0,0.0,0.0,44.47326902,0.0,0.0,42.42303282,0.0,4.657222222,0.0,0.0,0.0,1.4725,0.0,10.71912116,5.67155439,2.146268896,0.75,14,0,2,0,0,0,0,1,1,1,0,2,6,0,0,0,1,2.4553,59.128,0,0,2,2,0,0,0,0,0,0,0,2,0,0,0,0,0,1,0,0,0,0,0,0,0,0,0,0,0,6.0,80,0.0,1.0,12.0,4.68,0.816760919375,0.41324680874999997,0.703686444875,0
CCCCC1=[N+](CCCC)C=CN1C,12,2,0,0,0,1,0.75,1.176971844,2.401944444,1.176971844,0.616564414,195.33,172.146,195.1855752,80,0.255677267,-0.236943657,0.255677267,0.236943657,1.214285714,1.928571429,2.571428571,15.1290143,10.21618447,2.119197892,-2.007041743,2.004592857,-2.365456853,4.81548628,-0.703742654,2.620422301,263.2854874,10.38890506,9.791768416,9.791768416,6.79122366,5.828153023,5.828153023,3.975776388,3.975776388,2.71539752,2.71539752,1.742054397,1.742054397,-0.79,1825.094518,11.28570023,5.839300959,2.861043558,87.56463352,0.0,12.39368714,0.0,0.0,5.824404498,0.0,0.0,9.134199296,0,0.0,26.68911765,12.84164325,6.420821623,13.59242839,4.567099648,0.0,4.567099648,7.047671983,52.49633892,0.0,18.21809164,0.0,4.567099648,0.0,0.0,0.0,4.567099648,20.01325001,0.0,45.35516539,12.39368714,0.0,8.81,0.0,0.0,0,0.0,0.0,0.0,44.47326902,0.0,0.0,42.42303282,0.0,4.657222222,0.0,0.0,0.0,1.4725,0.0,10.71912116,5.67155439,2.146268896,0.75,14,0,2,0,0,0,0,1,1,1,0,2,6,0,0,0,1,2.4553,59.128,0,0,2,2,0,0,0,0,0,0,0,2,0,0,0,0,0,1,0,0,0,0,0,0,0,0,0,0,0,1.0,80,0.75,0.25,1.0,0.0,0.816760919375,0.41324680874999997,0.703686444875,0
CCCCC1=[N+](CCCC)C=CN1C,12,2,0,0,0,1,0.75,1.176971844,2.401944444,1.176971844,0.616564414,195.33,172.146,195.1855752,80,0.255677267,-0.236943657,0.255677267,0.236943657,1.214285714,1.928571429,2.571428571,15.1290143,10.21618447,2.119197892,-2.007041743,2.004592857,-2.365456853,4.81548628,-0.703742654,2.620422301,263.2854874,10.38890506,9.791768416,9.791768416,6.79122366,5.828153023,5.828153023,3.975776388,3.975776388,2.71539752,2.71539752,1.742054397,1.742054397,-0.79,1825.094518,11.28570023,5.839300959,2.861043558,87.56463352,0.0,12.39368714,0.0,0.0,5.824404498,0.0,0.0,9.134199296,0,0.0,26.68911765,12.84164325,6.420821623,13.59242839,4.567099648,0.0,4.567099648,7.047671983,52.49633892,0.0,18.21809164,0.0,4.567099648,0.0,0.0,0.0,4.567099648,20.01325001,0.0,45.35516539,12.39368714,0.0,8.81,0.0,0.0,0,0.0,0.0,0.0,44.47326902,0.0,0.0,42.42303282,0.0,4.657222222,0.0,0.0,0.0,1.4725,0.0,10.71912116,5.67155439,2.146268896,0.75,14,0,2,0,0,0,0,1,1,1,0,2,6,0,0,0,1,2.4553,59.128,0,0,2,2,0,0,0,0,0,0,0,2,0,0,0,0,0,1,0,0,0,0,0,0,0,0,0,0,0,1.0,80,0.75,0.25,120.0,3.03,0.816760919375,0.41324680874999997,0.703686444875,0
CCCCC1=[N+](CCCC)C=CN1C,12,2,0,0,0,1,0.75,1.176971844,2.401944444,1.176971844,0.616564414,195.33,172.146,195.1855752,80,0.255677267,-0.236943657,0.255677267,0.236943657,1.214285714,1.928571429,2.571428571,15.1290143,10.21618447,2.119197892,-2.007041743,2.004592857,-2.365456853,4.81548628,-0.703742654,2.620422301,263.2854874,10.38890506,9.791768416,9.791768416,6.79122366,5.828153023,5.828153023,3.975776388,3.975776388,2.71539752,2.71539752,1.742054397,1.742054397,-0.79,1825.094518,11.28570023,5.839300959,2.861043558,87.56463352,0.0,12.39368714,0.0,0.0,5.824404498,0.0,0.0,9.134199296,0,0.0,26.68911765,12.84164325,6.420821623,13.59242839,4.567099648,0.0,4.567099648,7.047671983,52.49633892,0.0,18.21809164,0.0,4.567099648,0.0,0.0,0.0,4.567099648,20.01325001,0.0,45.35516539,12.39368714,0.0,8.81,0.0,0.0,0,0.0,0.0,0.0,44.47326902,0.0,0.0,42.42303282,0.0,4.657222222,0.0,0.0,0.0,1.4725,0.0,10.71912116,5.67155439,2.146268896,0.75,14,0,2,0,0,0,0,1,1,1,0,2,6,0,0,0,1,2.4553,59.128,0,0,2,2,0,0,0,0,0,0,0,2,0,0,0,0,0,1,0,0,0,0,0,0,0,0,0,0,0,1.0,80,0.75,0.25,192.0,6.08,0.816760919375,0.41324680874999997,0.703686444875,0
C[N+](C)(C)Cc1ccccc1,10,1,0,0,0,1,0.4,0.990092593,2.201388889,0.990092593,0.564733409,150.245,134.117,150.1277259,60,0.10374051,-0.327164983,0.327164983,0.10374051,1.0,1.545454545,2.0,15.2727943,10.18617015,2.059732163,-2.231752379,2.044948953,-2.326798315,5.127404025,-0.883503644,2.657660985,208.0644284,8.319990956,7.541071723,7.541071723,5.078298262,3.922105546,3.922105546,3.934036527,3.934036527,1.499740497,1.499740497,1.131142384,1.131142384,-0.82,244.8579632,8.278231827,3.054898793,3.190046349,68.86097673,4.483030858,6.544756406,0.0,0.0,0.0,0.0,0.0,0.0,0,0.0,30.33183534,0.0,5.563451492,21.14301595,4.483030858,0.0,0.0,0.0,6.544756406,21.14301595,35.89528683,0.0,0.0,0.0,0.0,0.0,25.62604681,6.544756406,0.0,5.563451492,30.33183534,0.0,0.0,0.0,0.0,0,0.0,0.0,11.02778726,5.563451492,0.0,0.0,51.47485129,0.0,0.990092593,0.0,0.0,1.402777778,0.0,10.57157407,0.0,1.098055556,6.604166667,0.4,11,0,1,0,0,0,1,0,1,0,0,1,2,0,0,0,1,1.8928,48.1784,0,0,0,1,0,0,0,0,0,0,0,0,1,0,0,0,0,0,0,0,0,0,0,0,0,0,0,1,0,1.0,80,0.75,0.25,1.0,0.0,0.7445308335,0.24762724886,0.9092085232799999,0
C[N+](C)(C)Cc1ccccc1,10,1,0,0,0,1,0.4,0.990092593,2.201388889,0.990092593,0.564733409,150.245,134.117,150.1277259,60,0.10374051,-0.327164983,0.327164983,0.10374051,1.0,1.545454545,2.0,15.2727943,10.18617015,2.059732163,-2.231752379,2.044948953,-2.326798315,5.127404025,-0.883503644,2.657660985,208.0644284,8.319990956,7.541071723,7.541071723,5.078298262,3.922105546,3.922105546,3.934036527,3.934036527,1.499740497,1.499740497,1.131142384,1.131142384,-0.82,244.8579632,8.278231827,3.054898793,3.190046349,68.86097673,4.483030858,6.544756406,0.0,0.0,0.0,0.0,0.0,0.0,0,0.0,30.33183534,0.0,5.563451492,21.14301595,4.483030858,0.0,0.0,0.0,6.544756406,21.14301595,35.89528683,0.0,0.0,0.0,0.0,0.0,25.62604681,6.544756406,0.0,5.563451492,30.33183534,0.0,0.0,0.0,0.0,0,0.0,0.0,11.02778726,5.563451492,0.0,0.0,51.47485129,0.0,0.990092593,0.0,0.0,1.402777778,0.0,10.57157407,0.0,1.098055556,6.604166667,0.4,11,0,1,0,0,0,1,0,1,0,0,1,2,0,0,0,1,1.8928,48.1784,0,0,0,1,0,0,0,0,0,0,0,0,1,0,0,0,0,0,0,0,0,0,0,0,0,0,0,1,0,1.0,80,0.75,0.25,120.0,15.38,0.7445308335,0.24762724886,0.9092085232799999,0
C[N+](C)(C)Cc1ccccc1,10,1,0,0,0,1,0.4,0.990092593,2.201388889,0.990092593,0.564733409,150.245,134.117,150.1277259,60,0.10374051,-0.327164983,0.327164983,0.10374051,1.0,1.545454545,2.0,15.2727943,10.18617015,2.059732163,-2.231752379,2.044948953,-2.326798315,5.127404025,-0.883503644,2.657660985,208.0644284,8.319990956,7.541071723,7.541071723,5.078298262,3.922105546,3.922105546,3.934036527,3.934036527,1.499740497,1.499740497,1.131142384,1.131142384,-0.82,244.8579632,8.278231827,3.054898793,3.190046349,68.86097673,4.483030858,6.544756406,0.0,0.0,0.0,0.0,0.0,0.0,0,0.0,30.33183534,0.0,5.563451492,21.14301595,4.483030858,0.0,0.0,0.0,6.544756406,21.14301595,35.89528683,0.0,0.0,0.0,0.0,0.0,25.62604681,6.544756406,0.0,5.563451492,30.33183534,0.0,0.0,0.0,0.0,0,0.0,0.0,11.02778726,5.563451492,0.0,0.0,51.47485129,0.0,0.990092593,0.0,0.0,1.402777778,0.0,10.57157407,0.0,1.098055556,6.604166667,0.4,11,0,1,0,0,0,1,0,1,0,0,1,2,0,0,0,1,1.8928,48.1784,0,0,0,1,0,0,0,0,0,0,0,0,1,0,0,0,0,0,0,0,0,0,0,0,0,0,0,1,0,1.0,80,0.75,0.25,192.0,23.08,0.7445308335,0.24762724886,0.9092085232799999,0
CC1=[N+](C)C=CN1C,6,2,0,0,0,1,0.5,1.268518519,2.083333333,1.268518519,0.42157426,111.168,100.08,111.0916748,44,0.252282846,-0.237196828,0.252282846,0.237196828,1.625,2.25,2.375,15.1074661,10.67634854,2.001560698,-1.844967415,1.837414484,-2.286614375,4.752575888,-0.676801109,3.194945502,168.9086471,6.14626437,5.549127729,5.549127729,3.715214055,2.691371899,2.691371899,2.067166257,2.067166257,1.534762801,1.534762801,0.664541252,0.664541252,-0.79,75.4050522,5.348696255,1.617020637,0.619399124,49.37498084,0.0,12.39368714,0.0,0.0,5.824404498,0.0,0.0,9.134199296,0,0.0,0.0,0.0,6.9237372,14.09534397,4.567099648,0.0,4.567099648,14.09534397,6.9237372,0.0,18.21809164,0.0,4.567099648,0.0,0.0,0.0,4.567099648,14.09534397,6.9237372,5.824404498,12.39368714,0.0,8.81,0.0,0.0,0,0.0,0.0,0.0,5.824404498,0.0,26.48903111,16.0579365,0.0,4.166666667,0.0,0.0,0.0,1.268518519,0.0,4.074074074,2.083333333,4.074074074,0.5,8,0,2,0,0,0,0,1,1,1,0,2,0,0,0,0,1,0.15802,31.326,0,0,2,2,0,0,0,0,0,0,0,2,0,0,0,0,0,1,0,0,0,0,0,0,0,0,0,0,0,2.0,80,0.0,1.0,432.0,36.4,0.324813324,0.39008869166666665,0.6349172278333334,0
CCCCN1C=C[N+](C)=C1C,9,2,0,0,0,1,0.666666667,1.155925926,2.295138889,1.155925926,0.580700677,153.249,136.113,153.138625,62,0.252505903,-0.2371895,0.252505903,0.2371895,1.545454545,2.272727273,2.727272727,15.12354519,10.32320438,2.057409928,-1.953035348,1.96454421,-2.29191671,4.781790929,-0.676901048,2.630825004,225.4666468,8.267584714,7.670448073,7.670448073,5.253218858,4.267492851,4.267492851,3.003208827,3.003208827,2.148888739,2.148888739,1.163612434,1.163612434,-0.79,382.8385388,8.307943193,3.557462323,1.822066108,68.46980718,0.0,12.39368714,0.0,0.0,5.824404498,0.0,0.0,9.134199296,0,0.0,13.34455882,6.420821623,6.9237372,13.59242839,4.567099648,0.0,4.567099648,7.047671983,33.23387405,0.0,18.21809164,0.0,4.567099648,0.0,0.0,0.0,4.567099648,13.59242839,6.9237372,25.58978494,12.39368714,0.0,8.81,0.0,0.0,0,0.0,0.0,6.544756406,18.66604774,0.0,0.0,42.42303282,0.0,4.443611111,0.0,0.0,0.0,1.331898148,0.0,6.784564437,5.525462963,2.081130008,0.666666667,11,0,2,0,0,0,0,1,1,1,0,2,3,0,0,0,1,1.42112,45.253,0,0,2,2,0,0,0,0,0,0,0,2,0,0,0,0,0,1,0,0,0,0,0,0,0,0,0,0,0,2.0,80,0.0,1.0,432.0,3.2,0.7576380210769231,0.26757356684615385,0.9083497503846154,0
CCCCCCC[N+]1=C(C)N(C)C=C1,12,2,0,0,0,2,0.75,1.176971844,2.339231859,1.176971844,0.487161926,195.33,172.146,195.1855752,80,0.252505904,-0.2371895,0.252505904,0.2371895,1.214285714,1.928571429,2.5,15.12363838,10.14704517,2.06452335,-1.991127065,2.019641647,-2.347428455,4.75974202,-0.702347773,2.21354228,263.2854874,10.38890506,9.791768416,9.791768416,6.753218858,5.767492851,5.767492851,4.063868999,4.063868999,2.898888739,2.898888739,1.72085534,1.72085534,-0.79,1747.53591,11.28570023,5.839300959,3.166666787,87.56463352,0.0,12.39368714,0.0,0.0,5.824404498,0.0,0.0,9.134199296,0,0.0,26.18620207,12.84164325,6.9237372,13.59242839,4.567099648,0.0,4.567099648,7.047671983,52.49633892,0.0,18.21809164,0.0,4.567099648,0.0,0.0,0.0,4.567099648,13.59242839,6.9237372,44.85224981,12.39368714,0.0,8.81,0.0,0.0,0,0.0,0.0,0.0,44.47326902,0.0,0.0,42.42303282,0.0,4.511893503,0.0,0.0,0.0,1.347677338,0.0,11.09733324,5.60964724,2.100115347,0.75,14,0,2,0,0,0,0,1,1,1,0,2,6,0,0,0,1,2.59142,59.104,0,0,2,2,0,0,0,0,0,0,0,2,0,0,0,0,0,1,0,0,0,0,0,0,0,0,0,0,3,2.0,80,0.0,1.0,432.0,3.7,0.7305649445,0.11184895575,0.9525475065,0
CC1=[N+](C(C)C)C=CN1C,8,2,0,0,0,1,0.625,0.570555556,2.25,0.570555556,0.516927535,139.222,124.102,139.1229749,56,0.252709027,-0.237182438,0.252709027,0.237182438,1.5,2.1,2.3,15.13924512,10.37131851,2.098512049,-2.000782554,1.953233462,-2.369844604,4.766126808,-0.720926117,3.051570472,223.161505,7.723614639,7.126477999,7.126477999,4.625897658,3.657057732,3.657057732,2.957279262,2.957279262,1.89132686,1.89132686,1.115499474,1.115499474,-0.79,192.4730811,7.318577633,2.445727413,1.058162668,62.10486507,0.0,12.39368714,0.0,0.0,5.824404498,0.0,0.0,9.134199296,0,0.0,0.0,13.8474744,6.9237372,13.08951281,4.567099648,0.0,4.567099648,7.047671983,26.81305243,0.0,18.21809164,0.0,4.567099648,0.0,0.0,0.0,4.567099648,7.047671983,6.9237372,25.71371973,12.39368714,0.0,8.81,0.0,0.0,0,0.0,6.041840829,0.0,5.824404498,0.0,0.0,49.34677002,0.0,4.375,0.0,0.0,0.0,1.300925926,0.570555556,4.189814815,6.5,2.063703704,0.625,10,0,2,0,0,0,0,1,1,1,0,2,1,0,0,0,1,1.20192,40.73,0,0,2,2,0,0,0,0,0,0,0,1,0,0,0,0,0,1,0,0,0,0,0,0,0,0,0,0,0,2.0,80,0.0,1.0,432.0,2.9,0.6540754821666667,0.33439195916666664,0.8452781618333334,0
CCCCCCCCCCCC[N+]1=C(C)N(C)C=C1,17,2,0,0,0,2,0.823529412,1.183703704,2.365821653,1.183703704,0.410083451,265.465,232.201,265.2638255,110,0.252505904,-0.2371895,0.252505904,0.2371895,0.894736842,1.421052632,1.894736842,15.12367073,10.06601729,2.066525678,-2.019269527,2.099516963,-2.347444241,4.759964983,-0.702347953,1.900661204,328.0030974,13.92443896,13.32730232,13.32730232,9.253218858,8.267492851,8.267492851,5.831635952,5.831635952,4.148888739,4.148888739,2.604738816,2.604738816,-0.79,21219.54305,16.26491488,10.05230282,6.792813947,119.3893441,0.0,12.39368714,0.0,0.0,5.824404498,0.0,0.0,9.134199296,0,0.0,58.29031018,12.84164325,6.9237372,13.59242839,4.567099648,0.0,4.567099648,7.047671983,84.60044703,0.0,18.21809164,0.0,4.567099648,0.0,0.0,0.0,4.567099648,13.59242839,6.9237372,76.95635793,12.39368714,0.0,8.81,0.0,0.0,0,0.0,0.0,0.0,76.57737713,0.0,0.0,42.42303282,0.0,4.55659735,0.0,0.0,0.0,1.357337175,0.0,18.47861212,5.6586684,2.115451623,0.823529412,19,0,2,0,0,0,0,1,1,1,0,2,11,0,0,0,1,4.54192,82.189,0,0,2,2,0,0,0,0,0,0,0,2,0,0,0,0,0,1,0,0,0,0,0,0,0,0,0,0,8,2.0,80,0.0,1.0,72.0,47.8,0.954842331,0.09315244,0.968208255,0
CCCCCCC[N+]1=C(C)N(C)C=C1,12,2,0,0,0,2,0.75,1.176971844,2.339231859,1.176971844,0.487161926,195.33,172.146,195.1855752,80,0.252505904,-0.2371895,0.252505904,0.2371895,1.214285714,1.928571429,2.5,15.12363838,10.14704517,2.06452335,-1.991127065,2.019641647,-2.347428455,4.75974202,-0.702347773,2.21354228,263.2854874,10.38890506,9.791768416,9.791768416,6.753218858,5.767492851,5.767492851,4.063868999,4.063868999,2.898888739,2.898888739,1.72085534,1.72085534,-0.79,1747.53591,11.28570023,5.839300959,3.166666787,87.56463352,0.0,12.39368714,0.0,0.0,5.824404498,0.0,0.0,9.134199296,0,0.0,26.18620207,12.84164325,6.9237372,13.59242839,4.567099648,0.0,4.567099648,7.047671983,52.49633892,0.0,18.21809164,0.0,4.567099648,0.0,0.0,0.0,4.567099648,13.59242839,6.9237372,44.85224981,12.39368714,0.0,8.81,0.0,0.0,0,0.0,0.0,0.0,44.47326902,0.0,0.0,42.42303282,0.0,4.511893503,0.0,0.0,0.0,1.347677338,0.0,11.09733324,5.60964724,2.100115347,0.75,14,0,2,0,0,0,0,1,1,1,0,2,6,0,0,0,1,2.59142,59.104,0,0,2,2,0,0,0,0,0,0,0,2,0,0,0,0,0,1,0,0,0,0,0,0,0,0,0,0,3,4.0,80,0.0,1.0,50.0,26.8,0.7305649445,0.11184895575,0.9525475065,0
CCCCN1C=C[N+](C)=C1C,9,2,0,0,0,1,0.666666667,1.155925926,2.295138889,1.155925926,0.580700677,153.249,136.113,153.138625,62,0.252505903,-0.2371895,0.252505903,0.2371895,1.545454545,2.272727273,2.727272727,15.12354519,10.32320438,2.057409928,-1.953035348,1.96454421,-2.29191671,4.781790929,-0.676901048,2.630825004,225.4666468,8.267584714,7.670448073,7.670448073,5.253218858,4.267492851,4.267492851,3.003208827,3.003208827,2.148888739,2.148888739,1.163612434,1.163612434,-0.79,382.8385388,8.307943193,3.557462323,1.822066108,68.46980718,0.0,12.39368714,0.0,0.0,5.824404498,0.0,0.0,9.134199296,0,0.0,13.34455882,6.420821623,6.9237372,13.59242839,4.567099648,0.0,4.567099648,7.047671983,33.23387405,0.0,18.21809164,0.0,4.567099648,0.0,0.0,0.0,4.567099648,13.59242839,6.9237372,25.58978494,12.39368714,0.0,8.81,0.0,0.0,0,0.0,0.0,6.544756406,18.66604774,0.0,0.0,42.42303282,0.0,4.443611111,0.0,0.0,0.0,1.331898148,0.0,6.784564437,5.525462963,2.081130008,0.666666667,11,0,2,0,0,0,0,1,1,1,0,2,3,0,0,0,1,1.42112,45.253,0,0,2,2,0,0,0,0,0,0,0,2,0,0,0,0,0,1,0,0,0,0,0,0,0,0,0,0,0,4.0,80,0.0,1.0,50.0,16.3,0.7576380210769231,0.26757356684615385,0.9083497503846154,0
CC1=[N+](C(C)C)C=CN1C,8,2,0,0,0,1,0.625,0.570555556,2.25,0.570555556,0.516927535,139.222,124.102,139.1229749,56,0.252709027,-0.237182438,0.252709027,0.237182438,1.5,2.1,2.3,15.13924512,10.37131851,2.098512049,-2.000782554,1.953233462,-2.369844604,4.766126808,-0.720926117,3.051570472,223.161505,7.723614639,7.126477999,7.126477999,4.625897658,3.657057732,3.657057732,2.957279262,2.957279262,1.89132686,1.89132686,1.115499474,1.115499474,-0.79,192.4730811,7.318577633,2.445727413,1.058162668,62.10486507,0.0,12.39368714,0.0,0.0,5.824404498,0.0,0.0,9.134199296,0,0.0,0.0,13.8474744,6.9237372,13.08951281,4.567099648,0.0,4.567099648,7.047671983,26.81305243,0.0,18.21809164,0.0,4.567099648,0.0,0.0,0.0,4.567099648,7.047671983,6.9237372,25.71371973,12.39368714,0.0,8.81,0.0,0.0,0,0.0,6.041840829,0.0,5.824404498,0.0,0.0,49.34677002,0.0,4.375,0.0,0.0,0.0,1.300925926,0.570555556,4.189814815,6.5,2.063703704,0.625,10,0,2,0,0,0,0,1,1,1,0,2,1,0,0,0,1,1.20192,40.73,0,0,2,2,0,0,0,0,0,0,0,1,0,0,0,0,0,1,0,0,0,0,0,0,0,0,0,0,0,4.0,80,0.0,1.0,50.0,1.6,0.6540754821666667,0.33439195916666664,0.8452781618333334,0
CCCCCCC[N+]1=C(C)N(C)C=C1,12,2,0,0,0,2,0.75,1.176971844,2.339231859,1.176971844,0.487161926,195.33,172.146,195.1855752,80,0.252505904,-0.2371895,0.252505904,0.2371895,1.214285714,1.928571429,2.5,15.12363838,10.14704517,2.06452335,-1.991127065,2.019641647,-2.347428455,4.75974202,-0.702347773,2.21354228,263.2854874,10.38890506,9.791768416,9.791768416,6.753218858,5.767492851,5.767492851,4.063868999,4.063868999,2.898888739,2.898888739,1.72085534,1.72085534,-0.79,1747.53591,11.28570023,5.839300959,3.166666787,87.56463352,0.0,12.39368714,0.0,0.0,5.824404498,0.0,0.0,9.134199296,0,0.0,26.18620207,12.84164325,6.9237372,13.59242839,4.567099648,0.0,4.567099648,7.047671983,52.49633892,0.0,18.21809164,0.0,4.567099648,0.0,0.0,0.0,4.567099648,13.59242839,6.9237372,44.85224981,12.39368714,0.0,8.81,0.0,0.0,0,0.0,0.0,0.0,44.47326902,0.0,0.0,42.42303282,0.0,4.511893503,0.0,0.0,0.0,1.347677338,0.0,11.09733324,5.60964724,2.100115347,0.75,14,0,2,0,0,0,0,1,1,1,0,2,6,0,0,0,1,2.59142,59.104,0,0,2,2,0,0,0,0,0,0,0,2,0,0,0,0,0,1,0,0,0,0,0,0,0,0,0,0,3,6.0,80,0.0,1.0,8.0,98.5,0.7305649445,0.11184895575,0.9525475065,0
CCCCN1C=C[N+](C)=C1C,9,2,0,0,0,1,0.666666667,1.155925926,2.295138889,1.155925926,0.580700677,153.249,136.113,153.138625,62,0.252505903,-0.2371895,0.252505903,0.2371895,1.545454545,2.272727273,2.727272727,15.12354519,10.32320438,2.057409928,-1.953035348,1.96454421,-2.29191671,4.781790929,-0.676901048,2.630825004,225.4666468,8.267584714,7.670448073,7.670448073,5.253218858,4.267492851,4.267492851,3.003208827,3.003208827,2.148888739,2.148888739,1.163612434,1.163612434,-0.79,382.8385388,8.307943193,3.557462323,1.822066108,68.46980718,0.0,12.39368714,0.0,0.0,5.824404498,0.0,0.0,9.134199296,0,0.0,13.34455882,6.420821623,6.9237372,13.59242839,4.567099648,0.0,4.567099648,7.047671983,33.23387405,0.0,18.21809164,0.0,4.567099648,0.0,0.0,0.0,4.567099648,13.59242839,6.9237372,25.58978494,12.39368714,0.0,8.81,0.0,0.0,0,0.0,0.0,6.544756406,18.66604774,0.0,0.0,42.42303282,0.0,4.443611111,0.0,0.0,0.0,1.331898148,0.0,6.784564437,5.525462963,2.081130008,0.666666667,11,0,2,0,0,0,0,1,1,1,0,2,3,0,0,0,1,1.42112,45.253,0,0,2,2,0,0,0,0,0,0,0,2,0,0,0,0,0,1,0,0,0,0,0,0,0,0,0,0,0,6.0,80,0.0,1.0,156.0,92.6,0.7576380210769231,0.26757356684615385,0.9083497503846154,0
CC1=[N+](C(C)C)C=CN1C,8,2,0,0,0,1,0.625,0.570555556,2.25,0.570555556,0.516927535,139.222,124.102,139.1229749,56,0.252709027,-0.237182438,0.252709027,0.237182438,1.5,2.1,2.3,15.13924512,10.37131851,2.098512049,-2.000782554,1.953233462,-2.369844604,4.766126808,-0.720926117,3.051570472,223.161505,7.723614639,7.126477999,7.126477999,4.625897658,3.657057732,3.657057732,2.957279262,2.957279262,1.89132686,1.89132686,1.115499474,1.115499474,-0.79,192.4730811,7.318577633,2.445727413,1.058162668,62.10486507,0.0,12.39368714,0.0,0.0,5.824404498,0.0,0.0,9.134199296,0,0.0,0.0,13.8474744,6.9237372,13.08951281,4.567099648,0.0,4.567099648,7.047671983,26.81305243,0.0,18.21809164,0.0,4.567099648,0.0,0.0,0.0,4.567099648,7.047671983,6.9237372,25.71371973,12.39368714,0.0,8.81,0.0,0.0,0,0.0,6.041840829,0.0,5.824404498,0.0,0.0,49.34677002,0.0,4.375,0.0,0.0,0.0,1.300925926,0.570555556,4.189814815,6.5,2.063703704,0.625,10,0,2,0,0,0,0,1,1,1,0,2,1,0,0,0,1,1.20192,40.73,0,0,2,2,0,0,0,0,0,0,0,1,0,0,0,0,0,1,0,0,0,0,0,0,0,0,0,0,0,6.0,80,0.0,1.0,156.0,22.5,0.6540754821666667,0.33439195916666664,0.8452781618333334,0
C[N+](C)(C)Cc1ccccc1,10,1,0,0,0,1,0.4,0.990092593,2.201388889,0.990092593,0.564733409,150.245,134.117,150.1277259,60,0.10374051,-0.327164983,0.327164983,0.10374051,1.0,1.545454545,2.0,15.2727943,10.18617015,2.059732163,-2.231752379,2.044948953,-2.326798315,5.127404025,-0.883503644,2.657660985,208.0644284,8.319990956,7.541071723,7.541071723,5.078298262,3.922105546,3.922105546,3.934036527,3.934036527,1.499740497,1.499740497,1.131142384,1.131142384,-0.82,244.8579632,8.278231827,3.054898793,3.190046349,68.86097673,4.483030858,6.544756406,0.0,0.0,0.0,0.0,0.0,0.0,0,0.0,30.33183534,0.0,5.563451492,21.14301595,4.483030858,0.0,0.0,0.0,6.544756406,21.14301595,35.89528683,0.0,0.0,0.0,0.0,0.0,25.62604681,6.544756406,0.0,5.563451492,30.33183534,0.0,0.0,0.0,0.0,0,0.0,0.0,11.02778726,5.563451492,0.0,0.0,51.47485129,0.0,0.990092593,0.0,0.0,1.402777778,0.0,10.57157407,0.0,1.098055556,6.604166667,0.4,11,0,1,0,0,0,1,0,1,0,0,1,2,0,0,0,1,1.8928,48.1784,0,0,0,1,0,0,0,0,0,0,0,0,1,0,0,0,0,0,0,0,0,0,0,0,0,0,0,1,0,1.0,80,0.9,0.1,168.0,32.5,0.7445308335,0.24762724886,0.9092085232799999,0
CCCCN1C=C[N+](C)=C1C,9,2,0,0,0,1,0.666666667,1.155925926,2.295138889,1.155925926,0.580700677,153.249,136.113,153.138625,62,0.252505903,-0.2371895,0.252505903,0.2371895,1.545454545,2.272727273,2.727272727,15.12354519,10.32320438,2.057409928,-1.953035348,1.96454421,-2.29191671,4.781790929,-0.676901048,2.630825004,225.4666468,8.267584714,7.670448073,7.670448073,5.253218858,4.267492851,4.267492851,3.003208827,3.003208827,2.148888739,2.148888739,1.163612434,1.163612434,-0.79,382.8385388,8.307943193,3.557462323,1.822066108,68.46980718,0.0,12.39368714,0.0,0.0,5.824404498,0.0,0.0,9.134199296,0,0.0,13.34455882,6.420821623,6.9237372,13.59242839,4.567099648,0.0,4.567099648,7.047671983,33.23387405,0.0,18.21809164,0.0,4.567099648,0.0,0.0,0.0,4.567099648,13.59242839,6.9237372,25.58978494,12.39368714,0.0,8.81,0.0,0.0,0,0.0,0.0,6.544756406,18.66604774,0.0,0.0,42.42303282,0.0,4.443611111,0.0,0.0,0.0,1.331898148,0.0,6.784564437,5.525462963,2.081130008,0.666666667,11,0,2,0,0,0,0,1,1,1,0,2,3,0,0,0,1,1.42112,45.253,0,0,2,2,0,0,0,0,0,0,0,2,0,0,0,0,0,1,0,0,0,0,0,0,0,0,0,0,0,1.0,80,0.9,0.1,168.0,5.7,0.7576380210769231,0.26757356684615385,0.9083497503846154,0
CC1=[N+](C(C)C)C=CN1C,8,2,0,0,0,1,0.625,0.570555556,2.25,0.570555556,0.516927535,139.222,124.102,139.1229749,56,0.252709027,-0.237182438,0.252709027,0.237182438,1.5,2.1,2.3,15.13924512,10.37131851,2.098512049,-2.000782554,1.953233462,-2.369844604,4.766126808,-0.720926117,3.051570472,223.161505,7.723614639,7.126477999,7.126477999,4.625897658,3.657057732,3.657057732,2.957279262,2.957279262,1.89132686,1.89132686,1.115499474,1.115499474,-0.79,192.4730811,7.318577633,2.445727413,1.058162668,62.10486507,0.0,12.39368714,0.0,0.0,5.824404498,0.0,0.0,9.134199296,0,0.0,0.0,13.8474744,6.9237372,13.08951281,4.567099648,0.0,4.567099648,7.047671983,26.81305243,0.0,18.21809164,0.0,4.567099648,0.0,0.0,0.0,4.567099648,7.047671983,6.9237372,25.71371973,12.39368714,0.0,8.81,0.0,0.0,0,0.0,6.041840829,0.0,5.824404498,0.0,0.0,49.34677002,0.0,4.375,0.0,0.0,0.0,1.300925926,0.570555556,4.189814815,6.5,2.063703704,0.625,10,0,2,0,0,0,0,1,1,1,0,2,1,0,0,0,1,1.20192,40.73,0,0,2,2,0,0,0,0,0,0,0,1,0,0,0,0,0,1,0,0,0,0,0,0,0,0,0,0,0,1.0,80,0.9,0.1,168.0,6.9,0.6540754821666667,0.33439195916666664,0.8452781618333334,0
CC1=C(C)[N+](CC2=CC=CC=C2)=C(C)N1C,14,2,0,0,0,1,0.357142857,0.958518519,2.365740741,0.958518519,0.679646188,215.32,196.168,215.154275,84,0.253226128,-0.234403346,0.253226128,0.234403346,1.0625,1.6875,2.1875,15.15671781,10.19285781,2.185175529,-2.008269945,2.068005705,-2.385489307,5.139138752,-0.699237173,2.393697781,469.6990477,11.7067423,10.48828532,10.48828532,7.609060905,5.672105546,5.672105546,4.348794591,4.348794591,3.491148903,3.491148903,2.103486997,2.103486997,-1.57,5267.473027,10.93166978,4.124389977,1.753717698,97.16195927,0.0,17.9326124,0.0,0.0,5.824404498,0.0,0.0,9.134199296,0,0.0,30.33183534,5.563451492,20.7712116,7.047671983,4.567099648,0.0,4.567099648,7.047671983,27.315968,0.0,53.10754732,0.0,4.567099648,0.0,0.0,0.0,4.567099648,13.59242839,20.7712116,22.77571198,30.33183534,0.0,8.81,0.0,0.0,0,0.0,0.0,6.544756406,22.77571198,0.0,0.0,67.28491822,0.0,4.614027778,0.0,0.0,4.043133503,1.304493575,10.59649329,0.0,7.484351852,2.124166667,0.357142857,16,0,2,0,0,0,1,1,2,1,0,2,2,0,0,0,2,2.28616,65.363,0,0,2,2,0,0,0,0,0,0,0,0,1,0,0,0,0,1,0,0,0,0,0,0,0,0,0,0,0,1.0,80,1.0,0.0,0.0,0.0,0.9521691658571428,0.3067047121428571,0.901097462,0
CC1=C(C)[N+](CC2=CC=CC=C2)=C(C)N1C,14,2,0,0,0,1,0.357142857,0.958518519,2.365740741,0.958518519,0.679646188,215.32,196.168,215.154275,84,0.253226128,-0.234403346,0.253226128,0.234403346,1.0625,1.6875,2.1875,15.15671781,10.19285781,2.185175529,-2.008269945,2.068005705,-2.385489307,5.139138752,-0.699237173,2.393697781,469.6990477,11.7067423,10.48828532,10.48828532,7.609060905,5.672105546,5.672105546,4.348794591,4.348794591,3.491148903,3.491148903,2.103486997,2.103486997,-1.57,5267.473027,10.93166978,4.124389977,1.753717698,97.16195927,0.0,17.9326124,0.0,0.0,5.824404498,0.0,0.0,9.134199296,0,0.0,30.33183534,5.563451492,20.7712116,7.047671983,4.567099648,0.0,4.567099648,7.047671983,27.315968,0.0,53.10754732,0.0,4.567099648,0.0,0.0,0.0,4.567099648,13.59242839,20.7712116,22.77571198,30.33183534,0.0,8.81,0.0,0.0,0,0.0,0.0,6.544756406,22.77571198,0.0,0.0,67.28491822,0.0,4.614027778,0.0,0.0,4.043133503,1.304493575,10.59649329,0.0,7.484351852,2.124166667,0.357142857,16,0,2,0,0,0,1,1,2,1,0,2,2,0,0,0,2,2.28616,65.363,0,0,2,2,0,0,0,0,0,0,0,0,1,0,0,0,0,1,0,0,0,0,0,0,0,0,0,0,0,1.0,80,1.0,0.0,120.0,2.3404,0.9521691658571428,0.3067047121428571,0.901097462,0
CC1=C(C)[N+](CC2=CC=CC=C2)=C(C)N1C,14,2,0,0,0,1,0.357142857,0.958518519,2.365740741,0.958518519,0.679646188,215.32,196.168,215.154275,84,0.253226128,-0.234403346,0.253226128,0.234403346,1.0625,1.6875,2.1875,15.15671781,10.19285781,2.185175529,-2.008269945,2.068005705,-2.385489307,5.139138752,-0.699237173,2.393697781,469.6990477,11.7067423,10.48828532,10.48828532,7.609060905,5.672105546,5.672105546,4.348794591,4.348794591,3.491148903,3.491148903,2.103486997,2.103486997,-1.57,5267.473027,10.93166978,4.124389977,1.753717698,97.16195927,0.0,17.9326124,0.0,0.0,5.824404498,0.0,0.0,9.134199296,0,0.0,30.33183534,5.563451492,20.7712116,7.047671983,4.567099648,0.0,4.567099648,7.047671983,27.315968,0.0,53.10754732,0.0,4.567099648,0.0,0.0,0.0,4.567099648,13.59242839,20.7712116,22.77571198,30.33183534,0.0,8.81,0.0,0.0,0,0.0,0.0,6.544756406,22.77571198,0.0,0.0,67.28491822,0.0,4.614027778,0.0,0.0,4.043133503,1.304493575,10.59649329,0.0,7.484351852,2.124166667,0.357142857,16,0,2,0,0,0,1,1,2,1,0,2,2,0,0,0,2,2.28616,65.363,0,0,2,2,0,0,0,0,0,0,0,0,1,0,0,0,0,1,0,0,0,0,0,0,0,0,0,0,0,1.0,80,1.0,0.0,240.0,6.4001,0.9521691658571428,0.3067047121428571,0.901097462,0
CC1=C(C)[N+](CC2=CC=CC=C2)=C(C)N1C,14,2,0,0,0,1,0.357142857,0.958518519,2.365740741,0.958518519,0.679646188,215.32,196.168,215.154275,84,0.253226128,-0.234403346,0.253226128,0.234403346,1.0625,1.6875,2.1875,15.15671781,10.19285781,2.185175529,-2.008269945,2.068005705,-2.385489307,5.139138752,-0.699237173,2.393697781,469.6990477,11.7067423,10.48828532,10.48828532,7.609060905,5.672105546,5.672105546,4.348794591,4.348794591,3.491148903,3.491148903,2.103486997,2.103486997,-1.57,5267.473027,10.93166978,4.124389977,1.753717698,97.16195927,0.0,17.9326124,0.0,0.0,5.824404498,0.0,0.0,9.134199296,0,0.0,30.33183534,5.563451492,20.7712116,7.047671983,4.567099648,0.0,4.567099648,7.047671983,27.315968,0.0,53.10754732,0.0,4.567099648,0.0,0.0,0.0,4.567099648,13.59242839,20.7712116,22.77571198,30.33183534,0.0,8.81,0.0,0.0,0,0.0,0.0,6.544756406,22.77571198,0.0,0.0,67.28491822,0.0,4.614027778,0.0,0.0,4.043133503,1.304493575,10.59649329,0.0,7.484351852,2.124166667,0.357142857,16,0,2,0,0,0,1,1,2,1,0,2,2,0,0,0,2,2.28616,65.363,0,0,2,2,0,0,0,0,0,0,0,0,1,0,0,0,0,1,0,0,0,0,0,0,0,0,0,0,0,1.0,80,1.0,0.0,360.0,8.7405,0.9521691658571428,0.3067047121428571,0.901097462,0
CC1=C(C)[N+](CC2=CC=CC=C2)=C(C)N1C,14,2,0,0,0,1,0.357142857,0.958518519,2.365740741,0.958518519,0.679646188,215.32,196.168,215.154275,84,0.253226128,-0.234403346,0.253226128,0.234403346,1.0625,1.6875,2.1875,15.15671781,10.19285781,2.185175529,-2.008269945,2.068005705,-2.385489307,5.139138752,-0.699237173,2.393697781,469.6990477,11.7067423,10.48828532,10.48828532,7.609060905,5.672105546,5.672105546,4.348794591,4.348794591,3.491148903,3.491148903,2.103486997,2.103486997,-1.57,5267.473027,10.93166978,4.124389977,1.753717698,97.16195927,0.0,17.9326124,0.0,0.0,5.824404498,0.0,0.0,9.134199296,0,0.0,30.33183534,5.563451492,20.7712116,7.047671983,4.567099648,0.0,4.567099648,7.047671983,27.315968,0.0,53.10754732,0.0,4.567099648,0.0,0.0,0.0,4.567099648,13.59242839,20.7712116,22.77571198,30.33183534,0.0,8.81,0.0,0.0,0,0.0,0.0,6.544756406,22.77571198,0.0,0.0,67.28491822,0.0,4.614027778,0.0,0.0,4.043133503,1.304493575,10.59649329,0.0,7.484351852,2.124166667,0.357142857,16,0,2,0,0,0,1,1,2,1,0,2,2,0,0,0,2,2.28616,65.363,0,0,2,2,0,0,0,0,0,0,0,0,1,0,0,0,0,1,0,0,0,0,0,0,0,0,0,0,0,1.0,80,1.0,0.0,480.0,9.3606,0.9521691658571428,0.3067047121428571,0.901097462,0
CC1=C(C)[N+](CC2=CC=CC=C2)=C(C)N1C,14,2,0,0,0,1,0.357142857,0.958518519,2.365740741,0.958518519,0.679646188,215.32,196.168,215.154275,84,0.253226128,-0.234403346,0.253226128,0.234403346,1.0625,1.6875,2.1875,15.15671781,10.19285781,2.185175529,-2.008269945,2.068005705,-2.385489307,5.139138752,-0.699237173,2.393697781,469.6990477,11.7067423,10.48828532,10.48828532,7.609060905,5.672105546,5.672105546,4.348794591,4.348794591,3.491148903,3.491148903,2.103486997,2.103486997,-1.57,5267.473027,10.93166978,4.124389977,1.753717698,97.16195927,0.0,17.9326124,0.0,0.0,5.824404498,0.0,0.0,9.134199296,0,0.0,30.33183534,5.563451492,20.7712116,7.047671983,4.567099648,0.0,4.567099648,7.047671983,27.315968,0.0,53.10754732,0.0,4.567099648,0.0,0.0,0.0,4.567099648,13.59242839,20.7712116,22.77571198,30.33183534,0.0,8.81,0.0,0.0,0,0.0,0.0,6.544756406,22.77571198,0.0,0.0,67.28491822,0.0,4.614027778,0.0,0.0,4.043133503,1.304493575,10.59649329,0.0,7.484351852,2.124166667,0.357142857,16,0,2,0,0,0,1,1,2,1,0,2,2,0,0,0,2,2.28616,65.363,0,0,2,2,0,0,0,0,0,0,0,0,1,0,0,0,0,1,0,0,0,0,0,0,0,0,0,0,0,1.0,80,1.0,0.0,600.0,11.1279,0.9521691658571428,0.3067047121428571,0.901097462,0
CC1=C(C)[N+](CC2=CC=CC=C2)=C(C)N1C,14,2,0,0,0,1,0.357142857,0.958518519,2.365740741,0.958518519,0.679646188,215.32,196.168,215.154275,84,0.253226128,-0.234403346,0.253226128,0.234403346,1.0625,1.6875,2.1875,15.15671781,10.19285781,2.185175529,-2.008269945,2.068005705,-2.385489307,5.139138752,-0.699237173,2.393697781,469.6990477,11.7067423,10.48828532,10.48828532,7.609060905,5.672105546,5.672105546,4.348794591,4.348794591,3.491148903,3.491148903,2.103486997,2.103486997,-1.57,5267.473027,10.93166978,4.124389977,1.753717698,97.16195927,0.0,17.9326124,0.0,0.0,5.824404498,0.0,0.0,9.134199296,0,0.0,30.33183534,5.563451492,20.7712116,7.047671983,4.567099648,0.0,4.567099648,7.047671983,27.315968,0.0,53.10754732,0.0,4.567099648,0.0,0.0,0.0,4.567099648,13.59242839,20.7712116,22.77571198,30.33183534,0.0,8.81,0.0,0.0,0,0.0,0.0,6.544756406,22.77571198,0.0,0.0,67.28491822,0.0,4.614027778,0.0,0.0,4.043133503,1.304493575,10.59649329,0.0,7.484351852,2.124166667,0.357142857,16,0,2,0,0,0,1,1,2,1,0,2,2,0,0,0,2,2.28616,65.363,0,0,2,2,0,0,0,0,0,0,0,0,1,0,0,0,0,1,0,0,0,0,0,0,0,0,0,0,0,1.0,80,1.0,0.0,720.0,13.7549,0.9521691658571428,0.3067047121428571,0.901097462,0
CC1=[N+](CC2=CC=CC=C2)C(C2=CC=CC=C2)=C(C2=CC=CC=C2)N1C,24,2,0,0,0,1,0.125,0.858704885,2.423611111,0.858704885,0.462543303,339.462,316.278,339.1855752,128,0.253815728,-0.229679822,0.253815728,0.229679822,0.692307692,1.192307692,1.769230769,15.16379764,10.04073483,2.277087744,-2.059280828,2.3066592,-2.380535509,5.762604562,-0.682852632,1.96495821,1000.532219,17.93251065,15.26178801,15.26178801,12.7540202,8.993472751,8.993472751,6.6072386,6.6072386,4.983633926,4.983633926,3.565789823,3.565789823,-3.13,1601897.094,16.34447116,7.007246672,2.947810507,154.5462635,0.0,6.544756406,11.38785599,0.0,5.824404498,0.0,0.0,9.134199296,0,0.0,90.99550603,5.563451492,18.05064018,7.047671983,4.567099648,0.0,4.567099648,7.047671983,13.46849361,0.0,102.383362,22.51475897,4.567099648,0.0,0.0,0.0,4.567099648,13.59242839,6.9237372,11.38785599,90.99550603,22.51475897,8.81,0.0,0.0,0,0.0,0.0,6.544756406,33.90261496,0.0,0.0,114.1011145,0.0,4.729768519,0.0,0.0,6.308912877,1.242184429,32.00584596,0.0,3.054954885,2.158333333,0.125,26,0,2,0,0,0,3,1,4,1,0,2,4,0,0,0,4,5.00332,106.761,0,0,2,2,0,0,0,0,0,0,0,0,3,0,0,0,0,1,0,0,0,0,0,0,0,0,0,0,0,1.0,80,1.0,0.0,0.0,0.0,1.1725051092857142,0.4530188057142857,0.7723957902857143,0
CC1=[N+](CC2=CC=CC=C2)C(C2=CC=CC=C2)=C(C2=CC=CC=C2)N1C,24,2,0,0,0,1,0.125,0.858704885,2.423611111,0.858704885,0.462543303,339.462,316.278,339.1855752,128,0.253815728,-0.229679822,0.253815728,0.229679822,0.692307692,1.192307692,1.769230769,15.16379764,10.04073483,2.277087744,-2.059280828,2.3066592,-2.380535509,5.762604562,-0.682852632,1.96495821,1000.532219,17.93251065,15.26178801,15.26178801,12.7540202,8.993472751,8.993472751,6.6072386,6.6072386,4.983633926,4.983633926,3.565789823,3.565789823,-3.13,1601897.094,16.34447116,7.007246672,2.947810507,154.5462635,0.0,6.544756406,11.38785599,0.0,5.824404498,0.0,0.0,9.134199296,0,0.0,90.99550603,5.563451492,18.05064018,7.047671983,4.567099648,0.0,4.567099648,7.047671983,13.46849361,0.0,102.383362,22.51475897,4.567099648,0.0,0.0,0.0,4.567099648,13.59242839,6.9237372,11.38785599,90.99550603,22.51475897,8.81,0.0,0.0,0,0.0,0.0,6.544756406,33.90261496,0.0,0.0,114.1011145,0.0,4.729768519,0.0,0.0,6.308912877,1.242184429,32.00584596,0.0,3.054954885,2.158333333,0.125,26,0,2,0,0,0,3,1,4,1,0,2,4,0,0,0,4,5.00332,106.761,0,0,2,2,0,0,0,0,0,0,0,0,3,0,0,0,0,1,0,0,0,0,0,0,0,0,0,0,0,1.0,80,1.0,0.0,120.0,5.4912,1.1725051092857142,0.4530188057142857,0.7723957902857143,0
CC1=[N+](CC2=CC=CC=C2)C(C2=CC=CC=C2)=C(C2=CC=CC=C2)N1C,24,2,0,0,0,1,0.125,0.858704885,2.423611111,0.858704885,0.462543303,339.462,316.278,339.1855752,128,0.253815728,-0.229679822,0.253815728,0.229679822,0.692307692,1.192307692,1.769230769,15.16379764,10.04073483,2.277087744,-2.059280828,2.3066592,-2.380535509,5.762604562,-0.682852632,1.96495821,1000.532219,17.93251065,15.26178801,15.26178801,12.7540202,8.993472751,8.993472751,6.6072386,6.6072386,4.983633926,4.983633926,3.565789823,3.565789823,-3.13,1601897.094,16.34447116,7.007246672,2.947810507,154.5462635,0.0,6.544756406,11.38785599,0.0,5.824404498,0.0,0.0,9.134199296,0,0.0,90.99550603,5.563451492,18.05064018,7.047671983,4.567099648,0.0,4.567099648,7.047671983,13.46849361,0.0,102.383362,22.51475897,4.567099648,0.0,0.0,0.0,4.567099648,13.59242839,6.9237372,11.38785599,90.99550603,22.51475897,8.81,0.0,0.0,0,0.0,0.0,6.544756406,33.90261496,0.0,0.0,114.1011145,0.0,4.729768519,0.0,0.0,6.308912877,1.242184429,32.00584596,0.0,3.054954885,2.158333333,0.125,26,0,2,0,0,0,3,1,4,1,0,2,4,0,0,0,4,5.00332,106.761,0,0,2,2,0,0,0,0,0,0,0,0,3,0,0,0,0,1,0,0,0,0,0,0,0,0,0,0,0,1.0,80,1.0,0.0,240.0,9.8374,1.1725051092857142,0.4530188057142857,0.7723957902857143,0
CC1=[N+](CC2=CC=CC=C2)C(C2=CC=CC=C2)=C(C2=CC=CC=C2)N1C,24,2,0,0,0,1,0.125,0.858704885,2.423611111,0.858704885,0.462543303,339.462,316.278,339.1855752,128,0.253815728,-0.229679822,0.253815728,0.229679822,0.692307692,1.192307692,1.769230769,15.16379764,10.04073483,2.277087744,-2.059280828,2.3066592,-2.380535509,5.762604562,-0.682852632,1.96495821,1000.532219,17.93251065,15.26178801,15.26178801,12.7540202,8.993472751,8.993472751,6.6072386,6.6072386,4.983633926,4.983633926,3.565789823,3.565789823,-3.13,1601897.094,16.34447116,7.007246672,2.947810507,154.5462635,0.0,6.544756406,11.38785599,0.0,5.824404498,0.0,0.0,9.134199296,0,0.0,90.99550603,5.563451492,18.05064018,7.047671983,4.567099648,0.0,4.567099648,7.047671983,13.46849361,0.0,102.383362,22.51475897,4.567099648,0.0,0.0,0.0,4.567099648,13.59242839,6.9237372,11.38785599,90.99550603,22.51475897,8.81,0.0,0.0,0,0.0,0.0,6.544756406,33.90261496,0.0,0.0,114.1011145,0.0,4.729768519,0.0,0.0,6.308912877,1.242184429,32.00584596,0.0,3.054954885,2.158333333,0.125,26,0,2,0,0,0,3,1,4,1,0,2,4,0,0,0,4,5.00332,106.761,0,0,2,2,0,0,0,0,0,0,0,0,3,0,0,0,0,1,0,0,0,0,0,0,0,0,0,0,0,1.0,80,1.0,0.0,360.0,12.4655,1.1725051092857142,0.4530188057142857,0.7723957902857143,0
CC1=[N+](CC2=CC=CC=C2)C(C2=CC=CC=C2)=C(C2=CC=CC=C2)N1C,24,2,0,0,0,1,0.125,0.858704885,2.423611111,0.858704885,0.462543303,339.462,316.278,339.1855752,128,0.253815728,-0.229679822,0.253815728,0.229679822,0.692307692,1.192307692,1.769230769,15.16379764,10.04073483,2.277087744,-2.059280828,2.3066592,-2.380535509,5.762604562,-0.682852632,1.96495821,1000.532219,17.93251065,15.26178801,15.26178801,12.7540202,8.993472751,8.993472751,6.6072386,6.6072386,4.983633926,4.983633926,3.565789823,3.565789823,-3.13,1601897.094,16.34447116,7.007246672,2.947810507,154.5462635,0.0,6.544756406,11.38785599,0.0,5.824404498,0.0,0.0,9.134199296,0,0.0,90.99550603,5.563451492,18.05064018,7.047671983,4.567099648,0.0,4.567099648,7.047671983,13.46849361,0.0,102.383362,22.51475897,4.567099648,0.0,0.0,0.0,4.567099648,13.59242839,6.9237372,11.38785599,90.99550603,22.51475897,8.81,0.0,0.0,0,0.0,0.0,6.544756406,33.90261496,0.0,0.0,114.1011145,0.0,4.729768519,0.0,0.0,6.308912877,1.242184429,32.00584596,0.0,3.054954885,2.158333333,0.125,26,0,2,0,0,0,3,1,4,1,0,2,4,0,0,0,4,5.00332,106.761,0,0,2,2,0,0,0,0,0,0,0,0,3,0,0,0,0,1,0,0,0,0,0,0,0,0,0,0,0,1.0,80,1.0,0.0,480.0,14.5194,1.1725051092857142,0.4530188057142857,0.7723957902857143,0
CC1=[N+](CC2=CC=CC=C2)C(C2=CC=CC=C2)=C(C2=CC=CC=C2)N1C,24,2,0,0,0,1,0.125,0.858704885,2.423611111,0.858704885,0.462543303,339.462,316.278,339.1855752,128,0.253815728,-0.229679822,0.253815728,0.229679822,0.692307692,1.192307692,1.769230769,15.16379764,10.04073483,2.277087744,-2.059280828,2.3066592,-2.380535509,5.762604562,-0.682852632,1.96495821,1000.532219,17.93251065,15.26178801,15.26178801,12.7540202,8.993472751,8.993472751,6.6072386,6.6072386,4.983633926,4.983633926,3.565789823,3.565789823,-3.13,1601897.094,16.34447116,7.007246672,2.947810507,154.5462635,0.0,6.544756406,11.38785599,0.0,5.824404498,0.0,0.0,9.134199296,0,0.0,90.99550603,5.563451492,18.05064018,7.047671983,4.567099648,0.0,4.567099648,7.047671983,13.46849361,0.0,102.383362,22.51475897,4.567099648,0.0,0.0,0.0,4.567099648,13.59242839,6.9237372,11.38785599,90.99550603,22.51475897,8.81,0.0,0.0,0,0.0,0.0,6.544756406,33.90261496,0.0,0.0,114.1011145,0.0,4.729768519,0.0,0.0,6.308912877,1.242184429,32.00584596,0.0,3.054954885,2.158333333,0.125,26,0,2,0,0,0,3,1,4,1,0,2,4,0,0,0,4,5.00332,106.761,0,0,2,2,0,0,0,0,0,0,0,0,3,0,0,0,0,1,0,0,0,0,0,0,0,0,0,0,0,1.0,80,1.0,0.0,600.0,15.7113,1.1725051092857142,0.4530188057142857,0.7723957902857143,0
CC1=[N+](CC2=CC=CC=C2)C(C2=CC=CC=C2)=C(C2=CC=CC=C2)N1C,24,2,0,0,0,1,0.125,0.858704885,2.423611111,0.858704885,0.462543303,339.462,316.278,339.1855752,128,0.253815728,-0.229679822,0.253815728,0.229679822,0.692307692,1.192307692,1.769230769,15.16379764,10.04073483,2.277087744,-2.059280828,2.3066592,-2.380535509,5.762604562,-0.682852632,1.96495821,1000.532219,17.93251065,15.26178801,15.26178801,12.7540202,8.993472751,8.993472751,6.6072386,6.6072386,4.983633926,4.983633926,3.565789823,3.565789823,-3.13,1601897.094,16.34447116,7.007246672,2.947810507,154.5462635,0.0,6.544756406,11.38785599,0.0,5.824404498,0.0,0.0,9.134199296,0,0.0,90.99550603,5.563451492,18.05064018,7.047671983,4.567099648,0.0,4.567099648,7.047671983,13.46849361,0.0,102.383362,22.51475897,4.567099648,0.0,0.0,0.0,4.567099648,13.59242839,6.9237372,11.38785599,90.99550603,22.51475897,8.81,0.0,0.0,0,0.0,0.0,6.544756406,33.90261496,0.0,0.0,114.1011145,0.0,4.729768519,0.0,0.0,6.308912877,1.242184429,32.00584596,0.0,3.054954885,2.158333333,0.125,26,0,2,0,0,0,3,1,4,1,0,2,4,0,0,0,4,5.00332,106.761,0,0,2,2,0,0,0,0,0,0,0,0,3,0,0,0,0,1,0,0,0,0,0,0,0,0,0,0,0,1.0,80,1.0,0.0,720.0,20.916,1.1725051092857142,0.4530188057142857,0.7723957902857143,0
C[N+](C)(C)Cc1ccccc1,10,1,0,0,0,1,0.4,0.990092593,2.201388889,0.990092593,0.564733409,150.245,134.117,150.1277259,60,0.10374051,-0.327164983,0.327164983,0.10374051,1.0,1.545454545,2.0,15.2727943,10.18617015,2.059732163,-2.231752379,2.044948953,-2.326798315,5.127404025,-0.883503644,2.657660985,208.0644284,8.319990956,7.541071723,7.541071723,5.078298262,3.922105546,3.922105546,3.934036527,3.934036527,1.499740497,1.499740497,1.131142384,1.131142384,-0.82,244.8579632,8.278231827,3.054898793,3.190046349,68.86097673,4.483030858,6.544756406,0.0,0.0,0.0,0.0,0.0,0.0,0,0.0,30.33183534,0.0,5.563451492,21.14301595,4.483030858,0.0,0.0,0.0,6.544756406,21.14301595,35.89528683,0.0,0.0,0.0,0.0,0.0,25.62604681,6.544756406,0.0,5.563451492,30.33183534,0.0,0.0,0.0,0.0,0,0.0,0.0,11.02778726,5.563451492,0.0,0.0,51.47485129,0.0,0.990092593,0.0,0.0,1.402777778,0.0,10.57157407,0.0,1.098055556,6.604166667,0.4,11,0,1,0,0,0,1,0,1,0,0,1,2,0,0,0,1,1.8928,48.1784,0,0,0,1,0,0,0,0,0,0,0,0,1,0,0,0,0,0,0,0,0,0,0,0,0,0,0,1,0,5.0,80,1.0,0.0,720.0,0.0,0.7445308335,0.24762724886,0.9092085232799999,0
CN1C=C[N+](CC2=CC=CC=C2)=C1,11,2,0,0,0,1,0.181818182,0.946111111,2.162037037,0.946111111,0.606301897,173.239,160.135,173.1073248,66,0.243313076,-0.239525547,0.243313076,0.239525547,1.230769231,2.0,2.615384615,15.08884855,10.2050969,1.993278709,-1.950295583,1.962951223,-2.308061764,5.125911622,-0.687339653,2.152484386,375.9986193,9.096011838,7.720336126,7.720336126,6.343336593,4.393807247,4.393807247,3.237013442,3.237013442,2.031705793,2.031705793,1.389481779,1.389481779,-1.57,1629.760421,8.047715037,3.435837117,1.963332503,78.06713293,0.0,18.93844355,0.0,6.327320075,0.0,0.0,0.0,9.134199296,0,0.0,30.33183534,5.563451492,0.0,7.047671983,4.567099648,0.0,4.567099648,7.047671983,6.544756406,0.0,54.61629405,0.0,4.567099648,0.0,0.0,0.0,4.567099648,13.59242839,0.0,5.563451492,49.05284256,0.0,8.81,0.0,0.0,0,0.0,0.0,6.544756406,5.563451492,0.0,23.87798227,41.35673157,0.0,4.20662037,0.0,0.0,1.33212963,0.0,10.45518519,6.197361111,0.946111111,2.029259259,0.181818182,13,0,2,0,0,0,1,1,2,1,0,2,2,0,0,0,2,1.3609,51.152,0,0,2,2,0,0,0,0,0,0,0,1,1,0,0,0,0,1,0,0,0,0,0,0,0,0,0,0,0,5.0,80,1.0,0.0,720.0,0.0,0.9149058107368421,0.2482347482631579,0.939223391263158,0
CC1=[N+](CC2=CC=CC=C2)C=CN1C,12,2,0,0,0,1,0.25,0.951898148,2.24537037,0.951898148,0.632346682,187.266,172.146,187.1229749,72,0.252789704,-0.237181032,0.252789704,0.237181032,1.214285714,1.928571429,2.5,15.12444815,10.20165712,2.076051568,-1.984906587,1.983830283,-2.352813986,5.127552987,-0.693427329,2.234741923,415.1417024,9.966255326,8.642985857,8.642985857,6.770856948,4.824623063,4.824623063,3.569761081,3.569761081,2.592061504,2.592061504,1.546048601,1.546048601,-1.57,2434.975513,9.003504047,3.660700317,1.689519142,84.43207504,0.0,18.93844355,0.0,0.0,5.824404498,0.0,0.0,9.134199296,0,0.0,30.33183534,5.563451492,6.9237372,7.047671983,4.567099648,0.0,4.567099648,7.047671983,13.46849361,0.0,54.11337848,0.0,4.567099648,0.0,0.0,0.0,4.567099648,13.59242839,6.9237372,11.38785599,42.72552249,0.0,8.81,0.0,0.0,0,0.0,0.0,6.544756406,11.38785599,0.0,6.066367068,59.7647639,0.0,4.373287037,0.0,0.0,1.33962963,1.272086168,10.50717309,4.195046296,3.079814815,2.066296296,0.25,14,0,2,0,0,0,1,1,2,1,0,2,2,0,0,0,2,1.66932,55.889,0,0,2,2,0,0,0,0,0,0,0,1,1,0,0,0,0,1,0,0,0,0,0,0,0,0,0,0,0,5.0,80,1.0,0.0,720.0,0.0,1.001459834095238,0.2766949967142857,0.9603913731904763,0
CC[N+]1=C(C)N(C)C=C1,7,2,0,0,0,1,0.571428571,1.062175926,2.208333333,1.062175926,0.486999705,125.195,112.091,125.1073248,50,0.252495784,-0.23718965,0.252495784,0.23718965,1.666666667,2.333333333,2.555555556,15.12127624,10.60542188,2.03451343,-1.89774416,1.861840894,-2.330850803,4.757102148,-0.698559436,3.040960569,200.6811096,6.853371151,6.256234511,6.256234511,4.253218858,3.267492851,3.267492851,2.242276405,2.242276405,1.73700669,1.73700669,0.933049334,0.933049334,-0.79,137.5832686,6.33180268,2.212622069,0.96922042,55.73992295,0.0,12.39368714,0.0,0.0,5.824404498,0.0,0.0,9.134199296,0,0.0,0.0,6.9237372,6.9237372,13.59242839,4.567099648,0.0,4.567099648,7.047671983,20.39223081,0.0,18.21809164,0.0,4.567099648,0.0,0.0,0.0,4.567099648,13.59242839,6.9237372,12.7481417,12.39368714,0.0,8.81,0.0,0.0,0,0.0,0.0,6.544756406,5.824404498,0.0,0.0,42.42303282,0.0,4.322916667,0.0,0.0,0.0,1.303240741,0.0,4.16087963,5.322592593,2.057037037,0.571428571,9,0,2,0,0,0,0,1,1,1,0,2,1,0,0,0,1,0.64092,36.019,0,0,2,2,0,0,0,0,0,0,0,2,0,0,0,0,0,1,0,0,0,0,0,0,0,0,0,0,0,5.0,80,1.0,0.0,720.0,0.0,0.5607750463333333,0.33101168633333333,0.7582394961666666,0
CC1=[N+](C(C)C)C=CN1C,8,2,0,0,0,1,0.625,0.570555556,2.25,0.570555556,0.516927535,139.222,124.102,139.1229749,56,0.252709027,-0.237182438,0.252709027,0.237182438,1.5,2.1,2.3,15.13924512,10.37131851,2.098512049,-2.000782554,1.953233462,-2.369844604,4.766126808,-0.720926117,3.051570472,223.161505,7.723614639,7.126477999,7.126477999,4.625897658,3.657057732,3.657057732,2.957279262,2.957279262,1.89132686,1.89132686,1.115499474,1.115499474,-0.79,192.4730811,7.318577633,2.445727413,1.058162668,62.10486507,0.0,12.39368714,0.0,0.0,5.824404498,0.0,0.0,9.134199296,0,0.0,0.0,13.8474744,6.9237372,13.08951281,4.567099648,0.0,4.567099648,7.047671983,26.81305243,0.0,18.21809164,0.0,4.567099648,0.0,0.0,0.0,4.567099648,7.047671983,6.9237372,25.71371973,12.39368714,0.0,8.81,0.0,0.0,0,0.0,6.041840829,0.0,5.824404498,0.0,0.0,49.34677002,0.0,4.375,0.0,0.0,0.0,1.300925926,0.570555556,4.189814815,6.5,2.063703704,0.625,10,0,2,0,0,0,0,1,1,1,0,2,1,0,0,0,1,1.20192,40.73,0,0,2,2,0,0,0,0,0,0,0,1,0,0,0,0,0,1,0,0,0,0,0,0,0,0,0,0,0,5.0,80,1.0,0.0,720.0,0.0,0.6540754821666667,0.33439195916666664,0.8452781618333334,0
CCCCN1C=C[N+](C)=C1C,9,2,0,0,0,1,0.666666667,1.155925926,2.295138889,1.155925926,0.580700677,153.249,136.113,153.138625,62,0.252505903,-0.2371895,0.252505903,0.2371895,1.545454545,2.272727273,2.727272727,15.12354519,10.32320438,2.057409928,-1.953035348,1.96454421,-2.29191671,4.781790929,-0.676901048,2.630825004,225.4666468,8.267584714,7.670448073,7.670448073,5.253218858,4.267492851,4.267492851,3.003208827,3.003208827,2.148888739,2.148888739,1.163612434,1.163612434,-0.79,382.8385388,8.307943193,3.557462323,1.822066108,68.46980718,0.0,12.39368714,0.0,0.0,5.824404498,0.0,0.0,9.134199296,0,0.0,13.34455882,6.420821623,6.9237372,13.59242839,4.567099648,0.0,4.567099648,7.047671983,33.23387405,0.0,18.21809164,0.0,4.567099648,0.0,0.0,0.0,4.567099648,13.59242839,6.9237372,25.58978494,12.39368714,0.0,8.81,0.0,0.0,0,0.0,0.0,6.544756406,18.66604774,0.0,0.0,42.42303282,0.0,4.443611111,0.0,0.0,0.0,1.331898148,0.0,6.784564437,5.525462963,2.081130008,0.666666667,11,0,2,0,0,0,0,1,1,1,0,2,3,0,0,0,1,1.42112,45.253,0,0,2,2,0,0,0,0,0,0,0,2,0,0,0,0,0,1,0,0,0,0,0,0,0,0,0,0,0,5.0,80,1.0,0.0,720.0,0.0,0.7576380210769231,0.26757356684615385,0.9083497503846154,0
CCCCN1C(C2=CC=CC=C2)=C(C2=CC=CC=C2)[N+](CCCC)=C1C1=C(C)C=CC=C1C,31,2,0,0,0,1,0.322580645,1.016660525,2.617222222,1.016660525,0.234590608,437.651,400.355,437.2951256,170,0.289918831,-0.222325781,0.289918831,0.222325781,0.666666667,1.242424242,1.818181818,15.18400952,10.01583272,2.33777768,-2.113078455,2.370237176,-2.375282935,5.79580841,-0.674898086,2.154104773,1097.582779,23.20853153,20.64262138,20.64262138,16.16823376,12.50648043,12.50648043,9.030062734,9.030062734,6.545208927,6.545208927,4.89528542,4.89528542,-3.13,42296183.48,23.04248865,10.65769386,4.661433257,199.1008583,0.0,0.0,11.38785599,0.0,5.824404498,0.0,0.0,9.134199296,0,0.0,105.5518895,37.81602063,11.12690298,18.6529643,4.567099648,0.0,4.567099648,0.0,66.4677481,0.0,89.98967487,33.90261496,4.567099648,0.0,0.0,0.0,4.567099648,13.08951281,13.8474744,50.65766387,78.86277189,33.90261496,8.81,0.0,0.0,0,0.0,0.0,25.93115606,57.87116119,0.0,0.0,115.69192,0.0,5.234444444,0.0,0.0,9.311948959,1.352042706,28.64295546,4.671991686,11.11995008,0.0,0.322580645,33,0,2,0,0,0,3,1,4,1,0,2,9,0,0,0,4,7.99364,140.225,0,0,2,2,0,0,0,0,0,0,0,2,3,0,0,0,0,1,0,0,0,0,0,0,0,0,0,0,0,5.0,80,1.0,0.0,720.0,100.0,1.286971731,0.5264047875333333,0.6764443264666667,0
CCCCN1C(C)=C(C)[N+](CCCC)=C1C1=C(C)C=CC=C1C,21,2,0,0,0,1,0.571428571,1.116474159,2.559351852,1.116474159,0.61520346,313.509,280.245,313.2638255,126,0.2893274,-0.227130787,0.2893274,0.227130787,0.913043478,1.52173913,2.086956522,15.17727505,10.01690293,2.279503501,-2.108026922,2.276162113,-2.379961111,5.630300157,-0.691403423,2.685462453,613.2164726,16.98276318,15.86911869,15.86911869,11.02327447,9.185113221,9.185113221,6.771618724,6.771618724,5.019977446,5.019977446,3.470794946,3.470794946,-1.57,142281.2764,17.77871455,7.807737538,3.51533251,141.7165541,0.0,11.38785599,0.0,0.0,5.824404498,0.0,0.0,9.134199296,0,0.0,44.88821885,37.81602063,13.8474744,18.6529643,4.567099648,0.0,4.567099648,0.0,80.3152225,0.0,40.71386018,11.38785599,4.567099648,0.0,0.0,0.0,4.567099648,13.08951281,27.6949488,62.04551986,18.19910121,11.38785599,8.81,0.0,0.0,0,0.0,0.0,13.08951281,59.58590145,0.0,0.0,68.8757237,0.0,5.118703704,0.0,0.0,7.033622449,1.414351852,6.658958018,4.941444791,15.83291919,0.0,0.571428571,23,0,2,0,0,0,1,1,2,1,0,2,7,0,0,0,2,5.27648,98.827,0,0,2,2,0,0,0,0,0,0,0,2,1,0,0,0,0,1,0,0,0,0,0,0,0,0,0,0,0,5.0,80,1.0,0.0,720.0,100.0,1.2640632821666666,0.5569869468333333,0.7496972546666667,0
CC[N+]1=CN(C)C=C1,6,2,0,0,0,1,0.5,1.056388889,2.125,1.056388889,0.461795162,111.168,100.08,111.0916748,44,0.243018699,-0.239534146,0.243018699,0.239534146,1.625,2.375,2.625,15.0853562,10.71759565,1.917298469,-1.806047822,1.739282595,-2.281029183,4.609221388,-0.692549337,2.837541431,166.7913934,5.983127663,5.33358478,5.33358478,3.825698503,2.836677035,2.836677035,1.909528765,1.909528765,1.188881131,1.188881131,0.688772899,0.688772899,-0.79,92.21698662,5.348696255,1.987228406,0.885830095,49.37498084,0.0,12.39368714,0.0,6.327320075,0.0,0.0,0.0,9.134199296,0,0.0,0.0,6.9237372,0.0,13.59242839,4.567099648,0.0,4.567099648,7.047671983,13.46849361,0.0,18.72100722,0.0,4.567099648,0.0,0.0,0.0,4.567099648,13.59242839,0.0,6.9237372,18.72100722,0.0,8.81,0.0,0.0,0,0.0,0.0,6.544756406,0.0,0.0,17.8116152,24.01500049,0.0,4.15625,0.0,0.0,0.0,0.0,0.0,6.142361111,3.181388889,2.02,0.5,8,0,2,0,0,0,0,1,1,1,0,2,1,0,0,0,1,0.3325,31.282,0,0,2,2,0,0,0,0,0,0,0,2,0,0,0,0,0,1,0,0,0,0,0,0,0,0,0,0,0,1.0,80,0.0,1.0,60.0,47.6,0.54449199175,0.22558971025,0.86811822375,0
CC[N+]1=C(C(C)C)N(C)C=C1,9,2,0,0,0,1,0.666666667,0.606435185,2.282407407,0.606435185,0.568686511,153.249,136.113,153.138625,62,0.258264509,-0.236715597,0.258264509,0.236715597,1.545454545,2.181818182,2.545454545,15.13194813,10.18561512,2.15486766,-2.01764894,2.074558039,-2.358257753,4.874313943,-0.701025959,3.071006747,235.710814,8.43072142,7.83358478,7.83358478,5.16390246,4.210868524,4.210868524,3.207962237,3.207962237,1.982942636,1.982942636,1.542133115,1.542133115,-0.79,345.0254636,8.307943193,3.074381716,1.44381074,68.46980718,0.0,12.39368714,0.0,0.0,5.824404498,0.0,0.0,9.134199296,0,0.0,13.8474744,6.9237372,0.0,19.51033443,4.567099648,0.0,4.567099648,7.047671983,33.23387405,0.0,18.21809164,0.0,4.567099648,0.0,0.0,0.0,4.567099648,13.59242839,0.0,32.51352214,12.39368714,0.0,8.81,0.0,0.0,0,0.0,5.917906046,6.544756406,5.824404498,0.0,0.0,49.34677002,0.0,4.471064815,0.0,0.0,0.0,2.002268519,0.0,4.244212963,7.68375,2.098703704,0.666666667,11,0,2,0,0,0,0,1,1,1,0,2,2,0,0,0,1,1.4559,45.371,0,0,2,2,0,0,0,0,0,0,0,2,0,0,0,0,0,1,0,0,0,0,0,0,0,0,0,0,0,1.0,80,0.0,1.0,168.0,0.0,0.7969222865000001,0.5580833789999999,0.636729761,0
CC[N+]1=C(C(C)C)N(C)C=C1,9,2,0,0,0,1,0.666666667,0.606435185,2.282407407,0.606435185,0.568686511,153.249,136.113,153.138625,62,0.258264509,-0.236715597,0.258264509,0.236715597,1.545454545,2.181818182,2.545454545,15.13194813,10.18561512,2.15486766,-2.01764894,2.074558039,-2.358257753,4.874313943,-0.701025959,3.071006747,235.710814,8.43072142,7.83358478,7.83358478,5.16390246,4.210868524,4.210868524,3.207962237,3.207962237,1.982942636,1.982942636,1.542133115,1.542133115,-0.79,345.0254636,8.307943193,3.074381716,1.44381074,68.46980718,0.0,12.39368714,0.0,0.0,5.824404498,0.0,0.0,9.134199296,0,0.0,13.8474744,6.9237372,0.0,19.51033443,4.567099648,0.0,4.567099648,7.047671983,33.23387405,0.0,18.21809164,0.0,4.567099648,0.0,0.0,0.0,4.567099648,13.59242839,0.0,32.51352214,12.39368714,0.0,8.81,0.0,0.0,0,0.0,5.917906046,6.544756406,5.824404498,0.0,0.0,49.34677002,0.0,4.471064815,0.0,0.0,0.0,2.002268519,0.0,4.244212963,7.68375,2.098703704,0.666666667,11,0,2,0,0,0,0,1,1,1,0,2,2,0,0,0,1,1.4559,45.371,0,0,2,2,0,0,0,0,0,0,0,2,0,0,0,0,0,1,0,0,0,0,0,0,0,0,0,0,0,2.0,80,0.0,1.0,168.0,10.2,0.7969222865000001,0.5580833789999999,0.636729761,0
CC[N+]1=C(C)N(C)C=C1,7,2,0,0,0,1,0.571428571,1.062175926,2.208333333,1.062175926,0.486999705,125.195,112.091,125.1073248,50,0.252495784,-0.23718965,0.252495784,0.23718965,1.666666667,2.333333333,2.555555556,15.12127624,10.60542188,2.03451343,-1.89774416,1.861840894,-2.330850803,4.757102148,-0.698559436,3.040960569,200.6811096,6.853371151,6.256234511,6.256234511,4.253218858,3.267492851,3.267492851,2.242276405,2.242276405,1.73700669,1.73700669,0.933049334,0.933049334,-0.79,137.5832686,6.33180268,2.212622069,0.96922042,55.73992295,0.0,12.39368714,0.0,0.0,5.824404498,0.0,0.0,9.134199296,0,0.0,0.0,6.9237372,6.9237372,13.59242839,4.567099648,0.0,4.567099648,7.047671983,20.39223081,0.0,18.21809164,0.0,4.567099648,0.0,0.0,0.0,4.567099648,13.59242839,6.9237372,12.7481417,12.39368714,0.0,8.81,0.0,0.0,0,0.0,0.0,6.544756406,5.824404498,0.0,0.0,42.42303282,0.0,4.322916667,0.0,0.0,0.0,1.303240741,0.0,4.16087963,5.322592593,2.057037037,0.571428571,9,0,2,0,0,0,0,1,1,1,0,2,1,0,0,0,1,0.64092,36.019,0,0,2,2,0,0,0,0,0,0,0,2,0,0,0,0,0,1,0,0,0,0,0,0,0,0,0,0,0,2.0,80,0.0,1.0,168.0,0.0,0.5607750463333333,0.33101168633333333,0.7582394961666666,0
CC[N+]1=C(C)N(C)C=C1,7,2,0,0,0,1,0.571428571,1.062175926,2.208333333,1.062175926,0.486999705,125.195,112.091,125.1073248,50,0.252495784,-0.23718965,0.252495784,0.23718965,1.666666667,2.333333333,2.555555556,15.12127624,10.60542188,2.03451343,-1.89774416,1.861840894,-2.330850803,4.757102148,-0.698559436,3.040960569,200.6811096,6.853371151,6.256234511,6.256234511,4.253218858,3.267492851,3.267492851,2.242276405,2.242276405,1.73700669,1.73700669,0.933049334,0.933049334,-0.79,137.5832686,6.33180268,2.212622069,0.96922042,55.73992295,0.0,12.39368714,0.0,0.0,5.824404498,0.0,0.0,9.134199296,0,0.0,0.0,6.9237372,6.9237372,13.59242839,4.567099648,0.0,4.567099648,7.047671983,20.39223081,0.0,18.21809164,0.0,4.567099648,0.0,0.0,0.0,4.567099648,13.59242839,6.9237372,12.7481417,12.39368714,0.0,8.81,0.0,0.0,0,0.0,0.0,6.544756406,5.824404498,0.0,0.0,42.42303282,0.0,4.322916667,0.0,0.0,0.0,1.303240741,0.0,4.16087963,5.322592593,2.057037037,0.571428571,9,0,2,0,0,0,0,1,1,1,0,2,1,0,0,0,1,0.64092,36.019,0,0,2,2,0,0,0,0,0,0,0,2,0,0,0,0,0,1,0,0,0,0,0,0,0,0,0,0,0,6.0,80,0.0,1.0,10.0,5.4,0.5607750463333333,0.33101168633333333,0.7582394961666666,0
CCCCCCC[N+]1=C(C)N(C)C=C1,12,2,0,0,0,2,0.75,1.176971844,2.339231859,1.176971844,0.487161926,195.33,172.146,195.1855752,80,0.252505904,-0.2371895,0.252505904,0.2371895,1.214285714,1.928571429,2.5,15.12363838,10.14704517,2.06452335,-1.991127065,2.019641647,-2.347428455,4.75974202,-0.702347773,2.21354228,263.2854874,10.38890506,9.791768416,9.791768416,6.753218858,5.767492851,5.767492851,4.063868999,4.063868999,2.898888739,2.898888739,1.72085534,1.72085534,-0.79,1747.53591,11.28570023,5.839300959,3.166666787,87.56463352,0.0,12.39368714,0.0,0.0,5.824404498,0.0,0.0,9.134199296,0,0.0,26.18620207,12.84164325,6.9237372,13.59242839,4.567099648,0.0,4.567099648,7.047671983,52.49633892,0.0,18.21809164,0.0,4.567099648,0.0,0.0,0.0,4.567099648,13.59242839,6.9237372,44.85224981,12.39368714,0.0,8.81,0.0,0.0,0,0.0,0.0,0.0,44.47326902,0.0,0.0,42.42303282,0.0,4.511893503,0.0,0.0,0.0,1.347677338,0.0,11.09733324,5.60964724,2.100115347,0.75,14,0,2,0,0,0,0,1,1,1,0,2,6,0,0,0,1,2.59142,59.104,0,0,2,2,0,0,0,0,0,0,0,2,0,0,0,0,0,1,0,0,0,0,0,0,0,0,0,0,3,6.0,80,0.0,1.0,8.0,98.5,0.7305649445,0.11184895575,0.9525475065,0
CCCC[N+]1=C(C)N(C)C=C1,9,2,0,0,0,1,0.666666667,1.155925926,2.295138889,1.155925926,0.580700677,153.249,136.113,153.138625,62,0.252505903,-0.2371895,0.252505903,0.2371895,1.545454545,2.272727273,2.727272727,15.12354519,10.32320438,2.057409928,-1.953035348,1.912787271,-2.346436727,4.759205291,-0.702289755,2.630825004,225.4666468,8.267584714,7.670448073,7.670448073,5.253218858,4.267492851,4.267492851,3.003208827,3.003208827,2.148888739,2.148888739,1.163612434,1.163612434,-0.79,382.8385388,8.307943193,3.557462323,1.822066108,68.46980718,0.0,12.39368714,0.0,0.0,5.824404498,0.0,0.0,9.134199296,0,0.0,13.34455882,6.420821623,6.9237372,13.59242839,4.567099648,0.0,4.567099648,7.047671983,33.23387405,0.0,18.21809164,0.0,4.567099648,0.0,0.0,0.0,4.567099648,13.59242839,6.9237372,25.58978494,12.39368714,0.0,8.81,0.0,0.0,0,0.0,0.0,6.544756406,18.66604774,0.0,0.0,42.42303282,0.0,4.443611111,0.0,0.0,0.0,1.331898148,0.0,6.784564437,5.525462963,2.081130008,0.666666667,11,0,2,0,0,0,0,1,1,1,0,2,3,0,0,0,1,1.42112,45.253,0,0,2,2,0,0,0,0,0,0,0,2,0,0,0,0,0,1,0,0,0,0,0,0,0,0,0,0,0,6.0,80,0.0,1.0,156.0,92.6,0.775375404,0.2601543744285714,0.9050922201428572,0
CC1=[N+](C(C)C)C=CN1C,8,2,0,0,0,1,0.625,0.570555556,2.25,0.570555556,0.516927535,139.222,124.102,139.1229749,56,0.252709027,-0.237182438,0.252709027,0.237182438,1.5,2.1,2.3,15.13924512,10.37131851,2.098512049,-2.000782554,1.953233462,-2.369844604,4.766126808,-0.720926117,3.051570472,223.161505,7.723614639,7.126477999,7.126477999,4.625897658,3.657057732,3.657057732,2.957279262,2.957279262,1.89132686,1.89132686,1.115499474,1.115499474,-0.79,192.4730811,7.318577633,2.445727413,1.058162668,62.10486507,0.0,12.39368714,0.0,0.0,5.824404498,0.0,0.0,9.134199296,0,0.0,0.0,13.8474744,6.9237372,13.08951281,4.567099648,0.0,4.567099648,7.047671983,26.81305243,0.0,18.21809164,0.0,4.567099648,0.0,0.0,0.0,4.567099648,7.047671983,6.9237372,25.71371973,12.39368714,0.0,8.81,0.0,0.0,0,0.0,6.041840829,0.0,5.824404498,0.0,0.0,49.34677002,0.0,4.375,0.0,0.0,0.0,1.300925926,0.570555556,4.189814815,6.5,2.063703704,0.625,10,0,2,0,0,0,0,1,1,1,0,2,1,0,0,0,1,1.20192,40.73,0,0,2,2,0,0,0,0,0,0,0,1,0,0,0,0,0,1,0,0,0,0,0,0,0,0,0,0,0,6.0,80,0.0,1.0,156.0,22.5,0.6540754821666667,0.33439195916666664,0.8452781618333334,0
CC[N+]1=CN(C)C=C1,6,2,0,0,0,1,0.5,1.056388889,2.125,1.056388889,0.461795162,111.168,100.08,111.0916748,44,0.243018699,-0.239534146,0.243018699,0.239534146,1.625,2.375,2.625,15.0853562,10.71759565,1.917298469,-1.806047822,1.739282595,-2.281029183,4.609221388,-0.692549337,2.837541431,166.7913934,5.983127663,5.33358478,5.33358478,3.825698503,2.836677035,2.836677035,1.909528765,1.909528765,1.188881131,1.188881131,0.688772899,0.688772899,-0.79,92.21698662,5.348696255,1.987228406,0.885830095,49.37498084,0.0,12.39368714,0.0,6.327320075,0.0,0.0,0.0,9.134199296,0,0.0,0.0,6.9237372,0.0,13.59242839,4.567099648,0.0,4.567099648,7.047671983,13.46849361,0.0,18.72100722,0.0,4.567099648,0.0,0.0,0.0,4.567099648,13.59242839,0.0,6.9237372,18.72100722,0.0,8.81,0.0,0.0,0,0.0,0.0,6.544756406,0.0,0.0,17.8116152,24.01500049,0.0,4.15625,0.0,0.0,0.0,0.0,0.0,6.142361111,3.181388889,2.02,0.5,8,0,2,0,0,0,0,1,1,1,0,2,1,0,0,0,1,0.3325,31.282,0,0,2,2,0,0,0,0,0,0,0,2,0,0,0,0,0,1,0,0,0,0,0,0,0,0,0,0,0,2.0,80,0.0,1.0,0.0,0.0,0.54449199175,0.22558971025,0.86811822375,0
CC[N+]1=CN(C)C=C1,6,2,0,0,0,1,0.5,1.056388889,2.125,1.056388889,0.461795162,111.168,100.08,111.0916748,44,0.243018699,-0.239534146,0.243018699,0.239534146,1.625,2.375,2.625,15.0853562,10.71759565,1.917298469,-1.806047822,1.739282595,-2.281029183,4.609221388,-0.692549337,2.837541431,166.7913934,5.983127663,5.33358478,5.33358478,3.825698503,2.836677035,2.836677035,1.909528765,1.909528765,1.188881131,1.188881131,0.688772899,0.688772899,-0.79,92.21698662,5.348696255,1.987228406,0.885830095,49.37498084,0.0,12.39368714,0.0,6.327320075,0.0,0.0,0.0,9.134199296,0,0.0,0.0,6.9237372,0.0,13.59242839,4.567099648,0.0,4.567099648,7.047671983,13.46849361,0.0,18.72100722,0.0,4.567099648,0.0,0.0,0.0,4.567099648,13.59242839,0.0,6.9237372,18.72100722,0.0,8.81,0.0,0.0,0,0.0,0.0,6.544756406,0.0,0.0,17.8116152,24.01500049,0.0,4.15625,0.0,0.0,0.0,0.0,0.0,6.142361111,3.181388889,2.02,0.5,8,0,2,0,0,0,0,1,1,1,0,2,1,0,0,0,1,0.3325,31.282,0,0,2,2,0,0,0,0,0,0,0,2,0,0,0,0,0,1,0,0,0,0,0,0,0,0,0,0,0,2.0,80,0.0,1.0,24.0,40.0,0.54449199175,0.22558971025,0.86811822375,0
CC[N+]1=CN(C)C=C1,6,2,0,0,0,1,0.5,1.056388889,2.125,1.056388889,0.461795162,111.168,100.08,111.0916748,44,0.243018699,-0.239534146,0.243018699,0.239534146,1.625,2.375,2.625,15.0853562,10.71759565,1.917298469,-1.806047822,1.739282595,-2.281029183,4.609221388,-0.692549337,2.837541431,166.7913934,5.983127663,5.33358478,5.33358478,3.825698503,2.836677035,2.836677035,1.909528765,1.909528765,1.188881131,1.188881131,0.688772899,0.688772899,-0.79,92.21698662,5.348696255,1.987228406,0.885830095,49.37498084,0.0,12.39368714,0.0,6.327320075,0.0,0.0,0.0,9.134199296,0,0.0,0.0,6.9237372,0.0,13.59242839,4.567099648,0.0,4.567099648,7.047671983,13.46849361,0.0,18.72100722,0.0,4.567099648,0.0,0.0,0.0,4.567099648,13.59242839,0.0,6.9237372,18.72100722,0.0,8.81,0.0,0.0,0,0.0,0.0,6.544756406,0.0,0.0,17.8116152,24.01500049,0.0,4.15625,0.0,0.0,0.0,0.0,0.0,6.142361111,3.181388889,2.02,0.5,8,0,2,0,0,0,0,1,1,1,0,2,1,0,0,0,1,0.3325,31.282,0,0,2,2,0,0,0,0,0,0,0,2,0,0,0,0,0,1,0,0,0,0,0,0,0,0,0,0,0,2.0,80,0.0,1.0,168.0,93.0,0.54449199175,0.22558971025,0.86811822375,0
CC[N+]1=C(C)N(C)C=C1,7,2,0,0,0,1,0.571428571,1.062175926,2.208333333,1.062175926,0.486999705,125.195,112.091,125.1073248,50,0.252495784,-0.23718965,0.252495784,0.23718965,1.666666667,2.333333333,2.555555556,15.12127624,10.60542188,2.03451343,-1.89774416,1.861840894,-2.330850803,4.757102148,-0.698559436,3.040960569,200.6811096,6.853371151,6.256234511,6.256234511,4.253218858,3.267492851,3.267492851,2.242276405,2.242276405,1.73700669,1.73700669,0.933049334,0.933049334,-0.79,137.5832686,6.33180268,2.212622069,0.96922042,55.73992295,0.0,12.39368714,0.0,0.0,5.824404498,0.0,0.0,9.134199296,0,0.0,0.0,6.9237372,6.9237372,13.59242839,4.567099648,0.0,4.567099648,7.047671983,20.39223081,0.0,18.21809164,0.0,4.567099648,0.0,0.0,0.0,4.567099648,13.59242839,6.9237372,12.7481417,12.39368714,0.0,8.81,0.0,0.0,0,0.0,0.0,6.544756406,5.824404498,0.0,0.0,42.42303282,0.0,4.322916667,0.0,0.0,0.0,1.303240741,0.0,4.16087963,5.322592593,2.057037037,0.571428571,9,0,2,0,0,0,0,1,1,1,0,2,1,0,0,0,1,0.64092,36.019,0,0,2,2,0,0,0,0,0,0,0,2,0,0,0,0,0,1,0,0,0,0,0,0,0,0,0,0,0,5.0,80,0.0,1.0,0.0,0.0,0.5607750463333333,0.33101168633333333,0.7582394961666666,0
CC[N+]1=C(C)N(C)C=C1,7,2,0,0,0,1,0.571428571,1.062175926,2.208333333,1.062175926,0.486999705,125.195,112.091,125.1073248,50,0.252495784,-0.23718965,0.252495784,0.23718965,1.666666667,2.333333333,2.555555556,15.12127624,10.60542188,2.03451343,-1.89774416,1.861840894,-2.330850803,4.757102148,-0.698559436,3.040960569,200.6811096,6.853371151,6.256234511,6.256234511,4.253218858,3.267492851,3.267492851,2.242276405,2.242276405,1.73700669,1.73700669,0.933049334,0.933049334,-0.79,137.5832686,6.33180268,2.212622069,0.96922042,55.73992295,0.0,12.39368714,0.0,0.0,5.824404498,0.0,0.0,9.134199296,0,0.0,0.0,6.9237372,6.9237372,13.59242839,4.567099648,0.0,4.567099648,7.047671983,20.39223081,0.0,18.21809164,0.0,4.567099648,0.0,0.0,0.0,4.567099648,13.59242839,6.9237372,12.7481417,12.39368714,0.0,8.81,0.0,0.0,0,0.0,0.0,6.544756406,5.824404498,0.0,0.0,42.42303282,0.0,4.322916667,0.0,0.0,0.0,1.303240741,0.0,4.16087963,5.322592593,2.057037037,0.571428571,9,0,2,0,0,0,0,1,1,1,0,2,1,0,0,0,1,0.64092,36.019,0,0,2,2,0,0,0,0,0,0,0,2,0,0,0,0,0,1,0,0,0,0,0,0,0,0,0,0,0,5.0,80,0.0,1.0,24.0,8.0,0.5607750463333333,0.33101168633333333,0.7582394961666666,0
CC[N+]1=C(C)N(C)C=C1,7,2,0,0,0,1,0.571428571,1.062175926,2.208333333,1.062175926,0.486999705,125.195,112.091,125.1073248,50,0.252495784,-0.23718965,0.252495784,0.23718965,1.666666667,2.333333333,2.555555556,15.12127624,10.60542188,2.03451343,-1.89774416,1.861840894,-2.330850803,4.757102148,-0.698559436,3.040960569,200.6811096,6.853371151,6.256234511,6.256234511,4.253218858,3.267492851,3.267492851,2.242276405,2.242276405,1.73700669,1.73700669,0.933049334,0.933049334,-0.79,137.5832686,6.33180268,2.212622069,0.96922042,55.73992295,0.0,12.39368714,0.0,0.0,5.824404498,0.0,0.0,9.134199296,0,0.0,0.0,6.9237372,6.9237372,13.59242839,4.567099648,0.0,4.567099648,7.047671983,20.39223081,0.0,18.21809164,0.0,4.567099648,0.0,0.0,0.0,4.567099648,13.59242839,6.9237372,12.7481417,12.39368714,0.0,8.81,0.0,0.0,0,0.0,0.0,6.544756406,5.824404498,0.0,0.0,42.42303282,0.0,4.322916667,0.0,0.0,0.0,1.303240741,0.0,4.16087963,5.322592593,2.057037037,0.571428571,9,0,2,0,0,0,0,1,1,1,0,2,1,0,0,0,1,0.64092,36.019,0,0,2,2,0,0,0,0,0,0,0,2,0,0,0,0,0,1,0,0,0,0,0,0,0,0,0,0,0,5.0,80,0.0,1.0,168.0,26.0,0.5607750463333333,0.33101168633333333,0.7582394961666666,0
CCCC[N+]1=CN(CC)C=C1,9,2,0,0,0,1,0.666666667,1.068576389,2.243055556,1.068576389,0.580871499,153.249,136.113,153.138625,62,0.24324215,-0.237119119,0.24324215,0.237119119,1.363636364,2.181818182,2.727272727,15.10111451,10.33116893,1.984716117,-1.909217679,1.873546208,-2.301798182,4.638668737,-0.696414194,2.443485726,203.0825794,8.104448007,7.454905123,7.454905123,5.363703305,4.412797987,4.412797987,2.835439546,2.835439546,1.881264955,1.881264955,1.098764533,1.098764533,-0.79,473.8525191,8.307943193,4.164037352,2.371057051,68.46980718,0.0,12.39368714,0.0,6.327320075,0.0,0.0,0.0,9.134199296,0,0.0,13.34455882,13.34455882,0.0,13.08951281,4.567099648,0.0,4.567099648,0.0,39.77863046,0.0,18.72100722,0.0,4.567099648,0.0,0.0,0.0,4.567099648,13.08951281,0.0,26.68911765,18.72100722,0.0,8.81,0.0,0.0,0,0.0,0.0,13.08951281,12.84164325,0.0,0.0,41.70268091,0.0,4.433194444,0.0,0.0,0.0,0.0,0.0,8.965455641,6.601349915,0.0,0.666666667,11,0,2,0,0,0,0,1,1,1,0,2,4,0,0,0,1,1.5956,45.209,0,0,2,2,0,0,0,0,0,0,0,2,0,0,0,0,0,1,0,0,0,0,0,0,0,0,0,0,0,2.0,80,0.0,1.0,0.0,0.0,0.7631106153333334,0.156863228,0.945409203,0
CCCC[N+]1=CN(CC)C=C1,9,2,0,0,0,1,0.666666667,1.068576389,2.243055556,1.068576389,0.580871499,153.249,136.113,153.138625,62,0.24324215,-0.237119119,0.24324215,0.237119119,1.363636364,2.181818182,2.727272727,15.10111451,10.33116893,1.984716117,-1.909217679,1.873546208,-2.301798182,4.638668737,-0.696414194,2.443485726,203.0825794,8.104448007,7.454905123,7.454905123,5.363703305,4.412797987,4.412797987,2.835439546,2.835439546,1.881264955,1.881264955,1.098764533,1.098764533,-0.79,473.8525191,8.307943193,4.164037352,2.371057051,68.46980718,0.0,12.39368714,0.0,6.327320075,0.0,0.0,0.0,9.134199296,0,0.0,13.34455882,13.34455882,0.0,13.08951281,4.567099648,0.0,4.567099648,0.0,39.77863046,0.0,18.72100722,0.0,4.567099648,0.0,0.0,0.0,4.567099648,13.08951281,0.0,26.68911765,18.72100722,0.0,8.81,0.0,0.0,0,0.0,0.0,13.08951281,12.84164325,0.0,0.0,41.70268091,0.0,4.433194444,0.0,0.0,0.0,0.0,0.0,8.965455641,6.601349915,0.0,0.666666667,11,0,2,0,0,0,0,1,1,1,0,2,4,0,0,0,1,1.5956,45.209,0,0,2,2,0,0,0,0,0,0,0,2,0,0,0,0,0,1,0,0,0,0,0,0,0,0,0,0,0,2.0,80,0.0,1.0,24.0,10.0,0.7631106153333334,0.156863228,0.945409203,0
CCCC[N+]1=CN(CC)C=C1,9,2,0,0,0,1,0.666666667,1.068576389,2.243055556,1.068576389,0.580871499,153.249,136.113,153.138625,62,0.24324215,-0.237119119,0.24324215,0.237119119,1.363636364,2.181818182,2.727272727,15.10111451,10.33116893,1.984716117,-1.909217679,1.873546208,-2.301798182,4.638668737,-0.696414194,2.443485726,203.0825794,8.104448007,7.454905123,7.454905123,5.363703305,4.412797987,4.412797987,2.835439546,2.835439546,1.881264955,1.881264955,1.098764533,1.098764533,-0.79,473.8525191,8.307943193,4.164037352,2.371057051,68.46980718,0.0,12.39368714,0.0,6.327320075,0.0,0.0,0.0,9.134199296,0,0.0,13.34455882,13.34455882,0.0,13.08951281,4.567099648,0.0,4.567099648,0.0,39.77863046,0.0,18.72100722,0.0,4.567099648,0.0,0.0,0.0,4.567099648,13.08951281,0.0,26.68911765,18.72100722,0.0,8.81,0.0,0.0,0,0.0,0.0,13.08951281,12.84164325,0.0,0.0,41.70268091,0.0,4.433194444,0.0,0.0,0.0,0.0,0.0,8.965455641,6.601349915,0.0,0.666666667,11,0,2,0,0,0,0,1,1,1,0,2,4,0,0,0,1,1.5956,45.209,0,0,2,2,0,0,0,0,0,0,0,2,0,0,0,0,0,1,0,0,0,0,0,0,0,0,0,0,0,2.0,80,0.0,1.0,168.0,39.0,0.7631106153333334,0.156863228,0.945409203,0
CCCC[N+]1=C(C)N(CC)C=C1,10,2,0,0,0,1,0.7,1.074363426,2.326388889,1.074363426,0.605640482,167.276,148.124,167.154275,68,0.25271884,-0.234774834,0.25271884,0.234774834,1.416666667,2.166666667,2.666666667,15.13606245,10.32279126,2.080329272,-1.969422292,1.942741333,-2.348793568,4.779420096,-0.702364869,2.661221148,237.9866602,8.974691495,8.377554854,8.377554854,5.79122366,4.843613803,4.843613803,3.178318974,3.178318974,2.351132628,2.351132628,1.440699159,1.440699159,-0.79,681.1652309,9.299206066,4.289007904,1.872087109,74.8347493,0.0,12.39368714,0.0,0.0,5.824404498,0.0,0.0,9.134199296,0,0.0,13.34455882,13.34455882,6.9237372,13.08951281,4.567099648,0.0,4.567099648,0.0,46.70236766,0.0,18.21809164,0.0,4.567099648,0.0,0.0,0.0,4.567099648,13.08951281,6.9237372,32.51352214,12.39368714,0.0,8.81,0.0,0.0,0,0.0,0.0,13.08951281,18.66604774,0.0,0.0,42.29909804,0.0,4.599861111,0.0,0.0,0.0,1.36662037,0.0,6.877446381,8.822738804,0.0,0.7,12,0,2,0,0,0,0,1,1,1,0,2,4,0,0,0,1,1.90402,49.946,0,0,2,2,0,0,0,0,0,0,0,2,0,0,0,0,0,1,0,0,0,0,0,0,0,0,0,0,0,5.0,80,0.0,1.0,0.0,0.0,0.7602652243333333,0.19334829066666667,0.9214411400000001,0
CCCC[N+]1=C(C)N(CC)C=C1,10,2,0,0,0,1,0.7,1.074363426,2.326388889,1.074363426,0.605640482,167.276,148.124,167.154275,68,0.25271884,-0.234774834,0.25271884,0.234774834,1.416666667,2.166666667,2.666666667,15.13606245,10.32279126,2.080329272,-1.969422292,1.942741333,-2.348793568,4.779420096,-0.702364869,2.661221148,237.9866602,8.974691495,8.377554854,8.377554854,5.79122366,4.843613803,4.843613803,3.178318974,3.178318974,2.351132628,2.351132628,1.440699159,1.440699159,-0.79,681.1652309,9.299206066,4.289007904,1.872087109,74.8347493,0.0,12.39368714,0.0,0.0,5.824404498,0.0,0.0,9.134199296,0,0.0,13.34455882,13.34455882,6.9237372,13.08951281,4.567099648,0.0,4.567099648,0.0,46.70236766,0.0,18.21809164,0.0,4.567099648,0.0,0.0,0.0,4.567099648,13.08951281,6.9237372,32.51352214,12.39368714,0.0,8.81,0.0,0.0,0,0.0,0.0,13.08951281,18.66604774,0.0,0.0,42.29909804,0.0,4.599861111,0.0,0.0,0.0,1.36662037,0.0,6.877446381,8.822738804,0.0,0.7,12,0,2,0,0,0,0,1,1,1,0,2,4,0,0,0,1,1.90402,49.946,0,0,2,2,0,0,0,0,0,0,0,2,0,0,0,0,0,1,0,0,0,0,0,0,0,0,0,0,0,5.0,80,0.0,1.0,24.0,0.0,0.7602652243333333,0.19334829066666667,0.9214411400000001,0
CCCC[N+]1=C(C)N(CC)C=C1,10,2,0,0,0,1,0.7,1.074363426,2.326388889,1.074363426,0.605640482,167.276,148.124,167.154275,68,0.25271884,-0.234774834,0.25271884,0.234774834,1.416666667,2.166666667,2.666666667,15.13606245,10.32279126,2.080329272,-1.969422292,1.942741333,-2.348793568,4.779420096,-0.702364869,2.661221148,237.9866602,8.974691495,8.377554854,8.377554854,5.79122366,4.843613803,4.843613803,3.178318974,3.178318974,2.351132628,2.351132628,1.440699159,1.440699159,-0.79,681.1652309,9.299206066,4.289007904,1.872087109,74.8347493,0.0,12.39368714,0.0,0.0,5.824404498,0.0,0.0,9.134199296,0,0.0,13.34455882,13.34455882,6.9237372,13.08951281,4.567099648,0.0,4.567099648,0.0,46.70236766,0.0,18.21809164,0.0,4.567099648,0.0,0.0,0.0,4.567099648,13.08951281,6.9237372,32.51352214,12.39368714,0.0,8.81,0.0,0.0,0,0.0,0.0,13.08951281,18.66604774,0.0,0.0,42.29909804,0.0,4.599861111,0.0,0.0,0.0,1.36662037,0.0,6.877446381,8.822738804,0.0,0.7,12,0,2,0,0,0,0,1,1,1,0,2,4,0,0,0,1,1.90402,49.946,0,0,2,2,0,0,0,0,0,0,0,2,0,0,0,0,0,1,0,0,0,0,0,0,0,0,0,0,0,5.0,80,0.0,1.0,168.0,5.0,0.7602652243333333,0.19334829066666667,0.9214411400000001,0
CCN1C=C[N+](C23CC4CC(CC(C4)C2)C3)=C1C,16,2,0,0,0,1,0.8125,0.499259259,2.65375,0.499259259,0.708246399,245.39,220.19,245.2012252,98,0.253166594,-0.234760067,0.253166594,0.234760067,1.166666667,1.722222222,2.166666667,15.19095515,9.526121019,2.545753183,-2.544635684,2.564747249,-2.648818532,5.000031969,-0.780705252,1.764559162,436.15734,12.32806265,11.73092601,11.73092601,8.699438509,7.778780839,7.778780839,7.143270638,7.143270638,6.017611882,6.017611882,5.696820299,5.696820299,-0.79,25256.06972,11.07169907,3.614597911,1.378000481,110.0069085,0.0,17.9326124,0.0,0.0,5.824404498,0.0,0.0,9.134199296,0,0.0,0.0,63.20238508,6.9237372,6.544756406,4.567099648,0.0,4.567099648,17.75371814,64.4560858,0.0,18.21809164,0.0,4.567099648,0.0,0.0,0.0,4.567099648,12.08368166,24.67745534,51.27307144,12.39368714,0.0,8.81,0.0,0.0,0,0.0,5.538925252,24.29847454,44.34933424,0.0,0.0,35.37536084,0.0,5.055126134,0.0,0.0,0.499259259,4.577619992,0.0,13.62760771,5.657053571,0.0,0.8125,18,0,2,4,0,4,0,1,1,1,0,2,2,4,0,4,5,3.02922,71.184,0,0,2,2,0,0,0,0,0,0,0,1,0,0,0,0,0,1,0,0,0,0,0,0,0,0,0,0,0,5.0,80,0.0,1.0,0.0,0.0,0.9255390656666668,0.228277233,0.9385274316666666,0
CCN1C=C[N+](C23CC4CC(CC(C4)C2)C3)=C1C,16,2,0,0,0,1,0.8125,0.499259259,2.65375,0.499259259,0.708246399,245.39,220.19,245.2012252,98,0.253166594,-0.234760067,0.253166594,0.234760067,1.166666667,1.722222222,2.166666667,15.19095515,9.526121019,2.545753183,-2.544635684,2.564747249,-2.648818532,5.000031969,-0.780705252,1.764559162,436.15734,12.32806265,11.73092601,11.73092601,8.699438509,7.778780839,7.778780839,7.143270638,7.143270638,6.017611882,6.017611882,5.696820299,5.696820299,-0.79,25256.06972,11.07169907,3.614597911,1.378000481,110.0069085,0.0,17.9326124,0.0,0.0,5.824404498,0.0,0.0,9.134199296,0,0.0,0.0,63.20238508,6.9237372,6.544756406,4.567099648,0.0,4.567099648,17.75371814,64.4560858,0.0,18.21809164,0.0,4.567099648,0.0,0.0,0.0,4.567099648,12.08368166,24.67745534,51.27307144,12.39368714,0.0,8.81,0.0,0.0,0,0.0,5.538925252,24.29847454,44.34933424,0.0,0.0,35.37536084,0.0,5.055126134,0.0,0.0,0.499259259,4.577619992,0.0,13.62760771,5.657053571,0.0,0.8125,18,0,2,4,0,4,0,1,1,1,0,2,2,4,0,4,5,3.02922,71.184,0,0,2,2,0,0,0,0,0,0,0,1,0,0,0,0,0,1,0,0,0,0,0,0,0,0,0,0,0,5.0,80,0.0,1.0,24.0,0.0,0.9255390656666668,0.228277233,0.9385274316666666,0
CCN1C=C[N+](C23CC4CC(CC(C4)C2)C3)=C1C,16,2,0,0,0,1,0.8125,0.499259259,2.65375,0.499259259,0.708246399,245.39,220.19,245.2012252,98,0.253166594,-0.234760067,0.253166594,0.234760067,1.166666667,1.722222222,2.166666667,15.19095515,9.526121019,2.545753183,-2.544635684,2.564747249,-2.648818532,5.000031969,-0.780705252,1.764559162,436.15734,12.32806265,11.73092601,11.73092601,8.699438509,7.778780839,7.778780839,7.143270638,7.143270638,6.017611882,6.017611882,5.696820299,5.696820299,-0.79,25256.06972,11.1,3.614597911,1.378000481,110.0069085,0.0,17.9326124,0.0,0.0,5.824404498,0.0,0.0,9.134199296,0,0.0,0.0,63.20238508,6.9237372,6.544756406,4.567099648,0.0,4.567099648,17.75371814,64.4560858,0.0,18.21809164,0.0,4.567099648,0.0,0.0,0.0,4.567099648,12.08368166,24.67745534,51.27307144,12.39368714,0.0,8.81,0.0,0.0,0,0.0,5.538925252,24.29847454,44.34933424,0.0,0.0,35.37536084,0.0,5.055126134,0.0,0.0,0.499259259,4.577619992,0.0,13.62760771,5.657053571,0.0,0.8125,18,0,2,4,0,4,0,1,1,1,0,2,2,4,0,4,5,3.02922,71.184,0,0,2,2,0,0,0,0,0,0,0,1,0,0,0,0,0,1,0,0,0,0,0,0,0,0,0,0,0,5.0,80,0.0,1.0,168.0,0.0,0.9255390656666668,0.228277233,0.9385274316666666,0
CCN1C=C[N+](C23CC4CC(CC(C4)C2)C3)=C1,15,2,0,0,0,1,0.8,0.509097222,2.570416667,0.509097222,0.692068882,231.363,208.179,231.1855752,92,0.243690701,-0.237104385,0.243690701,0.237104385,1.117647059,1.705882353,2.176470588,15.16121619,9.526724893,2.539357783,-2.542159045,2.563024685,-2.63576162,4.989867153,-0.775901768,1.716292487,396.6009363,11.45781916,10.80827627,10.80827627,8.271918154,7.347965023,7.347965023,6.793226953,6.793226953,5.610245148,5.610245148,5.243029442,5.243029442,-0.79,17941.14848,10.2,3.365239047,1.421563672,103.6419664,0.0,17.9326124,0.0,6.327320075,0.0,0.0,0.0,9.134199296,0,0.0,0.0,63.20238508,0.0,6.544756406,4.567099648,0.0,4.567099648,17.75371814,57.5323486,0.0,18.72100722,0.0,4.567099648,0.0,0.0,0.0,4.567099648,12.08368166,17.75371814,45.44866694,18.72100722,0.0,8.81,0.0,0.0,0,0.0,5.538925252,24.29847454,38.52492974,0.0,0.0,34.77894371,0.0,4.888459467,0.0,0.0,0.509097222,3.121462585,0.0,15.90817366,3.322807067,0.0,0.8,17,0,2,4,0,4,0,1,1,1,0,2,2,4,0,4,5,2.7208,66.447,0,0,2,2,0,0,0,0,0,0,0,1,0,0,0,0,0,1,0,0,0,0,0,0,0,0,0,0,0,2.0,80,0.0,1.0,0.0,0.0,0.9506889346666667,0.215577888,0.957202669,0
CCN1C=C[N+](C23CC4CC(CC(C4)C2)C3)=C1,15,2,0,0,0,1,0.8,0.509097222,2.570416667,0.509097222,0.692068882,231.363,208.179,231.1855752,92,0.243690701,-0.237104385,0.243690701,0.237104385,1.117647059,1.705882353,2.176470588,15.16121619,9.526724893,2.539357783,-2.542159045,2.563024685,-2.63576162,4.989867153,-0.775901768,1.716292487,396.6009363,11.45781916,10.80827627,10.80827627,8.271918154,7.347965023,7.347965023,6.793226953,6.793226953,5.610245148,5.610245148,5.243029442,5.243029442,-0.79,17941.14848,10.2,3.365239047,1.421563672,103.6419664,0.0,17.9326124,0.0,6.327320075,0.0,0.0,0.0,9.134199296,0,0.0,0.0,63.20238508,0.0,6.544756406,4.567099648,0.0,4.567099648,17.75371814,57.5323486,0.0,18.72100722,0.0,4.567099648,0.0,0.0,0.0,4.567099648,12.08368166,17.75371814,45.44866694,18.72100722,0.0,8.81,0.0,0.0,0,0.0,5.538925252,24.29847454,38.52492974,0.0,0.0,34.77894371,0.0,4.888459467,0.0,0.0,0.509097222,3.121462585,0.0,15.90817366,3.322807067,0.0,0.8,17,0,2,4,0,4,0,1,1,1,0,2,2,4,0,4,5,2.7208,66.447,0,0,2,2,0,0,0,0,0,0,0,1,0,0,0,0,0,1,0,0,0,0,0,0,0,0,0,0,0,2.0,80,0.0,1.0,24.0,0.0,0.9506889346666667,0.215577888,0.957202669,0
CCN1C=C[N+](C23CC4CC(CC(C4)C2)C3)=C1,15,2,0,0,0,1,0.8,0.509097222,2.570416667,0.509097222,0.692068882,231.363,208.179,231.1855752,92,0.243690701,-0.237104385,0.243690701,0.237104385,1.117647059,1.705882353,2.176470588,15.16121619,9.526724893,2.539357783,-2.542159045,2.563024685,-2.63576162,4.989867153,-0.775901768,1.716292487,396.6009363,11.45781916,10.80827627,10.80827627,8.271918154,7.347965023,7.347965023,6.793226953,6.793226953,5.610245148,5.610245148,5.243029442,5.243029442,-0.79,17941.14848,10.2,3.365239047,1.421563672,103.6419664,0.0,17.9326124,0.0,6.327320075,0.0,0.0,0.0,9.134199296,0,0.0,0.0,63.20238508,0.0,6.544756406,4.567099648,0.0,4.567099648,17.75371814,57.5323486,0.0,18.72100722,0.0,4.567099648,0.0,0.0,0.0,4.567099648,12.08368166,17.75371814,45.44866694,18.72100722,0.0,8.81,0.0,0.0,0,0.0,5.538925252,24.29847454,38.52492974,0.0,0.0,34.77894371,0.0,4.888459467,0.0,0.0,0.509097222,3.121462585,0.0,15.90817366,3.322807067,0.0,0.8,17,0,2,4,0,4,0,1,1,1,0,2,2,4,0,4,5,2.7208,66.447,0,0,2,2,0,0,0,0,0,0,0,1,0,0,0,0,0,1,0,0,0,0,0,0,0,0,0,0,0,2.0,80,0.0,1.0,168.0,3.0,0.9506889346666667,0.215577888,0.957202669,0
CC1=CC(C)=C(C2=[N+](C)C3=CC=CC=C3N2C)C(C)=C1,18,2,0,0,0,1,0.277777778,1.265,2.291666667,1.265,0.594519943,265.38,244.212,265.1699251,102,0.289434145,-0.225614493,0.289434145,0.225614493,0.95,1.55,2.15,15.14015111,9.989118541,2.237108589,-2.086116233,2.280946766,-2.301374847,5.770501019,-0.633634011,2.417497661,747.6365535,14.43879311,12.85852881,12.85852881,9.502907755,7.02090519,7.02090519,5.704072596,5.704072596,4.140487008,4.140487008,3.35274312,3.35274312,-2.09,41276.8915,12.91933861,4.480081935,1.753635612,119.8436238,0.0,0.0,11.03340144,0.0,5.824404498,0.0,0.0,9.134199296,0,0.0,29.82891977,44.03084872,0.0,19.65879546,4.567099648,11.03340144,4.567099648,14.09534397,20.7712116,0.0,53.08855689,11.38785599,4.567099648,0.0,0.0,0.0,4.567099648,14.09534397,20.7712116,16.69035448,36.39820241,22.42125742,8.81,0.0,0.0,0,0.0,0.0,0.0,39.1116119,0.0,0.0,80.39895727,0.0,4.583333333,0.0,0.0,7.878453221,1.265,13.08067282,0.0,6.560787037,4.298420257,0.277777778,20,0,2,0,0,0,2,1,3,1,0,2,1,0,0,0,3,3.59506,83.742,0,0,2,2,0,0,0,0,0,0,0,5,2,1,0,0,0,1,0,0,0,0,0,2,0,0,0,0,0,3.0,80,0.7,0.3,436.0,50.0,1.091314064,0.235162501,0.985536879,1
CN1C2=CC=CC=C2[N+](C)=C1C1=C(C2=CC=CC=C2)C=CC=C1C1=CC=CC=C1,27,2,0,0,0,1,0.074074074,1.19861678,2.309074074,1.19861678,0.341834988,375.495,352.311,375.1855752,140,0.290169068,-0.22559279,0.290169068,0.22559279,0.586206897,1.103448276,1.655172414,15.1405709,9.908754361,2.267326743,-2.137758679,2.391089465,-2.30009468,5.929029913,-0.633553627,1.911751728,1202.229906,19.79431797,16.70938177,16.70938177,14.2540202,9.931588792,9.931588792,7.390539621,7.390539621,5.697502532,5.697502532,4.329780966,4.329780966,-3.65,9144285.753,17.44856371,7.064713133,2.84814986,170.8629859,0.0,0.0,11.03340144,0.0,5.824404498,0.0,0.0,9.134199296,0,0.0,90.99550603,34.3865401,0.0,19.65879546,4.567099648,11.03340144,4.567099648,14.09534397,0.0,0.0,103.1282402,33.64166196,4.567099648,0.0,0.0,0.0,4.567099648,14.09534397,0.0,0.0,103.1282402,44.67506339,8.81,0.0,0.0,0,0.0,0.0,0.0,44.67506339,0.0,0.0,126.3577834,0.0,4.618148148,0.0,0.0,8.655412677,1.19861678,36.53930388,0.0,0.0,4.321851852,0.074074074,29,0,2,0,0,0,4,1,5,1,0,2,3,0,0,0,5,6.0038,120.403,0,0,2,2,0,0,0,0,0,0,0,2,4,1,0,0,0,1,0,0,0,0,0,2,0,0,0,0,0,3.0,80,0.7,0.3,3240.0,50.0,1.193626714,0.533634629,0.664564565,1
CN1C(C2=CC=CC=C2)=C(C2=CC=CC=C2)[N+](C)=C1C1=CC=CC=C1,23,2,0,0,0,1,0.086956522,1.192876039,2.298611111,1.192876039,0.476135879,325.435,304.267,325.1699251,122,0.288920757,-0.225104955,0.288920757,0.225104955,0.6,1.04,1.56,15.15514314,10.04625931,2.28768711,-2.021754333,2.330283088,-2.314704927,5.784223289,-0.648092848,2.059186277,921.7144574,17.22540387,14.55468123,14.55468123,12.27085695,8.52090519,8.52090519,6.236930593,6.236930593,4.656974108,4.656974108,3.5818098,3.5818098,-3.13,998493.3851,15.4007585,6.404060556,2.658567116,148.1813213,0.0,0.0,11.38785599,0.0,5.824404498,0.0,0.0,9.134199296,0,0.0,78.86277189,12.13273414,11.12690298,19.65879546,4.567099648,0.0,4.567099648,14.09534397,0.0,0.0,90.99550603,33.90261496,4.567099648,0.0,0.0,0.0,4.567099648,14.09534397,0.0,0.0,90.99550603,33.90261496,8.81,0.0,0.0,0,0.0,0.0,0.0,33.90261496,0.0,0.0,114.2250493,0.0,4.597222222,0.0,0.0,6.12170068,1.192876039,31.78838624,0.0,0.0,4.299814815,0.086956522,25,0,2,0,0,0,3,1,4,1,0,2,3,0,0,0,4,4.8506,102.897,0,0,2,2,0,0,0,0,0,0,0,0,3,0,0,0,0,1,0,0,0,0,0,0,0,0,0,0,0,3.0,80,0.7,0.3,1370.0,50.0,0.761651501,0.336929967,0.725179715,1
CC1=CC(C)=C(C2=[N+](C)C(C3=CC=CC=C3)=C(C3=CC=CC=C3)N2C)C(C)=C1,26,2,0,0,0,1,0.192307692,1.229357521,2.349537037,1.229357521,0.406158152,367.516,340.3,367.2168753,140,0.289468494,-0.225087121,0.289468494,0.225087121,0.714285714,1.214285714,1.75,15.15637715,9.988381451,2.306940094,-2.092014671,2.354548091,-2.320757801,5.794620555,-0.64811797,2.100183226,1050.27393,19.83613434,17.32263042,17.32263042,13.486071,9.764922125,9.764922125,7.644622664,7.644622664,5.525622585,5.525622585,4.475425023,4.475425023,-3.13,2873247.9,18.24343803,7.121620489,2.952277163,167.2761477,0.0,0.0,11.38785599,0.0,5.824404498,0.0,0.0,9.134199296,0,0.0,78.35985631,31.89811458,11.12690298,19.65879546,4.567099648,0.0,4.567099648,14.09534397,20.7712116,0.0,89.4867593,33.90261496,4.567099648,0.0,0.0,0.0,4.567099648,14.09534397,20.7712116,16.69035448,72.79640482,33.90261496,8.81,0.0,0.0,0,0.0,0.0,0.0,50.59296944,0.0,0.0,116.7971597,0.0,4.699074074,0.0,0.0,10.18664686,1.229357521,25.92193958,0.0,6.596228374,4.36675359,0.192307692,28,0,2,0,0,0,3,1,4,1,0,2,3,0,0,0,4,5.77586,117.108,0,0,2,2,0,0,0,0,0,0,0,3,3,0,0,0,0,1,0,0,0,0,0,0,0,0,0,0,0,3.0,80,0.7,0.3,7790.0,50.0,1.02061916,0.31309638,0.812810329,1
CCCCN1C(C2=CC=CC=C2)=C(C2=CC=CC=C2)[N+](CCCC)=C1C1=C(C)C=C(C)C=C1C,32,2,0,0,0,1,0.34375,1.015650746,2.626481481,1.015650746,0.226277026,451.678,412.366,451.3107757,176,0.289919171,-0.222325779,0.289919171,0.222325779,0.705882353,1.264705882,1.823529412,15.18405453,9.984951441,2.339457088,-2.125037338,2.373839022,-2.375523874,5.796945917,-0.674898028,2.16133112,1141.24975,24.07877502,21.56527111,21.56527111,16.56208061,12.91716403,12.91716403,9.536971382,9.536971382,6.74111334,6.74111334,5.260848032,5.260848032,-3.13,58839130.57,24.00914428,10.86430465,4.727815883,205.4658004,0.0,0.0,11.38785599,0.0,5.824404498,0.0,0.0,9.134199296,0,0.0,105.048974,44.73975783,11.12690298,18.6529643,4.567099648,0.0,4.567099648,0.0,73.3914853,0.0,89.4867593,33.90261496,4.567099648,0.0,0.0,0.0,4.567099648,13.08951281,20.7712116,56.22111537,72.79640482,33.90261496,8.81,0.0,0.0,0,0.0,0.0,25.93115606,63.43461268,0.0,0.0,116.5492901,0.0,5.252962963,0.0,0.0,10.68786857,1.35611678,26.66428431,4.668293126,13.37047425,0.0,0.34375,34,0,2,0,0,0,3,1,4,1,0,2,9,0,0,0,4,8.30206,144.962,0,0,2,2,0,0,0,0,0,0,0,3,3,0,0,0,0,1,0,0,0,0,0,0,0,0,0,0,0,3.0,80,0.7,0.3,10000.0,50.0,1.241487957,0.471966336,0.705525591,1
CC1=C(C)C(C2=[N+](C)C(C3=CC=CC=C3)=C(C3=CC=CC=C3)N2C)=C(C)C(C)=C1C1=[N+](C)C(C2=CC=CC=C2)=C(C2=CC=CC=C2)N1C,44,4,0,0,0,1,0.181818182,1.200612424,2.397903544,1.200612424,0.163486929,628.864,584.512,628.3555002,238,0.289489389,-0.22508682,0.289489389,0.22508682,0.375,0.625,0.895833333,15.16787301,9.875069624,2.360245019,-2.180089316,2.422156927,-2.334370129,5.843549192,-0.648404014,1.513775202,1955.084102,33.68914101,29.33585977,29.33585977,23.21812181,16.72044317,16.72044317,12.99181038,12.99181038,10.3221859,10.3221859,7.868715615,7.868715615,-5.48,96370312575.0,31.13625398,12.2758204,4.825481221,284.391008,0.0,0.0,22.77571198,0.0,11.648809,0.0,0.0,18.26839859,0,0.0,121.3273414,49.94875477,22.25380597,39.31759091,9.134199296,0.0,9.134199296,28.19068793,27.6949488,0.0,143.5811473,67.80522993,9.134199296,0.0,0.0,0.0,9.134199296,28.19068793,27.6949488,22.25380597,121.3273414,67.80522993,17.62,0.0,0.0,0,0.0,0.0,0.0,90.05903589,0.0,0.0,195.4813767,0.0,9.591614177,0.0,0.0,17.46529571,2.401224849,43.12053153,0.0,9.210880574,8.877119822,0.181818182,48,0,4,0,0,0,5,2,7,2,0,4,6,0,0,0,7,9.24828,198.3,0,0,4,4,0,0,0,0,0,0,0,0,5,0,0,0,0,2,0,0,0,0,0,0,0,0,0,0,0,3.0,80,0.7,0.3,2330.0,50.0,1.03644088,0.146893641,0.9064363,1
CCCCN1C(C2=CC=CC=C2)=C(C2=CC=CC=C2)[N+](C)=C1C1=C(C)C(C)=C(C2=[N+](CCCC)C(C3=CC=CC=C3)=C(C3=CC=CC=C3)N2C)C(C)=C1C,50,4,0,0,0,1,0.28,0.949564273,2.625014171,0.949564273,0.112277451,713.026,656.578,712.4494006,274,0.289714728,-0.225079419,0.289714728,0.225079419,0.481481481,0.888888889,1.351851852,15.1828216,9.873887426,2.375302645,-2.19039584,2.430613532,-2.376547819,5.844920445,-0.674827421,1.558490483,2181.811238,37.93178169,33.57850045,33.57850045,26.29413142,19.87268508,19.87268508,14.8841591,14.8841591,11.53767665,11.53767665,8.64555998,8.64555998,-5.48,1900000000000.0,36.86056279,15.86164814,6.421407583,322.5806607,0.0,0.0,22.77571198,0.0,11.648809,0.0,0.0,18.26839859,0,0.0,148.016459,62.79039801,22.25380597,38.31175976,9.134199296,0.0,9.134199296,14.09534397,80.3152225,0.0,143.5811473,67.80522993,9.134199296,0.0,0.0,0.0,9.134199296,27.18485678,27.6949488,61.78456686,121.3273414,67.80522993,17.62,0.0,0.0,0,0.0,0.0,38.7727993,90.05903589,0.0,0.0,195.2335071,0.0,10.20672335,0.0,0.0,18.07018451,2.545548026,43.89586902,4.470490718,15.92589629,4.551954759,0.28,54,0,4,0,0,0,5,2,7,2,0,4,12,0,0,0,7,11.77448,226.154,0,0,4,4,0,0,0,0,0,0,0,0,5,0,0,0,0,2,0,0,0,0,0,0,0,0,0,0,0,3.0,80,0.7,0.3,5830.0,50.0,1.302374457,0.189001337,0.893687582,1
CCN1C(C2=CC=CC=C2)=C(C2=CC=CC=C2)[N+](CC)=C1C1=C(C)C(C)=C(C2=[N+](CC)C(C3=CC=CC=C3)=C(C3=CC=CC=C3)N2CC)C(C)=C1C,48,4,0,0,0,1,0.25,0.861619501,2.566499223,0.861619501,0.127664847,684.972,632.556,684.4181005,262,0.289919711,-0.222612982,0.289919711,0.222612982,0.384615385,0.653846154,0.903846154,15.19236704,9.873601252,2.380193965,-2.192285944,2.432842484,-2.372483661,5.845692539,-0.67125462,1.575905599,2018.176477,36.51756813,32.16428689,32.16428689,25.37014102,19.02492698,19.02492698,13.73277813,13.73277813,11.07698218,11.07698218,8.535356186,8.535356186,-5.48,812000000000.0,34.94578318,14.63362706,5.617187914,309.8507765,0.0,0.0,22.77571198,0.0,11.648809,0.0,0.0,18.26839859,0,0.0,121.3273414,77.64370356,22.25380597,37.30592861,9.134199296,0.0,9.134199296,0.0,81.56892322,0.0,143.5811473,67.80522993,9.134199296,0.0,0.0,0.0,9.134199296,26.17902562,27.6949488,49.94875477,121.3273414,67.80522993,17.62,0.0,0.0,0,0.0,0.0,26.17902562,90.05903589,0.0,0.0,194.9856376,0.0,10.26599689,0.0,0.0,18.05724659,2.554902833,43.77975373,0.0,22.00876662,0.0,0.25,52,0,4,0,0,0,5,2,7,2,0,4,10,0,0,0,7,11.17988,217.072,0,0,4,4,0,0,0,0,0,0,0,0,5,0,0,0,0,2,0,0,0,0,0,0,0,0,0,0,0,3.0,80,0.7,0.3,10000.0,50.0,1.164221081,0.163354407,0.899088573,1
CCCN1C(C2=CC=CC=C2)=C(C2=CC=CC=C2)[N+](CCC)=C1C1=C(C)C(C)=C(C2=[N+](CCC)C(C3=CC=CC=C3)=C(C3=CC=CC=C3)N2CCC)C(C)=C1C,52,4,0,0,0,1,0.307692308,0.936068771,2.652054779,0.936068771,0.098838137,741.08,680.6,740.4807008,286,0.289939722,-0.22233625,0.289939722,0.22233625,0.375,0.660714286,0.928571429,15.19590794,9.872994648,2.386927469,-2.19728089,2.43683218,-2.383050669,5.846114834,-0.67478268,1.60632607,2081.504939,39.34599526,34.99271402,34.99271402,27.37014102,21.02492698,21.02492698,15.36229425,15.36229425,11.6009255,11.6009255,9.06907776,9.06907776,-5.48,5240000000000.0,38.78111645,17.12000085,6.844713738,335.3105449,0.0,0.0,22.77571198,0.0,11.648809,0.0,0.0,18.26839859,0,0.0,149.0222902,75.63204126,22.25380597,37.30592861,9.134199296,0.0,9.134199296,0.0,107.2522097,0.0,143.5811473,67.80522993,9.134199296,0.0,0.0,0.0,9.134199296,26.17902562,27.6949488,75.63204126,121.3273414,67.80522993,17.62,0.0,0.0,0,0.0,0.0,51.86231212,90.05903589,0.0,0.0,194.9856376,0.0,10.60821911,0.0,0.0,18.42412926,2.637927524,44.27850289,4.174951892,22.54293599,0.0,0.307692308,56,0,4,0,0,0,5,2,7,2,0,4,14,0,0,0,7,12.74028,235.54,0,0,4,4,0,0,0,0,0,0,0,0,5,0,0,0,0,2,0,0,0,0,0,0,0,0,0,0,0,3.0,80,0.7,0.3,10000.0,50.0,1.345985512,0.193525379,0.895677123,1
CCCCN1C(C2=CC=CC=C2)=C(C2=CC=CC=C2)[N+](CCCC)=C1C1=C(C)C(C)=C(C2=[N+](CCCC)C(C3=CC=CC=C3)=C(C3=CC=CC=C3)N2CCCC)C(C)=C1C,56,4,0,0,0,1,0.357142857,0.963793193,2.70545813,0.963793193,0.077004933,797.188,728.644,796.543301,310,0.289940066,-0.222325477,0.289940066,0.222325477,0.366666667,0.65,0.933333333,15.1965995,9.872724219,2.389551776,-2.19944378,2.438908785,-2.385498775,5.846290559,-0.675220413,1.61388944,2145.068487,42.17442238,37.82114114,37.82114114,29.37014102,23.02492698,23.02492698,16.77650781,16.77650781,12.7531674,12.7531674,9.439561633,9.439561633,-5.48,37500000000000.0,42.63735132,19.72116279,8.183183612,360.7703134,0.0,0.0,22.77571198,0.0,11.648809,0.0,0.0,18.26839859,0,0.0,174.7055767,75.63204126,22.25380597,37.30592861,9.134199296,0.0,9.134199296,0.0,132.9354962,0.0,143.5811473,67.80522993,9.134199296,0.0,0.0,0.0,9.134199296,26.17902562,27.6949488,101.3153277,121.3273414,67.80522993,17.62,0.0,0.0,0,0.0,0.0,77.54559861,90.05903589,0.0,0.0,194.9856376,0.0,10.82183252,0.0,0.0,18.67507331,2.689871203,44.6712065,9.003986804,22.80469633,0.0,0.357142857,60,0,4,0,0,0,5,2,7,2,0,4,18,0,0,0,7,14.30068,254.008,0,0,4,4,0,0,0,0,0,0,0,0,5,0,0,0,0,2,0,0,0,0,0,0,0,0,0,0,0,3.0,80,0.7,0.3,10000.0,50.0,1.576658138,0.238831476,0.898280891,1
CN(C)C(N(C)C)=[N+](CC1=CC=CC=C1)CC1=CC=CC=C1,19,3,0,0,0,3,0.315789474,0.890305178,2.407407407,0.890305178,0.487429062,296.438,270.23,296.2121243,116,0.349641737,-0.270193713,0.349641737,0.270193713,0.681818182,1.045454545,1.363636364,15.36912403,10.1620953,2.187142462,-2.21639752,2.077080363,-2.424895801,5.736121631,-0.568266681,2.370995832,547.5921268,15.94938299,14.02935704,14.02935704,10.5753874,7.620604294,7.620604294,5.916113831,5.916113831,3.515361089,3.515361089,2.770621209,2.770621209,-2.29,88405.67054,16.08696072,7.642542426,4.351649978,133.6680534,0.0,0.0,0.0,0.0,0.0,5.959554569,14.37534532,0.0,0,0.0,60.66367068,11.12690298,0.0,41.28020074,4.575525859,5.959554569,9.799819462,0.0,13.08951281,28.19068793,71.79057367,0.0,0.0,0.0,0.0,0.0,48.52558782,13.08951281,0.0,11.12690298,60.66367068,0.0,9.49,0.0,0.0,0,0.0,0.0,13.08951281,17.08645755,0.0,0.0,103.2297039,0.0,2.407407407,4.345,0.0,2.638205782,1.201579743,21.24497449,0.0,1.780610355,8.382222222,0.315789474,22,0,3,0,0,0,2,0,2,0,0,3,4,0,0,0,2,2.8785,92.9334,0,0,0,3,0,0,0,0,0,0,0,0,2,0,0,1,0,0,0,0,0,0,0,0,0,0,0,0,0,1.0,60,0.0,1.0,0.0,0.0,1.1509408003333335,0.48685742066666665,0.7209667768333333,0
CN(C)C(N(C)C)=[N+](CC1=CC=CC=C1)CC1=CC=CC=C1,19,3,0,0,0,3,0.315789474,0.890305178,2.407407407,0.890305178,0.487429062,296.438,270.23,296.2121243,116,0.349641737,-0.270193713,0.349641737,0.270193713,0.681818182,1.045454545,1.363636364,15.36912403,10.1620953,2.187142462,-2.21639752,2.077080363,-2.424895801,5.736121631,-0.568266681,2.370995832,547.5921268,15.94938299,14.02935704,14.02935704,10.5753874,7.620604294,7.620604294,5.916113831,5.916113831,3.515361089,3.515361089,2.770621209,2.770621209,-2.29,88405.67054,16.08696072,7.642542426,4.351649978,133.6680534,0.0,0.0,0.0,0.0,0.0,5.959554569,14.37534532,0.0,0,0.0,60.66367068,11.12690298,0.0,41.28020074,4.575525859,5.959554569,9.799819462,0.0,13.08951281,28.19068793,71.79057367,0.0,0.0,0.0,0.0,0.0,48.52558782,13.08951281,0.0,11.12690298,60.66367068,0.0,9.49,0.0,0.0,0,0.0,0.0,13.08951281,17.08645755,0.0,0.0,103.2297039,0.0,2.407407407,4.345,0.0,2.638205782,1.201579743,21.24497449,0.0,1.780610355,8.382222222,0.315789474,22,0,3,0,0,0,2,0,2,0,0,3,4,0,0,0,2,2.8785,92.9334,0,0,0,3,0,0,0,0,0,0,0,0,2,0,0,1,0,0,0,0,0,0,0,0,0,0,0,0,0,1.0,60,0.0,1.0,48.0,0.0,1.1509408003333335,0.48685742066666665,0.7209667768333333,0
CN(C)C(N(C)C)=[N+](CC1=CC=CC=C1)CC1=CC=CC=C1,19,3,0,0,0,3,0.315789474,0.890305178,2.407407407,0.890305178,0.487429062,296.438,270.23,296.2121243,116,0.349641737,-0.270193713,0.349641737,0.270193713,0.681818182,1.045454545,1.363636364,15.36912403,10.1620953,2.187142462,-2.21639752,2.077080363,-2.424895801,5.736121631,-0.568266681,2.370995832,547.5921268,15.94938299,14.02935704,14.02935704,10.5753874,7.620604294,7.620604294,5.916113831,5.916113831,3.515361089,3.515361089,2.770621209,2.770621209,-2.29,88405.67054,16.08696072,7.642542426,4.351649978,133.6680534,0.0,0.0,0.0,0.0,0.0,5.959554569,14.37534532,0.0,0,0.0,60.66367068,11.12690298,0.0,41.28020074,4.575525859,5.959554569,9.799819462,0.0,13.08951281,28.19068793,71.79057367,0.0,0.0,0.0,0.0,0.0,48.52558782,13.08951281,0.0,11.12690298,60.66367068,0.0,9.49,0.0,0.0,0,0.0,0.0,13.08951281,17.08645755,0.0,0.0,103.2297039,0.0,2.407407407,4.345,0.0,2.638205782,1.201579743,21.24497449,0.0,1.780610355,8.382222222,0.315789474,22,0,3,0,0,0,2,0,2,0,0,3,4,0,0,0,2,2.8785,92.9334,0,0,0,3,0,0,0,0,0,0,0,0,2,0,0,1,0,0,0,0,0,0,0,0,0,0,0,0,0,1.0,60,0.0,1.0,144.0,0.0403,1.1509408003333335,0.48685742066666665,0.7209667768333333,0
CN(C)C(N(C)C)=[N+](CC1=CC=CC=C1)CC1=CC=CC=C1,19,3,0,0,0,3,0.315789474,0.890305178,2.407407407,0.890305178,0.487429062,296.438,270.23,296.2121243,116,0.349641737,-0.270193713,0.349641737,0.270193713,0.681818182,1.045454545,1.363636364,15.36912403,10.1620953,2.187142462,-2.21639752,2.077080363,-2.424895801,5.736121631,-0.568266681,2.370995832,547.5921268,15.94938299,14.02935704,14.02935704,10.5753874,7.620604294,7.620604294,5.916113831,5.916113831,3.515361089,3.515361089,2.770621209,2.770621209,-2.29,88405.67054,16.08696072,7.642542426,4.351649978,133.6680534,0.0,0.0,0.0,0.0,0.0,5.959554569,14.37534532,0.0,0,0.0,60.66367068,11.12690298,0.0,41.28020074,4.575525859,5.959554569,9.799819462,0.0,13.08951281,28.19068793,71.79057367,0.0,0.0,0.0,0.0,0.0,48.52558782,13.08951281,0.0,11.12690298,60.66367068,0.0,9.49,0.0,0.0,0,0.0,0.0,13.08951281,17.08645755,0.0,0.0,103.2297039,0.0,2.407407407,4.345,0.0,2.638205782,1.201579743,21.24497449,0.0,1.780610355,8.382222222,0.315789474,22,0,3,0,0,0,2,0,2,0,0,3,4,0,0,0,2,2.8785,92.9334,0,0,0,3,0,0,0,0,0,0,0,0,2,0,0,1,0,0,0,0,0,0,0,0,0,0,0,0,0,1.0,60,0.0,1.0,384.0,0.1049,1.1509408003333335,0.48685742066666665,0.7209667768333333,0
CN(C)C(N(C)C)=[N+](CC1=CC=CC=C1)CC1=CC=CC=C1,19,3,0,0,0,3,0.315789474,0.890305178,2.407407407,0.890305178,0.487429062,296.438,270.23,296.2121243,116,0.349641737,-0.270193713,0.349641737,0.270193713,0.681818182,1.045454545,1.363636364,15.36912403,10.1620953,2.187142462,-2.21639752,2.077080363,-2.424895801,5.736121631,-0.568266681,2.370995832,547.5921268,15.94938299,14.02935704,14.02935704,10.5753874,7.620604294,7.620604294,5.916113831,5.916113831,3.515361089,3.515361089,2.770621209,2.770621209,-2.29,88405.67054,16.08696072,7.642542426,4.351649978,133.6680534,0.0,0.0,0.0,0.0,0.0,5.959554569,14.37534532,0.0,0,0.0,60.66367068,11.12690298,0.0,41.28020074,4.575525859,5.959554569,9.799819462,0.0,13.08951281,28.19068793,71.79057367,0.0,0.0,0.0,0.0,0.0,48.52558782,13.08951281,0.0,11.12690298,60.66367068,0.0,9.49,0.0,0.0,0,0.0,0.0,13.08951281,17.08645755,0.0,0.0,103.2297039,0.0,2.407407407,4.345,0.0,2.638205782,1.201579743,21.24497449,0.0,1.780610355,8.382222222,0.315789474,22,0,3,0,0,0,2,0,2,0,0,3,4,0,0,0,2,2.8785,92.9334,0,0,0,3,0,0,0,0,0,0,0,0,2,0,0,1,0,0,0,0,0,0,0,0,0,0,0,0,0,1.0,60,0.0,1.0,576.0,0.1582,1.1509408003333335,0.48685742066666665,0.7209667768333333,0
CN(C)C(N(C)C)=[N+](CC1=CC=CC=C1)CC1=CC=CC=C1,19,3,0,0,0,3,0.315789474,0.890305178,2.407407407,0.890305178,0.487429062,296.438,270.23,296.2121243,116,0.349641737,-0.270193713,0.349641737,0.270193713,0.681818182,1.045454545,1.363636364,15.36912403,10.1620953,2.187142462,-2.21639752,2.077080363,-2.424895801,5.736121631,-0.568266681,2.370995832,547.5921268,15.94938299,14.02935704,14.02935704,10.5753874,7.620604294,7.620604294,5.916113831,5.916113831,3.515361089,3.515361089,2.770621209,2.770621209,-2.29,88405.67054,16.08696072,7.642542426,4.351649978,133.6680534,0.0,0.0,0.0,0.0,0.0,5.959554569,14.37534532,0.0,0,0.0,60.66367068,11.12690298,0.0,41.28020074,4.575525859,5.959554569,9.799819462,0.0,13.08951281,28.19068793,71.79057367,0.0,0.0,0.0,0.0,0.0,48.52558782,13.08951281,0.0,11.12690298,60.66367068,0.0,9.49,0.0,0.0,0,0.0,0.0,13.08951281,17.08645755,0.0,0.0,103.2297039,0.0,2.407407407,4.345,0.0,2.638205782,1.201579743,21.24497449,0.0,1.780610355,8.382222222,0.315789474,22,0,3,0,0,0,2,0,2,0,0,3,4,0,0,0,2,2.8785,92.9334,0,0,0,3,0,0,0,0,0,0,0,0,2,0,0,1,0,0,0,0,0,0,0,0,0,0,0,0,0,1.0,60,0.0,1.0,1152.0,0.9086,1.1509408003333335,0.48685742066666665,0.7209667768333333,0
CN(C)C(N(C)C)=[N+](C)CC1=CC=CC=C1,13,3,0,0,0,3,0.461538462,0.923148148,2.24537037,0.923148148,0.422171489,220.34,198.164,220.1808241,88,0.349140903,-0.270209268,0.349140903,0.270209268,1.0,1.5,1.9375,15.36322853,10.2020442,2.151624946,-2.188533892,2.005641981,-2.414343744,5.734873991,-0.523250374,2.901029662,342.7002729,12.12939203,10.93549891,10.93549891,7.519744508,5.48735313,5.48735313,4.430515271,4.430515271,2.403991029,2.403991029,2.010834496,2.010834496,-1.51,3020.911892,12.55901311,5.540043161,3.260044925,98.61095923,0.0,0.0,0.0,0.0,0.0,5.959554569,14.37534532,0.0,0,0.0,30.33183534,5.563451492,0.0,41.78311632,4.575525859,5.959554569,9.799819462,0.0,6.544756406,35.23835991,35.89528683,0.0,0.0,0.0,0.0,0.0,55.5732598,6.544756406,0.0,5.563451492,30.33183534,0.0,9.49,0.0,0.0,0,0.0,0.0,6.544756406,11.52300606,0.0,6.066367068,73.87917351,0.0,2.24537037,4.255833333,0.0,1.325185185,1.198012094,10.50717309,0.0,0.923148148,10.37861111,0.461538462,16,0,3,0,0,0,1,0,1,0,0,3,2,0,0,0,1,1.3081,68.7114,0,0,0,3,0,0,0,0,0,0,0,0,1,0,0,1,0,0,0,0,0,0,0,0,0,0,0,0,0,1.0,60,0.0,1.0,0.0,0.0,1.0337721733103449,0.314317454,0.9136971473448277,0
CN(C)C(N(C)C)=[N+](C)CC1=CC=CC=C1,13,3,0,0,0,3,0.461538462,0.923148148,2.24537037,0.923148148,0.422171489,220.34,198.164,220.1808241,88,0.349140903,-0.270209268,0.349140903,0.270209268,1.0,1.5,1.9375,15.36322853,10.2020442,2.151624946,-2.188533892,2.005641981,-2.414343744,5.734873991,-0.523250374,2.901029662,342.7002729,12.12939203,10.93549891,10.93549891,7.519744508,5.48735313,5.48735313,4.430515271,4.430515271,2.403991029,2.403991029,2.010834496,2.010834496,-1.51,3020.911892,12.55901311,5.540043161,3.260044925,98.61095923,0.0,0.0,0.0,0.0,0.0,5.959554569,14.37534532,0.0,0,0.0,30.33183534,5.563451492,0.0,41.78311632,4.575525859,5.959554569,9.799819462,0.0,6.544756406,35.23835991,35.89528683,0.0,0.0,0.0,0.0,0.0,55.5732598,6.544756406,0.0,5.563451492,30.33183534,0.0,9.49,0.0,0.0,0,0.0,0.0,6.544756406,11.52300606,0.0,6.066367068,73.87917351,0.0,2.24537037,4.255833333,0.0,1.325185185,1.198012094,10.50717309,0.0,0.923148148,10.37861111,0.461538462,16,0,3,0,0,0,1,0,1,0,0,3,2,0,0,0,1,1.3081,68.7114,0,0,0,3,0,0,0,0,0,0,0,0,1,0,0,1,0,0,0,0,0,0,0,0,0,0,0,0,0,1.0,60,0.0,1.0,48.0,10.2761,1.0337721733103449,0.314317454,0.9136971473448277,0
CN(C)C(N(C)C)=[N+](C)CC1=CC=CC=C1,13,3,0,0,0,3,0.461538462,0.923148148,2.24537037,0.923148148,0.422171489,220.34,198.164,220.1808241,88,0.349140903,-0.270209268,0.349140903,0.270209268,1.0,1.5,1.9375,15.36322853,10.2020442,2.151624946,-2.188533892,2.005641981,-2.414343744,5.734873991,-0.523250374,2.901029662,342.7002729,12.12939203,10.93549891,10.93549891,7.519744508,5.48735313,5.48735313,4.430515271,4.430515271,2.403991029,2.403991029,2.010834496,2.010834496,-1.51,3020.911892,12.55901311,5.540043161,3.260044925,98.61095923,0.0,0.0,0.0,0.0,0.0,5.959554569,14.37534532,0.0,0,0.0,30.33183534,5.563451492,0.0,41.78311632,4.575525859,5.959554569,9.799819462,0.0,6.544756406,35.23835991,35.89528683,0.0,0.0,0.0,0.0,0.0,55.5732598,6.544756406,0.0,5.563451492,30.33183534,0.0,9.49,0.0,0.0,0,0.0,0.0,6.544756406,11.52300606,0.0,6.066367068,73.87917351,0.0,2.24537037,4.255833333,0.0,1.325185185,1.198012094,10.50717309,0.0,0.923148148,10.37861111,0.461538462,16,0,3,0,0,0,1,0,1,0,0,3,2,0,0,0,1,1.3081,68.7114,0,0,0,3,0,0,0,0,0,0,0,0,1,0,0,1,0,0,0,0,0,0,0,0,0,0,0,0,0,1.0,60,0.0,1.0,144.0,21.1586,1.0337721733103449,0.314317454,0.9136971473448277,0
CN(C)C(N(C)C)=[N+](C)CC1=CC=CC=C1,13,3,0,0,0,3,0.461538462,0.923148148,2.24537037,0.923148148,0.422171489,220.34,198.164,220.1808241,88,0.349140903,-0.270209268,0.349140903,0.270209268,1.0,1.5,1.9375,15.36322853,10.2020442,2.151624946,-2.188533892,2.005641981,-2.414343744,5.734873991,-0.523250374,2.901029662,342.7002729,12.12939203,10.93549891,10.93549891,7.519744508,5.48735313,5.48735313,4.430515271,4.430515271,2.403991029,2.403991029,2.010834496,2.010834496,-1.51,3020.911892,12.55901311,5.540043161,3.260044925,98.61095923,0.0,0.0,0.0,0.0,0.0,5.959554569,14.37534532,0.0,0,0.0,30.33183534,5.563451492,0.0,41.78311632,4.575525859,5.959554569,9.799819462,0.0,6.544756406,35.23835991,35.89528683,0.0,0.0,0.0,0.0,0.0,55.5732598,6.544756406,0.0,5.563451492,30.33183534,0.0,9.49,0.0,0.0,0,0.0,0.0,6.544756406,11.52300606,0.0,6.066367068,73.87917351,0.0,2.24537037,4.255833333,0.0,1.325185185,1.198012094,10.50717309,0.0,0.923148148,10.37861111,0.461538462,16,0,3,0,0,0,1,0,1,0,0,3,2,0,0,0,1,1.3081,68.7114,0,0,0,3,0,0,0,0,0,0,0,0,1,0,0,1,0,0,0,0,0,0,0,0,0,0,0,0,0,1.0,60,0.0,1.0,384.0,44.3163,1.0337721733103449,0.314317454,0.9136971473448277,0
CN(C)C(N(C)C)=[N+](C)CC1=CC=CC=C1,13,3,0,0,0,3,0.461538462,0.923148148,2.24537037,0.923148148,0.422171489,220.34,198.164,220.1808241,88,0.349140903,-0.270209268,0.349140903,0.270209268,1.0,1.5,1.9375,15.36322853,10.2020442,2.151624946,-2.188533892,2.005641981,-2.414343744,5.734873991,-0.523250374,2.901029662,342.7002729,12.12939203,10.93549891,10.93549891,7.519744508,5.48735313,5.48735313,4.430515271,4.430515271,2.403991029,2.403991029,2.010834496,2.010834496,-1.51,3020.911892,12.55901311,5.540043161,3.260044925,98.61095923,0.0,0.0,0.0,0.0,0.0,5.959554569,14.37534532,0.0,0,0.0,30.33183534,5.563451492,0.0,41.78311632,4.575525859,5.959554569,9.799819462,0.0,6.544756406,35.23835991,35.89528683,0.0,0.0,0.0,0.0,0.0,55.5732598,6.544756406,0.0,5.563451492,30.33183534,0.0,9.49,0.0,0.0,0,0.0,0.0,6.544756406,11.52300606,0.0,6.066367068,73.87917351,0.0,2.24537037,4.255833333,0.0,1.325185185,1.198012094,10.50717309,0.0,0.923148148,10.37861111,0.461538462,16,0,3,0,0,0,1,0,1,0,0,3,2,0,0,0,1,1.3081,68.7114,0,0,0,3,0,0,0,0,0,0,0,0,1,0,0,1,0,0,0,0,0,0,0,0,0,0,0,0,0,1.0,60,0.0,1.0,576.0,50.6848,1.0337721733103449,0.314317454,0.9136971473448277,0
CN(C)C(N(C)C)=[N+](C)CC1=CC=CC=C1,13,3,0,0,0,3,0.461538462,0.923148148,2.24537037,0.923148148,0.422171489,220.34,198.164,220.1808241,88,0.349140903,-0.270209268,0.349140903,0.270209268,1.0,1.5,1.9375,15.36322853,10.2020442,2.151624946,-2.188533892,2.005641981,-2.414343744,5.734873991,-0.523250374,2.901029662,342.7002729,12.12939203,10.93549891,10.93549891,7.519744508,5.48735313,5.48735313,4.430515271,4.430515271,2.403991029,2.403991029,2.010834496,2.010834496,-1.51,3020.911892,12.55901311,5.540043161,3.260044925,98.61095923,0.0,0.0,0.0,0.0,0.0,5.959554569,14.37534532,0.0,0,0.0,30.33183534,5.563451492,0.0,41.78311632,4.575525859,5.959554569,9.799819462,0.0,6.544756406,35.23835991,35.89528683,0.0,0.0,0.0,0.0,0.0,55.5732598,6.544756406,0.0,5.563451492,30.33183534,0.0,9.49,0.0,0.0,0,0.0,0.0,6.544756406,11.52300606,0.0,6.066367068,73.87917351,0.0,2.24537037,4.255833333,0.0,1.325185185,1.198012094,10.50717309,0.0,0.923148148,10.37861111,0.461538462,16,0,3,0,0,0,1,0,1,0,0,3,2,0,0,0,1,1.3081,68.7114,0,0,0,3,0,0,0,0,0,0,0,0,1,0,0,1,0,0,0,0,0,0,0,0,0,0,0,0,0,1.0,60,0.0,1.0,1152.0,81.0397,1.0337721733103449,0.314317454,0.9136971473448277,0
CN(C)C(N(C)C)=[N+](C)C1=CC=CC=C1,12,3,0,0,0,3,0.416666667,1.153888889,2.166666667,1.153888889,0.390596984,206.313,186.153,206.1651741,82,0.353868397,-0.269876532,0.353868397,0.269876532,0.933333333,1.4,1.8,15.36482808,10.29734927,2.1608523,-2.1858146,2.092241827,-2.403197845,5.747569577,-0.416984742,3.168016742,329.1446814,11.42228525,10.22839213,10.22839213,7.03658126,5.041178771,5.041178771,3.983420535,3.983420535,2.243491935,2.243491935,1.767070956,1.767070956,-1.51,1957.999769,11.56412898,4.823126731,2.717280698,92.24601712,0.0,5.687386275,0.0,0.0,0.0,5.959554569,9.799819462,4.575525859,0,0.0,18.19910121,12.13273414,0.0,35.23835991,4.575525859,11.64694084,9.799819462,0.0,0.0,35.23835991,30.33183534,0.0,0.0,5.687386275,0.0,0.0,55.5732598,0.0,0.0,0.0,30.33183534,0.0,9.49,0.0,0.0,0,0.0,0.0,5.959554569,5.687386275,0.0,6.066367068,73.87917351,0.0,2.166666667,4.208333333,0.0,1.189722222,1.153888889,10.33916667,0.0,0.0,10.27555556,0.416666667,15,0,3,0,0,0,1,0,1,0,0,3,1,0,0,0,1,1.4396,64.6674,0,0,0,3,0,0,0,0,0,0,0,0,1,0,0,1,0,0,0,0,0,0,0,1,0,0,0,0,0,1.0,60,1.0,0.0,0.0,0.0,1.0079041631111112,0.3709824414444445,0.874874629,0
CN(C)C(N(C)C)=[N+](C)C1=CC=CC=C1,12,3,0,0,0,3,0.416666667,1.153888889,2.166666667,1.153888889,0.390596984,206.313,186.153,206.1651741,82,0.353868397,-0.269876532,0.353868397,0.269876532,0.933333333,1.4,1.8,15.36482808,10.29734927,2.1608523,-2.1858146,2.092241827,-2.403197845,5.747569577,-0.416984742,3.168016742,329.1446814,11.42228525,10.22839213,10.22839213,7.03658126,5.041178771,5.041178771,3.983420535,3.983420535,2.243491935,2.243491935,1.767070956,1.767070956,-1.51,1957.999769,11.56412898,4.823126731,2.717280698,92.24601712,0.0,5.687386275,0.0,0.0,0.0,5.959554569,9.799819462,4.575525859,0,0.0,18.19910121,12.13273414,0.0,35.23835991,4.575525859,11.64694084,9.799819462,0.0,0.0,35.23835991,30.33183534,0.0,0.0,5.687386275,0.0,0.0,55.5732598,0.0,0.0,0.0,30.33183534,0.0,9.49,0.0,0.0,0,0.0,0.0,5.959554569,5.687386275,0.0,6.066367068,73.87917351,0.0,2.166666667,4.208333333,0.0,1.189722222,1.153888889,10.33916667,0.0,0.0,10.27555556,0.416666667,15,0,3,0,0,0,1,0,1,0,0,3,1,0,0,0,1,1.4396,64.6674,0,0,0,3,0,0,0,0,0,0,0,0,1,0,0,1,0,0,0,0,0,0,0,1,0,0,0,0,0,1.0,60,1.0,0.0,6.0,100.0,1.0079041631111112,0.3709824414444445,0.874874629,0
CN(C)C(N(C)C)=[N+](C)C1=CC=CC=C1,12,3,0,0,0,3,0.416666667,1.153888889,2.166666667,1.153888889,0.390596984,206.313,186.153,206.1651741,82,0.353868397,-0.269876532,0.353868397,0.269876532,0.933333333,1.4,1.8,15.36482808,10.29734927,2.1608523,-2.1858146,2.092241827,-2.403197845,5.747569577,-0.416984742,3.168016742,329.1446814,11.42228525,10.22839213,10.22839213,7.03658126,5.041178771,5.041178771,3.983420535,3.983420535,2.243491935,2.243491935,1.767070956,1.767070956,-1.51,1957.999769,11.56412898,4.823126731,2.717280698,92.24601712,0.0,5.687386275,0.0,0.0,0.0,5.959554569,9.799819462,4.575525859,0,0.0,18.19910121,12.13273414,0.0,35.23835991,4.575525859,11.64694084,9.799819462,0.0,0.0,35.23835991,30.33183534,0.0,0.0,5.687386275,0.0,0.0,55.5732598,0.0,0.0,0.0,30.33183534,0.0,9.49,0.0,0.0,0,0.0,0.0,5.959554569,5.687386275,0.0,6.066367068,73.87917351,0.0,2.166666667,4.208333333,0.0,1.189722222,1.153888889,10.33916667,0.0,0.0,10.27555556,0.416666667,15,0,3,0,0,0,1,0,1,0,0,3,1,0,0,0,1,1.4396,64.6674,0,0,0,3,0,0,0,0,0,0,0,0,1,0,0,1,0,0,0,0,0,0,0,1,0,0,0,0,0,1.0,60,1.0,0.0,12.0,100.0,1.0079041631111112,0.3709824414444445,0.874874629,0
CN(C)C(N(C)C)=[N+](C)C1=CC=CC=C1,12,3,0,0,0,3,0.416666667,1.153888889,2.166666667,1.153888889,0.390596984,206.313,186.153,206.1651741,82,0.353868397,-0.269876532,0.353868397,0.269876532,0.933333333,1.4,1.8,15.36482808,10.29734927,2.1608523,-2.1858146,2.092241827,-2.403197845,5.747569577,-0.416984742,3.168016742,329.1446814,11.42228525,10.22839213,10.22839213,7.03658126,5.041178771,5.041178771,3.983420535,3.983420535,2.243491935,2.243491935,1.767070956,1.767070956,-1.51,1957.999769,11.56412898,4.823126731,2.717280698,92.24601712,0.0,5.687386275,0.0,0.0,0.0,5.959554569,9.799819462,4.575525859,0,0.0,18.19910121,12.13273414,0.0,35.23835991,4.575525859,11.64694084,9.799819462,0.0,0.0,35.23835991,30.33183534,0.0,0.0,5.687386275,0.0,0.0,55.5732598,0.0,0.0,0.0,30.33183534,0.0,9.49,0.0,0.0,0,0.0,0.0,5.959554569,5.687386275,0.0,6.066367068,73.87917351,0.0,2.166666667,4.208333333,0.0,1.189722222,1.153888889,10.33916667,0.0,0.0,10.27555556,0.416666667,15,0,3,0,0,0,1,0,1,0,0,3,1,0,0,0,1,1.4396,64.6674,0,0,0,3,0,0,0,0,0,0,0,0,1,0,0,1,0,0,0,0,0,0,0,1,0,0,0,0,0,1.0,60,1.0,0.0,24.0,100.0,1.0079041631111112,0.3709824414444445,0.874874629,0
CN(C)C(N(C)C)=[N+](C)C1=CC=CC=C1,12,3,0,0,0,3,0.416666667,1.153888889,2.166666667,1.153888889,0.390596984,206.313,186.153,206.1651741,82,0.353868397,-0.269876532,0.353868397,0.269876532,0.933333333,1.4,1.8,15.36482808,10.29734927,2.1608523,-2.1858146,2.092241827,-2.403197845,5.747569577,-0.416984742,3.168016742,329.1446814,11.42228525,10.22839213,10.22839213,7.03658126,5.041178771,5.041178771,3.983420535,3.983420535,2.243491935,2.243491935,1.767070956,1.767070956,-1.51,1957.999769,11.56412898,4.823126731,2.717280698,92.24601712,0.0,5.687386275,0.0,0.0,0.0,5.959554569,9.799819462,4.575525859,0,0.0,18.19910121,12.13273414,0.0,35.23835991,4.575525859,11.64694084,9.799819462,0.0,0.0,35.23835991,30.33183534,0.0,0.0,5.687386275,0.0,0.0,55.5732598,0.0,0.0,0.0,30.33183534,0.0,9.49,0.0,0.0,0,0.0,0.0,5.959554569,5.687386275,0.0,6.066367068,73.87917351,0.0,2.166666667,4.208333333,0.0,1.189722222,1.153888889,10.33916667,0.0,0.0,10.27555556,0.416666667,15,0,3,0,0,0,1,0,1,0,0,3,1,0,0,0,1,1.4396,64.6674,0,0,0,3,0,0,0,0,0,0,0,0,1,0,0,1,0,0,0,0,0,0,0,1,0,0,0,0,0,1.0,60,1.0,0.0,30.0,100.0,1.0079041631111112,0.3709824414444445,0.874874629,0
CN(C)C(N(C)C)=[N+](C)C1=CC=CC=C1,12,3,0,0,0,3,0.416666667,1.153888889,2.166666667,1.153888889,0.390596984,206.313,186.153,206.1651741,82,0.353868397,-0.269876532,0.353868397,0.269876532,0.933333333,1.4,1.8,15.36482808,10.29734927,2.1608523,-2.1858146,2.092241827,-2.403197845,5.747569577,-0.416984742,3.168016742,329.1446814,11.42228525,10.22839213,10.22839213,7.03658126,5.041178771,5.041178771,3.983420535,3.983420535,2.243491935,2.243491935,1.767070956,1.767070956,-1.51,1957.999769,11.56412898,4.823126731,2.717280698,92.24601712,0.0,5.687386275,0.0,0.0,0.0,5.959554569,9.799819462,4.575525859,0,0.0,18.19910121,12.13273414,0.0,35.23835991,4.575525859,11.64694084,9.799819462,0.0,0.0,35.23835991,30.33183534,0.0,0.0,5.687386275,0.0,0.0,55.5732598,0.0,0.0,0.0,30.33183534,0.0,9.49,0.0,0.0,0,0.0,0.0,5.959554569,5.687386275,0.0,6.066367068,73.87917351,0.0,2.166666667,4.208333333,0.0,1.189722222,1.153888889,10.33916667,0.0,0.0,10.27555556,0.416666667,15,0,3,0,0,0,1,0,1,0,0,3,1,0,0,0,1,1.4396,64.6674,0,0,0,3,0,0,0,0,0,0,0,0,1,0,0,1,0,0,0,0,0,0,0,1,0,0,0,0,0,1.0,60,1.0,0.0,96.0,100.0,1.0079041631111112,0.3709824414444445,0.874874629,0
CN(C)C(N(C)C)=[N+](C)C1=CC=CC=C1,12,3,0,0,0,3,0.416666667,1.153888889,2.166666667,1.153888889,0.390596984,206.313,186.153,206.1651741,82,0.353868397,-0.269876532,0.353868397,0.269876532,0.933333333,1.4,1.8,15.36482808,10.29734927,2.1608523,-2.1858146,2.092241827,-2.403197845,5.747569577,-0.416984742,3.168016742,329.1446814,11.42228525,10.22839213,10.22839213,7.03658126,5.041178771,5.041178771,3.983420535,3.983420535,2.243491935,2.243491935,1.767070956,1.767070956,-1.51,1957.999769,11.56412898,4.823126731,2.717280698,92.24601712,0.0,5.687386275,0.0,0.0,0.0,5.959554569,9.799819462,4.575525859,0,0.0,18.19910121,12.13273414,0.0,35.23835991,4.575525859,11.64694084,9.799819462,0.0,0.0,35.23835991,30.33183534,0.0,0.0,5.687386275,0.0,0.0,55.5732598,0.0,0.0,0.0,30.33183534,0.0,9.49,0.0,0.0,0,0.0,0.0,5.959554569,5.687386275,0.0,6.066367068,73.87917351,0.0,2.166666667,4.208333333,0.0,1.189722222,1.153888889,10.33916667,0.0,0.0,10.27555556,0.416666667,15,0,3,0,0,0,1,0,1,0,0,3,1,0,0,0,1,1.4396,64.6674,0,0,0,3,0,0,0,0,0,0,0,0,1,0,0,1,0,0,0,0,0,0,0,1,0,0,0,0,0,1.0,60,1.0,0.0,133.0,100.0,1.0079041631111112,0.3709824414444445,0.874874629,0
CN(C)C(N(C)C)=[N+](C)C1=CC=CC=C1,12,3,0,0,0,3,0.416666667,1.153888889,2.166666667,1.153888889,0.390596984,206.313,186.153,206.1651741,82,0.353868397,-0.269876532,0.353868397,0.269876532,0.933333333,1.4,1.8,15.36482808,10.29734927,2.1608523,-2.1858146,2.092241827,-2.403197845,5.747569577,-0.416984742,3.168016742,329.1446814,11.42228525,10.22839213,10.22839213,7.03658126,5.041178771,5.041178771,3.983420535,3.983420535,2.243491935,2.243491935,1.767070956,1.767070956,-1.51,1957.999769,11.56412898,4.823126731,2.717280698,92.24601712,0.0,5.687386275,0.0,0.0,0.0,5.959554569,9.799819462,4.575525859,0,0.0,18.19910121,12.13273414,0.0,35.23835991,4.575525859,11.64694084,9.799819462,0.0,0.0,35.23835991,30.33183534,0.0,0.0,5.687386275,0.0,0.0,55.5732598,0.0,0.0,0.0,30.33183534,0.0,9.49,0.0,0.0,0,0.0,0.0,5.959554569,5.687386275,0.0,6.066367068,73.87917351,0.0,2.166666667,4.208333333,0.0,1.189722222,1.153888889,10.33916667,0.0,0.0,10.27555556,0.416666667,15,0,3,0,0,0,1,0,1,0,0,3,1,0,0,0,1,1.4396,64.6674,0,0,0,3,0,0,0,0,0,0,0,0,1,0,0,1,0,0,0,0,0,0,0,1,0,0,0,0,0,1.0,60,1.0,0.0,240.0,100.0,1.0079041631111112,0.3709824414444445,0.874874629,0
CN(C)C(N(C)C)=[N+](C)C1=CC=CC=C1,12,3,0,0,0,3,0.416666667,1.153888889,2.166666667,1.153888889,0.390596984,206.313,186.153,206.1651741,82,0.353868397,-0.269876532,0.353868397,0.269876532,0.933333333,1.4,1.8,15.36482808,10.29734927,2.1608523,-2.1858146,2.092241827,-2.403197845,5.747569577,-0.416984742,3.168016742,329.1446814,11.42228525,10.22839213,10.22839213,7.03658126,5.041178771,5.041178771,3.983420535,3.983420535,2.243491935,2.243491935,1.767070956,1.767070956,-1.51,1957.999769,11.56412898,4.823126731,2.717280698,92.24601712,0.0,5.687386275,0.0,0.0,0.0,5.959554569,9.799819462,4.575525859,0,0.0,18.19910121,12.13273414,0.0,35.23835991,4.575525859,11.64694084,9.799819462,0.0,0.0,35.23835991,30.33183534,0.0,0.0,5.687386275,0.0,0.0,55.5732598,0.0,0.0,0.0,30.33183534,0.0,9.49,0.0,0.0,0,0.0,0.0,5.959554569,5.687386275,0.0,6.066367068,73.87917351,0.0,2.166666667,4.208333333,0.0,1.189722222,1.153888889,10.33916667,0.0,0.0,10.27555556,0.416666667,15,0,3,0,0,0,1,0,1,0,0,3,1,0,0,0,1,1.4396,64.6674,0,0,0,3,0,0,0,0,0,0,0,0,1,0,0,1,0,0,0,0,0,0,0,1,0,0,0,0,0,1.0,60,1.0,0.0,312.0,100.0,1.0079041631111112,0.3709824414444445,0.874874629,0
CCN(CC)C(N(CC)CC)=[N+](C)C1=CC=CC=C1,16,3,0,0,0,3,0.5625,1.027288596,2.416666667,1.027288596,0.458290277,262.421,234.197,262.2277743,106,0.354713416,-0.265026644,0.354713416,0.265026644,0.842105263,1.263157895,1.631578947,15.39793071,10.29041631,2.241659704,-2.267485155,2.11491861,-2.478047348,5.759576127,-0.418373127,3.275864132,375.7148896,14.25071238,13.05681926,13.05681926,9.18860047,7.345662578,7.345662578,4.539146345,4.539146345,3.536060083,3.536060083,2.404234045,2.404234045,-1.51,18392.50281,15.54717553,7.822482141,3.72428217,117.7057856,0.0,5.687386275,0.0,0.0,0.0,5.959554569,9.799819462,4.575525859,0,0.0,18.19910121,39.82768294,0.0,33.22669761,4.575525859,11.64694084,9.799819462,0.0,27.6949488,33.22669761,30.33183534,0.0,0.0,5.687386275,0.0,0.0,53.5615975,0.0,0.0,27.6949488,30.33183534,0.0,9.49,0.0,0.0,0,0.0,0.0,26.17902562,11.64694084,0.0,0.0,79.44980144,0.0,2.291666667,4.833333333,0.0,1.232685185,1.292777778,10.56316043,0.0,12.96563587,2.154074074,0.5625,19,0,3,0,0,0,1,0,1,0,0,3,5,0,0,0,1,3.0,83.1354,0,0,0,3,0,0,0,0,0,0,0,0,1,0,0,1,0,0,0,0,0,0,0,1,0,0,0,0,0,1.0,60,1.0,0.0,0.0,0.0,1.2641747190000001,0.4949556614444444,0.834179432,0
CCN(CC)C(N(CC)CC)=[N+](C)C1=CC=CC=C1,16,3,0,0,0,3,0.5625,1.027288596,2.416666667,1.027288596,0.458290277,262.421,234.197,262.2277743,106,0.354713416,-0.265026644,0.354713416,0.265026644,0.842105263,1.263157895,1.631578947,15.39793071,10.29041631,2.241659704,-2.267485155,2.11491861,-2.478047348,5.759576127,-0.418373127,3.275864132,375.7148896,14.25071238,13.05681926,13.05681926,9.18860047,7.345662578,7.345662578,4.539146345,4.539146345,3.536060083,3.536060083,2.404234045,2.404234045,-1.51,18392.50281,15.54717553,7.822482141,3.72428217,117.7057856,0.0,5.687386275,0.0,0.0,0.0,5.959554569,9.799819462,4.575525859,0,0.0,18.19910121,39.82768294,0.0,33.22669761,4.575525859,11.64694084,9.799819462,0.0,27.6949488,33.22669761,30.33183534,0.0,0.0,5.687386275,0.0,0.0,53.5615975,0.0,0.0,27.6949488,30.33183534,0.0,9.49,0.0,0.0,0,0.0,0.0,26.17902562,11.64694084,0.0,0.0,79.44980144,0.0,2.291666667,4.833333333,0.0,1.232685185,1.292777778,10.56316043,0.0,12.96563587,2.154074074,0.5625,19,0,3,0,0,0,1,0,1,0,0,3,5,0,0,0,1,3.0,83.1354,0,0,0,3,0,0,0,0,0,0,0,0,1,0,0,1,0,0,0,0,0,0,0,1,0,0,0,0,0,1.0,60,1.0,0.0,6.0,8.1146,1.2641747190000001,0.4949556614444444,0.834179432,0
CCN(CC)C(N(CC)CC)=[N+](C)C1=CC=CC=C1,16,3,0,0,0,3,0.5625,1.027288596,2.416666667,1.027288596,0.458290277,262.421,234.197,262.2277743,106,0.354713416,-0.265026644,0.354713416,0.265026644,0.842105263,1.263157895,1.631578947,15.39793071,10.29041631,2.241659704,-2.267485155,2.11491861,-2.478047348,5.759576127,-0.418373127,3.275864132,375.7148896,14.25071238,13.05681926,13.05681926,9.18860047,7.345662578,7.345662578,4.539146345,4.539146345,3.536060083,3.536060083,2.404234045,2.404234045,-1.51,18392.50281,15.54717553,7.822482141,3.72428217,117.7057856,0.0,5.687386275,0.0,0.0,0.0,5.959554569,9.799819462,4.575525859,0,0.0,18.19910121,39.82768294,0.0,33.22669761,4.575525859,11.64694084,9.799819462,0.0,27.6949488,33.22669761,30.33183534,0.0,0.0,5.687386275,0.0,0.0,53.5615975,0.0,0.0,27.6949488,30.33183534,0.0,9.49,0.0,0.0,0,0.0,0.0,26.17902562,11.64694084,0.0,0.0,79.44980144,0.0,2.291666667,4.833333333,0.0,1.232685185,1.292777778,10.56316043,0.0,12.96563587,2.154074074,0.5625,19,0,3,0,0,0,1,0,1,0,0,3,5,0,0,0,1,3.0,83.1354,0,0,0,3,0,0,0,0,0,0,0,0,1,0,0,1,0,0,0,0,0,0,0,1,0,0,0,0,0,1.0,60,1.0,0.0,12.0,14.7375,1.2641747190000001,0.4949556614444444,0.834179432,0
CCN(CC)C(N(CC)CC)=[N+](C)C1=CC=CC=C1,16,3,0,0,0,3,0.5625,1.027288596,2.416666667,1.027288596,0.458290277,262.421,234.197,262.2277743,106,0.354713416,-0.265026644,0.354713416,0.265026644,0.842105263,1.263157895,1.631578947,15.39793071,10.29041631,2.241659704,-2.267485155,2.11491861,-2.478047348,5.759576127,-0.418373127,3.275864132,375.7148896,14.25071238,13.05681926,13.05681926,9.18860047,7.345662578,7.345662578,4.539146345,4.539146345,3.536060083,3.536060083,2.404234045,2.404234045,-1.51,18392.50281,15.54717553,7.822482141,3.72428217,117.7057856,0.0,5.687386275,0.0,0.0,0.0,5.959554569,9.799819462,4.575525859,0,0.0,18.19910121,39.82768294,0.0,33.22669761,4.575525859,11.64694084,9.799819462,0.0,27.6949488,33.22669761,30.33183534,0.0,0.0,5.687386275,0.0,0.0,53.5615975,0.0,0.0,27.6949488,30.33183534,0.0,9.49,0.0,0.0,0,0.0,0.0,26.17902562,11.64694084,0.0,0.0,79.44980144,0.0,2.291666667,4.833333333,0.0,1.232685185,1.292777778,10.56316043,0.0,12.96563587,2.154074074,0.5625,19,0,3,0,0,0,1,0,1,0,0,3,5,0,0,0,1,3.0,83.1354,0,0,0,3,0,0,0,0,0,0,0,0,1,0,0,1,0,0,0,0,0,0,0,1,0,0,0,0,0,1.0,60,1.0,0.0,24.0,21.1073,1.2641747190000001,0.4949556614444444,0.834179432,0
CCN(CC)C(N(CC)CC)=[N+](C)C1=CC=CC=C1,16,3,0,0,0,3,0.5625,1.027288596,2.416666667,1.027288596,0.458290277,262.421,234.197,262.2277743,106,0.354713416,-0.265026644,0.354713416,0.265026644,0.842105263,1.263157895,1.631578947,15.39793071,10.29041631,2.241659704,-2.267485155,2.11491861,-2.478047348,5.759576127,-0.418373127,3.275864132,375.7148896,14.25071238,13.05681926,13.05681926,9.18860047,7.345662578,7.345662578,4.539146345,4.539146345,3.536060083,3.536060083,2.404234045,2.404234045,-1.51,18392.50281,15.54717553,7.822482141,3.72428217,117.7057856,0.0,5.687386275,0.0,0.0,0.0,5.959554569,9.799819462,4.575525859,0,0.0,18.19910121,39.82768294,0.0,33.22669761,4.575525859,11.64694084,9.799819462,0.0,27.6949488,33.22669761,30.33183534,0.0,0.0,5.687386275,0.0,0.0,53.5615975,0.0,0.0,27.6949488,30.33183534,0.0,9.49,0.0,0.0,0,0.0,0.0,26.17902562,11.64694084,0.0,0.0,79.44980144,0.0,2.291666667,4.833333333,0.0,1.232685185,1.292777778,10.56316043,0.0,12.96563587,2.154074074,0.5625,19,0,3,0,0,0,1,0,1,0,0,3,5,0,0,0,1,3.0,83.1354,0,0,0,3,0,0,0,0,0,0,0,0,1,0,0,1,0,0,0,0,0,0,0,1,0,0,0,0,0,1.0,60,1.0,0.0,30.0,28.7486,1.2641747190000001,0.4949556614444444,0.834179432,0
CCN(CC)C(N(CC)CC)=[N+](C)C1=CC=CC=C1,16,3,0,0,0,3,0.5625,1.027288596,2.416666667,1.027288596,0.458290277,262.421,234.197,262.2277743,106,0.354713416,-0.265026644,0.354713416,0.265026644,0.842105263,1.263157895,1.631578947,15.39793071,10.29041631,2.241659704,-2.267485155,2.11491861,-2.478047348,5.759576127,-0.418373127,3.275864132,375.7148896,14.25071238,13.05681926,13.05681926,9.18860047,7.345662578,7.345662578,4.539146345,4.539146345,3.536060083,3.536060083,2.404234045,2.404234045,-1.51,18392.50281,15.54717553,7.822482141,3.72428217,117.7057856,0.0,5.687386275,0.0,0.0,0.0,5.959554569,9.799819462,4.575525859,0,0.0,18.19910121,39.82768294,0.0,33.22669761,4.575525859,11.64694084,9.799819462,0.0,27.6949488,33.22669761,30.33183534,0.0,0.0,5.687386275,0.0,0.0,53.5615975,0.0,0.0,27.6949488,30.33183534,0.0,9.49,0.0,0.0,0,0.0,0.0,26.17902562,11.64694084,0.0,0.0,79.44980144,0.0,2.291666667,4.833333333,0.0,1.232685185,1.292777778,10.56316043,0.0,12.96563587,2.154074074,0.5625,19,0,3,0,0,0,1,0,1,0,0,3,5,0,0,0,1,3.0,83.1354,0,0,0,3,0,0,0,0,0,0,0,0,1,0,0,1,0,0,0,0,0,0,0,1,0,0,0,0,0,1.0,60,1.0,0.0,96.0,60.5449,1.2641747190000001,0.4949556614444444,0.834179432,0
CCN(CC)C(N(CC)CC)=[N+](C)C1=CC=CC=C1,16,3,0,0,0,3,0.5625,1.027288596,2.416666667,1.027288596,0.458290277,262.421,234.197,262.2277743,106,0.354713416,-0.265026644,0.354713416,0.265026644,0.842105263,1.263157895,1.631578947,15.39793071,10.29041631,2.241659704,-2.267485155,2.11491861,-2.478047348,5.759576127,-0.418373127,3.275864132,375.7148896,14.25071238,13.05681926,13.05681926,9.18860047,7.345662578,7.345662578,4.539146345,4.539146345,3.536060083,3.536060083,2.404234045,2.404234045,-1.51,18392.50281,15.54717553,7.822482141,3.72428217,117.7057856,0.0,5.687386275,0.0,0.0,0.0,5.959554569,9.799819462,4.575525859,0,0.0,18.19910121,39.82768294,0.0,33.22669761,4.575525859,11.64694084,9.799819462,0.0,27.6949488,33.22669761,30.33183534,0.0,0.0,5.687386275,0.0,0.0,53.5615975,0.0,0.0,27.6949488,30.33183534,0.0,9.49,0.0,0.0,0,0.0,0.0,26.17902562,11.64694084,0.0,0.0,79.44980144,0.0,2.291666667,4.833333333,0.0,1.232685185,1.292777778,10.56316043,0.0,12.96563587,2.154074074,0.5625,19,0,3,0,0,0,1,0,1,0,0,3,5,0,0,0,1,3.0,83.1354,0,0,0,3,0,0,0,0,0,0,0,0,1,0,0,1,0,0,0,0,0,0,0,1,0,0,0,0,0,1.0,60,1.0,0.0,133.0,68.6507,1.2641747190000001,0.4949556614444444,0.834179432,0
CCN(CC)C(N(CC)CC)=[N+](C)C1=CC=CC=C1,16,3,0,0,0,3,0.5625,1.027288596,2.416666667,1.027288596,0.458290277,262.421,234.197,262.2277743,106,0.354713416,-0.265026644,0.354713416,0.265026644,0.842105263,1.263157895,1.631578947,15.39793071,10.29041631,2.241659704,-2.267485155,2.11491861,-2.478047348,5.759576127,-0.418373127,3.275864132,375.7148896,14.25071238,13.05681926,13.05681926,9.18860047,7.345662578,7.345662578,4.539146345,4.539146345,3.536060083,3.536060083,2.404234045,2.404234045,-1.51,18392.50281,15.54717553,7.822482141,3.72428217,117.7057856,0.0,5.687386275,0.0,0.0,0.0,5.959554569,9.799819462,4.575525859,0,0.0,18.19910121,39.82768294,0.0,33.22669761,4.575525859,11.64694084,9.799819462,0.0,27.6949488,33.22669761,30.33183534,0.0,0.0,5.687386275,0.0,0.0,53.5615975,0.0,0.0,27.6949488,30.33183534,0.0,9.49,0.0,0.0,0,0.0,0.0,26.17902562,11.64694084,0.0,0.0,79.44980144,0.0,2.291666667,4.833333333,0.0,1.232685185,1.292777778,10.56316043,0.0,12.96563587,2.154074074,0.5625,19,0,3,0,0,0,1,0,1,0,0,3,5,0,0,0,1,3.0,83.1354,0,0,0,3,0,0,0,0,0,0,0,0,1,0,0,1,0,0,0,0,0,0,0,1,0,0,0,0,0,1.0,60,1.0,0.0,240.0,90.18247,1.2641747190000001,0.4949556614444444,0.834179432,0
CCN(CC)C(N(CC)CC)=[N+](C)C1=CC=CC=C1,16,3,0,0,0,3,0.5625,1.027288596,2.416666667,1.027288596,0.458290277,262.421,234.197,262.2277743,106,0.354713416,-0.265026644,0.354713416,0.265026644,0.842105263,1.263157895,1.631578947,15.39793071,10.29041631,2.241659704,-2.267485155,2.11491861,-2.478047348,5.759576127,-0.418373127,3.275864132,375.7148896,14.25071238,13.05681926,13.05681926,9.18860047,7.345662578,7.345662578,4.539146345,4.539146345,3.536060083,3.536060083,2.404234045,2.404234045,-1.51,18392.50281,15.54717553,7.822482141,3.72428217,117.7057856,0.0,5.687386275,0.0,0.0,0.0,5.959554569,9.799819462,4.575525859,0,0.0,18.19910121,39.82768294,0.0,33.22669761,4.575525859,11.64694084,9.799819462,0.0,27.6949488,33.22669761,30.33183534,0.0,0.0,5.687386275,0.0,0.0,53.5615975,0.0,0.0,27.6949488,30.33183534,0.0,9.49,0.0,0.0,0,0.0,0.0,26.17902562,11.64694084,0.0,0.0,79.44980144,0.0,2.291666667,4.833333333,0.0,1.232685185,1.292777778,10.56316043,0.0,12.96563587,2.154074074,0.5625,19,0,3,0,0,0,1,0,1,0,0,3,5,0,0,0,1,3.0,83.1354,0,0,0,3,0,0,0,0,0,0,0,0,1,0,0,1,0,0,0,0,0,0,0,1,0,0,0,0,0,1.0,60,1.0,0.0,312.0,99.726398,1.2641747190000001,0.4949556614444444,0.834179432,0
CCN(CC)C(N(CC)CC)=[N+](CC)C1=CC=CC=C1,17,3,0,0,0,3,0.588235294,0.978518519,2.447916667,0.978518519,0.447438045,276.448,246.208,276.2434244,112,0.354939954,-0.265018979,0.354939954,0.265018979,0.8,1.25,1.6,15.4021158,10.27781362,2.253175313,-2.276691557,2.132405455,-2.484972968,5.760513215,-0.448467075,3.387735598,389.50311,14.95781916,13.76392604,13.76392604,9.726605273,7.92178353,7.92178353,4.724388281,4.724388281,3.718084501,3.718084501,2.601724931,2.601724931,-1.51,30813.94023,16.54408329,8.619162868,3.748211325,124.0707277,0.0,5.687386275,0.0,0.0,0.0,5.959554569,9.799819462,4.575525859,0,0.0,18.19910121,46.75142014,0.0,32.72378203,4.575525859,11.64694084,9.799819462,0.0,34.618686,32.72378203,30.33183534,0.0,0.0,5.687386275,0.0,0.0,53.05868192,0.0,0.0,34.618686,30.33183534,0.0,9.49,0.0,0.0,0,0.0,0.0,32.72378203,11.64694084,0.0,0.0,79.32586666,0.0,2.416666667,4.895833333,0.0,1.267407407,1.3275,10.67954932,0.0,16.24637661,0.0,0.588235294,20,0,3,0,0,0,1,0,1,0,0,3,6,0,0,0,1,3.3901,87.7524,0,0,0,3,0,0,0,0,0,0,0,0,1,0,0,1,0,0,0,0,0,0,0,1,0,0,0,0,0,1.0,60,1.0,0.0,0.0,0.0,1.2972652373333333,0.5344846003333333,0.8596903484444445,0
CCN(CC)C(N(CC)CC)=[N+](CC)C1=CC=CC=C1,17,3,0,0,0,3,0.588235294,0.978518519,2.447916667,0.978518519,0.447438045,276.448,246.208,276.2434244,112,0.354939954,-0.265018979,0.354939954,0.265018979,0.8,1.25,1.6,15.4021158,10.27781362,2.253175313,-2.276691557,2.132405455,-2.484972968,5.760513215,-0.448467075,3.387735598,389.50311,14.95781916,13.76392604,13.76392604,9.726605273,7.92178353,7.92178353,4.724388281,4.724388281,3.718084501,3.718084501,2.601724931,2.601724931,-1.51,30813.94023,16.54408329,8.619162868,3.748211325,124.0707277,0.0,5.687386275,0.0,0.0,0.0,5.959554569,9.799819462,4.575525859,0,0.0,18.19910121,46.75142014,0.0,32.72378203,4.575525859,11.64694084,9.799819462,0.0,34.618686,32.72378203,30.33183534,0.0,0.0,5.687386275,0.0,0.0,53.05868192,0.0,0.0,34.618686,30.33183534,0.0,9.49,0.0,0.0,0,0.0,0.0,32.72378203,11.64694084,0.0,0.0,79.32586666,0.0,2.416666667,4.895833333,0.0,1.267407407,1.3275,10.67954932,0.0,16.24637661,0.0,0.588235294,20,0,3,0,0,0,1,0,1,0,0,3,6,0,0,0,1,3.3901,87.7524,0,0,0,3,0,0,0,0,0,0,0,0,1,0,0,1,0,0,0,0,0,0,0,1,0,0,0,0,0,1.0,60,1.0,0.0,6.0,3.2686,1.2972652373333333,0.5344846003333333,0.8596903484444445,0
CCN(CC)C(N(CC)CC)=[N+](CC)C1=CC=CC=C1,17,3,0,0,0,3,0.588235294,0.978518519,2.447916667,0.978518519,0.447438045,276.448,246.208,276.2434244,112,0.354939954,-0.265018979,0.354939954,0.265018979,0.8,1.25,1.6,15.4021158,10.27781362,2.253175313,-2.276691557,2.132405455,-2.484972968,5.760513215,-0.448467075,3.387735598,389.50311,14.95781916,13.76392604,13.76392604,9.726605273,7.92178353,7.92178353,4.724388281,4.724388281,3.718084501,3.718084501,2.601724931,2.601724931,-1.51,30813.94023,16.54408329,8.619162868,3.748211325,124.0707277,0.0,5.687386275,0.0,0.0,0.0,5.959554569,9.799819462,4.575525859,0,0.0,18.19910121,46.75142014,0.0,32.72378203,4.575525859,11.64694084,9.799819462,0.0,34.618686,32.72378203,30.33183534,0.0,0.0,5.687386275,0.0,0.0,53.05868192,0.0,0.0,34.618686,30.33183534,0.0,9.49,0.0,0.0,0,0.0,0.0,32.72378203,11.64694084,0.0,0.0,79.32586666,0.0,2.416666667,4.895833333,0.0,1.267407407,1.3275,10.67954932,0.0,16.24637661,0.0,0.588235294,20,0,3,0,0,0,1,0,1,0,0,3,6,0,0,0,1,3.3901,87.7524,0,0,0,3,0,0,0,0,0,0,0,0,1,0,0,1,0,0,0,0,0,0,0,1,0,0,0,0,0,1.0,60,1.0,0.0,12.0,4.5334,1.2972652373333333,0.5344846003333333,0.8596903484444445,0
CCN(CC)C(N(CC)CC)=[N+](CC)C1=CC=CC=C1,17,3,0,0,0,3,0.588235294,0.978518519,2.447916667,0.978518519,0.447438045,276.448,246.208,276.2434244,112,0.354939954,-0.265018979,0.354939954,0.265018979,0.8,1.25,1.6,15.4021158,10.27781362,2.253175313,-2.276691557,2.132405455,-2.484972968,5.760513215,-0.448467075,3.387735598,389.50311,14.95781916,13.76392604,13.76392604,9.726605273,7.92178353,7.92178353,4.724388281,4.724388281,3.718084501,3.718084501,2.601724931,2.601724931,-1.51,30813.94023,16.54408329,8.619162868,3.748211325,124.0707277,0.0,5.687386275,0.0,0.0,0.0,5.959554569,9.799819462,4.575525859,0,0.0,18.19910121,46.75142014,0.0,32.72378203,4.575525859,11.64694084,9.799819462,0.0,34.618686,32.72378203,30.33183534,0.0,0.0,5.687386275,0.0,0.0,53.05868192,0.0,0.0,34.618686,30.33183534,0.0,9.49,0.0,0.0,0,0.0,0.0,32.72378203,11.64694084,0.0,0.0,79.32586666,0.0,2.416666667,4.895833333,0.0,1.267407407,1.3275,10.67954932,0.0,16.24637661,0.0,0.588235294,20,0,3,0,0,0,1,0,1,0,0,3,6,0,0,0,1,3.3901,87.7524,0,0,0,3,0,0,0,0,0,0,0,0,1,0,0,1,0,0,0,0,0,0,0,1,0,0,0,0,0,1.0,60,1.0,0.0,24.0,6.5674,1.2972652373333333,0.5344846003333333,0.8596903484444445,0
CCN(CC)C(N(CC)CC)=[N+](CC)C1=CC=CC=C1,17,3,0,0,0,3,0.588235294,0.978518519,2.447916667,0.978518519,0.447438045,276.448,246.208,276.2434244,112,0.354939954,-0.265018979,0.354939954,0.265018979,0.8,1.25,1.6,15.4021158,10.27781362,2.253175313,-2.276691557,2.132405455,-2.484972968,5.760513215,-0.448467075,3.387735598,389.50311,14.95781916,13.76392604,13.76392604,9.726605273,7.92178353,7.92178353,4.724388281,4.724388281,3.718084501,3.718084501,2.601724931,2.601724931,-1.51,30813.94023,16.54408329,8.619162868,3.748211325,124.0707277,0.0,5.687386275,0.0,0.0,0.0,5.959554569,9.799819462,4.575525859,0,0.0,18.19910121,46.75142014,0.0,32.72378203,4.575525859,11.64694084,9.799819462,0.0,34.618686,32.72378203,30.33183534,0.0,0.0,5.687386275,0.0,0.0,53.05868192,0.0,0.0,34.618686,30.33183534,0.0,9.49,0.0,0.0,0,0.0,0.0,32.72378203,11.64694084,0.0,0.0,79.32586666,0.0,2.416666667,4.895833333,0.0,1.267407407,1.3275,10.67954932,0.0,16.24637661,0.0,0.588235294,20,0,3,0,0,0,1,0,1,0,0,3,6,0,0,0,1,3.3901,87.7524,0,0,0,3,0,0,0,0,0,0,0,0,1,0,0,1,0,0,0,0,0,0,0,1,0,0,0,0,0,1.0,60,1.0,0.0,30.0,8.8526,1.2972652373333333,0.5344846003333333,0.8596903484444445,0
CCN(CC)C(N(CC)CC)=[N+](CC)C1=CC=CC=C1,17,3,0,0,0,3,0.588235294,0.978518519,2.447916667,0.978518519,0.447438045,276.448,246.208,276.2434244,112,0.354939954,-0.265018979,0.354939954,0.265018979,0.8,1.25,1.6,15.4021158,10.27781362,2.253175313,-2.276691557,2.132405455,-2.484972968,5.760513215,-0.448467075,3.387735598,389.50311,14.95781916,13.76392604,13.76392604,9.726605273,7.92178353,7.92178353,4.724388281,4.724388281,3.718084501,3.718084501,2.601724931,2.601724931,-1.51,30813.94023,16.54408329,8.619162868,3.748211325,124.0707277,0.0,5.687386275,0.0,0.0,0.0,5.959554569,9.799819462,4.575525859,0,0.0,18.19910121,46.75142014,0.0,32.72378203,4.575525859,11.64694084,9.799819462,0.0,34.618686,32.72378203,30.33183534,0.0,0.0,5.687386275,0.0,0.0,53.05868192,0.0,0.0,34.618686,30.33183534,0.0,9.49,0.0,0.0,0,0.0,0.0,32.72378203,11.64694084,0.0,0.0,79.32586666,0.0,2.416666667,4.895833333,0.0,1.267407407,1.3275,10.67954932,0.0,16.24637661,0.0,0.588235294,20,0,3,0,0,0,1,0,1,0,0,3,6,0,0,0,1,3.3901,87.7524,0,0,0,3,0,0,0,0,0,0,0,0,1,0,0,1,0,0,0,0,0,0,0,1,0,0,0,0,0,1.0,60,1.0,0.0,96.0,25.5969,1.2972652373333333,0.5344846003333333,0.8596903484444445,0
CCN(CC)C(N(CC)CC)=[N+](CC)C1=CC=CC=C1,17,3,0,0,0,3,0.588235294,0.978518519,2.447916667,0.978518519,0.447438045,276.448,246.208,276.2434244,112,0.354939954,-0.265018979,0.354939954,0.265018979,0.8,1.25,1.6,15.4021158,10.27781362,2.253175313,-2.276691557,2.132405455,-2.484972968,5.760513215,-0.448467075,3.387735598,389.50311,14.95781916,13.76392604,13.76392604,9.726605273,7.92178353,7.92178353,4.724388281,4.724388281,3.718084501,3.718084501,2.601724931,2.601724931,-1.51,30813.94023,16.54408329,8.619162868,3.748211325,124.0707277,0.0,5.687386275,0.0,0.0,0.0,5.959554569,9.799819462,4.575525859,0,0.0,18.19910121,46.75142014,0.0,32.72378203,4.575525859,11.64694084,9.799819462,0.0,34.618686,32.72378203,30.33183534,0.0,0.0,5.687386275,0.0,0.0,53.05868192,0.0,0.0,34.618686,30.33183534,0.0,9.49,0.0,0.0,0,0.0,0.0,32.72378203,11.64694084,0.0,0.0,79.32586666,0.0,2.416666667,4.895833333,0.0,1.267407407,1.3275,10.67954932,0.0,16.24637661,0.0,0.588235294,20,0,3,0,0,0,1,0,1,0,0,3,6,0,0,0,1,3.3901,87.7524,0,0,0,3,0,0,0,0,0,0,0,0,1,0,0,1,0,0,0,0,0,0,0,1,0,0,0,0,0,1.0,60,1.0,0.0,133.0,35.9967,1.2972652373333333,0.5344846003333333,0.8596903484444445,0
CCN(CC)C(N(CC)CC)=[N+](CC)C1=CC=CC=C1,17,3,0,0,0,3,0.588235294,0.978518519,2.447916667,0.978518519,0.447438045,276.448,246.208,276.2434244,112,0.354939954,-0.265018979,0.354939954,0.265018979,0.8,1.25,1.6,15.4021158,10.27781362,2.253175313,-2.276691557,2.132405455,-2.484972968,5.760513215,-0.448467075,3.387735598,389.50311,14.95781916,13.76392604,13.76392604,9.726605273,7.92178353,7.92178353,4.724388281,4.724388281,3.718084501,3.718084501,2.601724931,2.601724931,-1.51,30813.94023,16.54408329,8.619162868,3.748211325,124.0707277,0.0,5.687386275,0.0,0.0,0.0,5.959554569,9.799819462,4.575525859,0,0.0,18.19910121,46.75142014,0.0,32.72378203,4.575525859,11.64694084,9.799819462,0.0,34.618686,32.72378203,30.33183534,0.0,0.0,5.687386275,0.0,0.0,53.05868192,0.0,0.0,34.618686,30.33183534,0.0,9.49,0.0,0.0,0,0.0,0.0,32.72378203,11.64694084,0.0,0.0,79.32586666,0.0,2.416666667,4.895833333,0.0,1.267407407,1.3275,10.67954932,0.0,16.24637661,0.0,0.588235294,20,0,3,0,0,0,1,0,1,0,0,3,6,0,0,0,1,3.3901,87.7524,0,0,0,3,0,0,0,0,0,0,0,0,1,0,0,1,0,0,0,0,0,0,0,1,0,0,0,0,0,1.0,60,1.0,0.0,240.0,65.4366,1.2972652373333333,0.5344846003333333,0.8596903484444445,0
CCN(CC)C(N(CC)CC)=[N+](CC)C1=CC=CC=C1,17,3,0,0,0,3,0.588235294,0.978518519,2.447916667,0.978518519,0.447438045,276.448,246.208,276.2434244,112,0.354939954,-0.265018979,0.354939954,0.265018979,0.8,1.25,1.6,15.4021158,10.27781362,2.253175313,-2.276691557,2.132405455,-2.484972968,5.760513215,-0.448467075,3.387735598,389.50311,14.95781916,13.76392604,13.76392604,9.726605273,7.92178353,7.92178353,4.724388281,4.724388281,3.718084501,3.718084501,2.601724931,2.601724931,-1.51,30813.94023,16.54408329,8.619162868,3.748211325,124.0707277,0.0,5.687386275,0.0,0.0,0.0,5.959554569,9.799819462,4.575525859,0,0.0,18.19910121,46.75142014,0.0,32.72378203,4.575525859,11.64694084,9.799819462,0.0,34.618686,32.72378203,30.33183534,0.0,0.0,5.687386275,0.0,0.0,53.05868192,0.0,0.0,34.618686,30.33183534,0.0,9.49,0.0,0.0,0,0.0,0.0,32.72378203,11.64694084,0.0,0.0,79.32586666,0.0,2.416666667,4.895833333,0.0,1.267407407,1.3275,10.67954932,0.0,16.24637661,0.0,0.588235294,20,0,3,0,0,0,1,0,1,0,0,3,6,0,0,0,1,3.3901,87.7524,0,0,0,3,0,0,0,0,0,0,0,0,1,0,0,1,0,0,0,0,0,0,0,1,0,0,0,0,0,1.0,60,1.0,0.0,312.0,89.5204,1.2972652373333333,0.5344846003333333,0.8596903484444445,0
CN(C)C(N(C)C)=[N+](C)CC1=CC=CC=C1,13,3,0,0,0,3,0.461538462,0.923148148,2.24537037,0.923148148,0.422171489,220.34,198.164,220.1808241,88,0.349140903,-0.270209268,0.349140903,0.270209268,1.0,1.5,1.9375,15.36322853,10.2020442,2.151624946,-2.188533892,2.005641981,-2.414343744,5.734873991,-0.523250374,2.901029662,342.7002729,12.12939203,10.93549891,10.93549891,7.519744508,5.48735313,5.48735313,4.430515271,4.430515271,2.403991029,2.403991029,2.010834496,2.010834496,-1.51,3020.911892,12.55901311,5.540043161,3.260044925,98.61095923,0.0,0.0,0.0,0.0,0.0,5.959554569,14.37534532,0.0,0,0.0,30.33183534,5.563451492,0.0,41.78311632,4.575525859,5.959554569,9.799819462,0.0,6.544756406,35.23835991,35.89528683,0.0,0.0,0.0,0.0,0.0,55.5732598,6.544756406,0.0,5.563451492,30.33183534,0.0,9.49,0.0,0.0,0,0.0,0.0,6.544756406,11.52300606,0.0,6.066367068,73.87917351,0.0,2.24537037,4.255833333,0.0,1.325185185,1.198012094,10.50717309,0.0,0.923148148,10.37861111,0.461538462,16,0,3,0,0,0,1,0,1,0,0,3,2,0,0,0,1,1.3081,68.7114,0,0,0,3,0,0,0,0,0,0,0,0,1,0,0,1,0,0,0,0,0,0,0,0,0,0,0,0,0,1.0,60,1.0,0.0,0.0,0.0,1.0337721733103449,0.314317454,0.9136971473448277,0
CN(C)C(N(C)C)=[N+](C)CC1=CC=CC=C1,13,3,0,0,0,3,0.461538462,0.923148148,2.24537037,0.923148148,0.422171489,220.34,198.164,220.1808241,88,0.349140903,-0.270209268,0.349140903,0.270209268,1.0,1.5,1.9375,15.36322853,10.2020442,2.151624946,-2.188533892,2.005641981,-2.414343744,5.734873991,-0.523250374,2.901029662,342.7002729,12.12939203,10.93549891,10.93549891,7.519744508,5.48735313,5.48735313,4.430515271,4.430515271,2.403991029,2.403991029,2.010834496,2.010834496,-1.51,3020.911892,12.55901311,5.540043161,3.260044925,98.61095923,0.0,0.0,0.0,0.0,0.0,5.959554569,14.37534532,0.0,0,0.0,30.33183534,5.563451492,0.0,41.78311632,4.575525859,5.959554569,9.799819462,0.0,6.544756406,35.23835991,35.89528683,0.0,0.0,0.0,0.0,0.0,55.5732598,6.544756406,0.0,5.563451492,30.33183534,0.0,9.49,0.0,0.0,0,0.0,0.0,6.544756406,11.52300606,0.0,6.066367068,73.87917351,0.0,2.24537037,4.255833333,0.0,1.325185185,1.198012094,10.50717309,0.0,0.923148148,10.37861111,0.461538462,16,0,3,0,0,0,1,0,1,0,0,3,2,0,0,0,1,1.3081,68.7114,0,0,0,3,0,0,0,0,0,0,0,0,1,0,0,1,0,0,0,0,0,0,0,0,0,0,0,0,0,1.0,60,1.0,0.0,6.0,66.7861,1.0337721733103449,0.314317454,0.9136971473448277,0
CN(C)C(N(C)C)=[N+](C)CC1=CC=CC=C1,13,3,0,0,0,3,0.461538462,0.923148148,2.24537037,0.923148148,0.422171489,220.34,198.164,220.1808241,88,0.349140903,-0.270209268,0.349140903,0.270209268,1.0,1.5,1.9375,15.36322853,10.2020442,2.151624946,-2.188533892,2.005641981,-2.414343744,5.734873991,-0.523250374,2.901029662,342.7002729,12.12939203,10.93549891,10.93549891,7.519744508,5.48735313,5.48735313,4.430515271,4.430515271,2.403991029,2.403991029,2.010834496,2.010834496,-1.51,3020.911892,12.55901311,5.540043161,3.260044925,98.61095923,0.0,0.0,0.0,0.0,0.0,5.959554569,14.37534532,0.0,0,0.0,30.33183534,5.563451492,0.0,41.78311632,4.575525859,5.959554569,9.799819462,0.0,6.544756406,35.23835991,35.89528683,0.0,0.0,0.0,0.0,0.0,55.5732598,6.544756406,0.0,5.563451492,30.33183534,0.0,9.49,0.0,0.0,0,0.0,0.0,6.544756406,11.52300606,0.0,6.066367068,73.87917351,0.0,2.24537037,4.255833333,0.0,1.325185185,1.198012094,10.50717309,0.0,0.923148148,10.37861111,0.461538462,16,0,3,0,0,0,1,0,1,0,0,3,2,0,0,0,1,1.3081,68.7114,0,0,0,3,0,0,0,0,0,0,0,0,1,0,0,1,0,0,0,0,0,0,0,0,0,0,0,0,0,1.0,60,1.0,0.0,12.0,91.26811,1.0337721733103449,0.314317454,0.9136971473448277,0
CN(C)C(N(C)C)=[N+](C)CC1=CC=CC=C1,13,3,0,0,0,3,0.461538462,0.923148148,2.24537037,0.923148148,0.422171489,220.34,198.164,220.1808241,88,0.349140903,-0.270209268,0.349140903,0.270209268,1.0,1.5,1.9375,15.36322853,10.2020442,2.151624946,-2.188533892,2.005641981,-2.414343744,5.734873991,-0.523250374,2.901029662,342.7002729,12.12939203,10.93549891,10.93549891,7.519744508,5.48735313,5.48735313,4.430515271,4.430515271,2.403991029,2.403991029,2.010834496,2.010834496,-1.51,3020.911892,12.55901311,5.540043161,3.260044925,98.61095923,0.0,0.0,0.0,0.0,0.0,5.959554569,14.37534532,0.0,0,0.0,30.33183534,5.563451492,0.0,41.78311632,4.575525859,5.959554569,9.799819462,0.0,6.544756406,35.23835991,35.89528683,0.0,0.0,0.0,0.0,0.0,55.5732598,6.544756406,0.0,5.563451492,30.33183534,0.0,9.49,0.0,0.0,0,0.0,0.0,6.544756406,11.52300606,0.0,6.066367068,73.87917351,0.0,2.24537037,4.255833333,0.0,1.325185185,1.198012094,10.50717309,0.0,0.923148148,10.37861111,0.461538462,16,0,3,0,0,0,1,0,1,0,0,3,2,0,0,0,1,1.3081,68.7114,0,0,0,3,0,0,0,0,0,0,0,0,1,0,0,1,0,0,0,0,0,0,0,0,0,0,0,0,0,1.0,60,1.0,0.0,24.0,100.0,1.0337721733103449,0.314317454,0.9136971473448277,0
CN(C)C(N(C)C)=[N+](C)CC1=CC=CC=C1,13,3,0,0,0,3,0.461538462,0.923148148,2.24537037,0.923148148,0.422171489,220.34,198.164,220.1808241,88,0.349140903,-0.270209268,0.349140903,0.270209268,1.0,1.5,1.9375,15.36322853,10.2020442,2.151624946,-2.188533892,2.005641981,-2.414343744,5.734873991,-0.523250374,2.901029662,342.7002729,12.12939203,10.93549891,10.93549891,7.519744508,5.48735313,5.48735313,4.430515271,4.430515271,2.403991029,2.403991029,2.010834496,2.010834496,-1.51,3020.911892,12.55901311,5.540043161,3.260044925,98.61095923,0.0,0.0,0.0,0.0,0.0,5.959554569,14.37534532,0.0,0,0.0,30.33183534,5.563451492,0.0,41.78311632,4.575525859,5.959554569,9.799819462,0.0,6.544756406,35.23835991,35.89528683,0.0,0.0,0.0,0.0,0.0,55.5732598,6.544756406,0.0,5.563451492,30.33183534,0.0,9.49,0.0,0.0,0,0.0,0.0,6.544756406,11.52300606,0.0,6.066367068,73.87917351,0.0,2.24537037,4.255833333,0.0,1.325185185,1.198012094,10.50717309,0.0,0.923148148,10.37861111,0.461538462,16,0,3,0,0,0,1,0,1,0,0,3,2,0,0,0,1,1.3081,68.7114,0,0,0,3,0,0,0,0,0,0,0,0,1,0,0,1,0,0,0,0,0,0,0,0,0,0,0,0,0,1.0,60,1.0,0.0,30.0,100.0,1.0337721733103449,0.314317454,0.9136971473448277,0
CN(C)C(N(C)C)=[N+](C)CC1=CC=CC=C1,13,3,0,0,0,3,0.461538462,0.923148148,2.24537037,0.923148148,0.422171489,220.34,198.164,220.1808241,88,0.349140903,-0.270209268,0.349140903,0.270209268,1.0,1.5,1.9375,15.36322853,10.2020442,2.151624946,-2.188533892,2.005641981,-2.414343744,5.734873991,-0.523250374,2.901029662,342.7002729,12.12939203,10.93549891,10.93549891,7.519744508,5.48735313,5.48735313,4.430515271,4.430515271,2.403991029,2.403991029,2.010834496,2.010834496,-1.51,3020.911892,12.55901311,5.540043161,3.260044925,98.61095923,0.0,0.0,0.0,0.0,0.0,5.959554569,14.37534532,0.0,0,0.0,30.33183534,5.563451492,0.0,41.78311632,4.575525859,5.959554569,9.799819462,0.0,6.544756406,35.23835991,35.89528683,0.0,0.0,0.0,0.0,0.0,55.5732598,6.544756406,0.0,5.563451492,30.33183534,0.0,9.49,0.0,0.0,0,0.0,0.0,6.544756406,11.52300606,0.0,6.066367068,73.87917351,0.0,2.24537037,4.255833333,0.0,1.325185185,1.198012094,10.50717309,0.0,0.923148148,10.37861111,0.461538462,16,0,3,0,0,0,1,0,1,0,0,3,2,0,0,0,1,1.3081,68.7114,0,0,0,3,0,0,0,0,0,0,0,0,1,0,0,1,0,0,0,0,0,0,0,0,0,0,0,0,0,1.0,60,1.0,0.0,96.0,100.0,1.0337721733103449,0.314317454,0.9136971473448277,0
CN(C)C(N(C)C)=[N+](C)CC1=CC=CC=C1,13,3,0,0,0,3,0.461538462,0.923148148,2.24537037,0.923148148,0.422171489,220.34,198.164,220.1808241,88,0.349140903,-0.270209268,0.349140903,0.270209268,1.0,1.5,1.9375,15.36322853,10.2020442,2.151624946,-2.188533892,2.005641981,-2.414343744,5.734873991,-0.523250374,2.901029662,342.7002729,12.12939203,10.93549891,10.93549891,7.519744508,5.48735313,5.48735313,4.430515271,4.430515271,2.403991029,2.403991029,2.010834496,2.010834496,-1.51,3020.911892,12.55901311,5.540043161,3.260044925,98.61095923,0.0,0.0,0.0,0.0,0.0,5.959554569,14.37534532,0.0,0,0.0,30.33183534,5.563451492,0.0,41.78311632,4.575525859,5.959554569,9.799819462,0.0,6.544756406,35.23835991,35.89528683,0.0,0.0,0.0,0.0,0.0,55.5732598,6.544756406,0.0,5.563451492,30.33183534,0.0,9.49,0.0,0.0,0,0.0,0.0,6.544756406,11.52300606,0.0,6.066367068,73.87917351,0.0,2.24537037,4.255833333,0.0,1.325185185,1.198012094,10.50717309,0.0,0.923148148,10.37861111,0.461538462,16,0,3,0,0,0,1,0,1,0,0,3,2,0,0,0,1,1.3081,68.7114,0,0,0,3,0,0,0,0,0,0,0,0,1,0,0,1,0,0,0,0,0,0,0,0,0,0,0,0,0,1.0,60,1.0,0.0,133.0,100.0,1.0337721733103449,0.314317454,0.9136971473448277,0
CN(C)C(N(C)C)=[N+](C)CC1=CC=CC=C1,13,3,0,0,0,3,0.461538462,0.923148148,2.24537037,0.923148148,0.422171489,220.34,198.164,220.1808241,88,0.349140903,-0.270209268,0.349140903,0.270209268,1.0,1.5,1.9375,15.36322853,10.2020442,2.151624946,-2.188533892,2.005641981,-2.414343744,5.734873991,-0.523250374,2.901029662,342.7002729,12.12939203,10.93549891,10.93549891,7.519744508,5.48735313,5.48735313,4.430515271,4.430515271,2.403991029,2.403991029,2.010834496,2.010834496,-1.51,3020.911892,12.55901311,5.540043161,3.260044925,98.61095923,0.0,0.0,0.0,0.0,0.0,5.959554569,14.37534532,0.0,0,0.0,30.33183534,5.563451492,0.0,41.78311632,4.575525859,5.959554569,9.799819462,0.0,6.544756406,35.23835991,35.89528683,0.0,0.0,0.0,0.0,0.0,55.5732598,6.544756406,0.0,5.563451492,30.33183534,0.0,9.49,0.0,0.0,0,0.0,0.0,6.544756406,11.52300606,0.0,6.066367068,73.87917351,0.0,2.24537037,4.255833333,0.0,1.325185185,1.198012094,10.50717309,0.0,0.923148148,10.37861111,0.461538462,16,0,3,0,0,0,1,0,1,0,0,3,2,0,0,0,1,1.3081,68.7114,0,0,0,3,0,0,0,0,0,0,0,0,1,0,0,1,0,0,0,0,0,0,0,0,0,0,0,0,0,1.0,60,1.0,0.0,240.0,100.0,1.0337721733103449,0.314317454,0.9136971473448277,0
CN(C)C(N(C)C)=[N+](C)CC1=CC=CC=C1,13,3,0,0,0,3,0.461538462,0.923148148,2.24537037,0.923148148,0.422171489,220.34,198.164,220.1808241,88,0.349140903,-0.270209268,0.349140903,0.270209268,1.0,1.5,1.9375,15.36322853,10.2020442,2.151624946,-2.188533892,2.005641981,-2.414343744,5.734873991,-0.523250374,2.901029662,342.7002729,12.12939203,10.93549891,10.93549891,7.519744508,5.48735313,5.48735313,4.430515271,4.430515271,2.403991029,2.403991029,2.010834496,2.010834496,-1.51,3020.911892,12.55901311,5.540043161,3.260044925,98.61095923,0.0,0.0,0.0,0.0,0.0,5.959554569,14.37534532,0.0,0,0.0,30.33183534,5.563451492,0.0,41.78311632,4.575525859,5.959554569,9.799819462,0.0,6.544756406,35.23835991,35.89528683,0.0,0.0,0.0,0.0,0.0,55.5732598,6.544756406,0.0,5.563451492,30.33183534,0.0,9.49,0.0,0.0,0,0.0,0.0,6.544756406,11.52300606,0.0,6.066367068,73.87917351,0.0,2.24537037,4.255833333,0.0,1.325185185,1.198012094,10.50717309,0.0,0.923148148,10.37861111,0.461538462,16,0,3,0,0,0,1,0,1,0,0,3,2,0,0,0,1,1.3081,68.7114,0,0,0,3,0,0,0,0,0,0,0,0,1,0,0,1,0,0,0,0,0,0,0,0,0,0,0,0,0,1.0,60,1.0,0.0,312.0,100.0,1.0337721733103449,0.314317454,0.9136971473448277,0
CCN(CC)C(N(CC)CC)=[N+](CC)CC1=CC=CC=C1,18,3,0,0,0,3,0.611111111,0.971898148,2.49537037,0.971898148,0.433048247,290.475,258.219,290.2590744,118,0.35019741,-0.265352309,0.35019741,0.265352309,0.80952381,1.285714286,1.666666667,15.40068821,10.19524593,2.245708483,-2.278669427,2.055800319,-2.493175941,5.748202077,-0.550013585,3.192723912,403.3493961,15.66492594,14.47103282,14.47103282,10.20976852,8.367957888,8.367957888,5.144354964,5.144354964,3.97339073,3.97339073,2.740640818,2.740640818,-1.51,49441.12032,17.54130836,9.43059208,4.762980459,130.4356698,0.0,0.0,0.0,0.0,0.0,5.959554569,14.37534532,0.0,0,0.0,30.33183534,40.18213749,0.0,39.26853844,4.575525859,5.959554569,9.799819462,0.0,41.1634424,32.72378203,35.89528683,0.0,0.0,0.0,0.0,0.0,53.05868192,6.544756406,0.0,40.18213749,30.33183534,0.0,9.49,0.0,0.0,0,0.0,0.0,39.26853844,11.52300606,0.0,0.0,79.32586666,0.0,2.49537037,4.943333333,0.0,1.371446523,1.371623205,10.75397896,0.0,17.39758094,0.0,0.611111111,21,0,3,0,0,0,1,0,1,0,0,3,7,0,0,0,1,3.2586,91.7964,0,0,0,3,0,0,0,0,0,0,0,0,1,0,0,1,0,0,0,0,0,0,0,0,0,0,0,0,0,1.0,60,1.0,0.0,0.0,0.0,1.2804167027777777,0.4503669367777777,0.8781679293333333,0
CCN(CC)C(N(CC)CC)=[N+](CC)CC1=CC=CC=C1,18,3,0,0,0,3,0.611111111,0.971898148,2.49537037,0.971898148,0.433048247,290.475,258.219,290.2590744,118,0.35019741,-0.265352309,0.35019741,0.265352309,0.80952381,1.285714286,1.666666667,15.40068821,10.19524593,2.245708483,-2.278669427,2.055800319,-2.493175941,5.748202077,-0.550013585,3.192723912,403.3493961,15.66492594,14.47103282,14.47103282,10.20976852,8.367957888,8.367957888,5.144354964,5.144354964,3.97339073,3.97339073,2.740640818,2.740640818,-1.51,49441.12032,17.54130836,9.43059208,4.762980459,130.4356698,0.0,0.0,0.0,0.0,0.0,5.959554569,14.37534532,0.0,0,0.0,30.33183534,40.18213749,0.0,39.26853844,4.575525859,5.959554569,9.799819462,0.0,41.1634424,32.72378203,35.89528683,0.0,0.0,0.0,0.0,0.0,53.05868192,6.544756406,0.0,40.18213749,30.33183534,0.0,9.49,0.0,0.0,0,0.0,0.0,39.26853844,11.52300606,0.0,0.0,79.32586666,0.0,2.49537037,4.943333333,0.0,1.371446523,1.371623205,10.75397896,0.0,17.39758094,0.0,0.611111111,21,0,3,0,0,0,1,0,1,0,0,3,7,0,0,0,1,3.2586,91.7964,0,0,0,3,0,0,0,0,0,0,0,0,1,0,0,1,0,0,0,0,0,0,0,0,0,0,0,0,0,1.0,60,1.0,0.0,6.0,0.2054,1.2804167027777777,0.4503669367777777,0.8781679293333333,0
CCN(CC)C(N(CC)CC)=[N+](CC)CC1=CC=CC=C1,18,3,0,0,0,3,0.611111111,0.971898148,2.49537037,0.971898148,0.433048247,290.475,258.219,290.2590744,118,0.35019741,-0.265352309,0.35019741,0.265352309,0.80952381,1.285714286,1.666666667,15.40068821,10.19524593,2.245708483,-2.278669427,2.055800319,-2.493175941,5.748202077,-0.550013585,3.192723912,403.3493961,15.66492594,14.47103282,14.47103282,10.20976852,8.367957888,8.367957888,5.144354964,5.144354964,3.97339073,3.97339073,2.740640818,2.740640818,-1.51,49441.12032,17.54130836,9.43059208,4.762980459,130.4356698,0.0,0.0,0.0,0.0,0.0,5.959554569,14.37534532,0.0,0,0.0,30.33183534,40.18213749,0.0,39.26853844,4.575525859,5.959554569,9.799819462,0.0,41.1634424,32.72378203,35.89528683,0.0,0.0,0.0,0.0,0.0,53.05868192,6.544756406,0.0,40.18213749,30.33183534,0.0,9.49,0.0,0.0,0,0.0,0.0,39.26853844,11.52300606,0.0,0.0,79.32586666,0.0,2.49537037,4.943333333,0.0,1.371446523,1.371623205,10.75397896,0.0,17.39758094,0.0,0.611111111,21,0,3,0,0,0,1,0,1,0,0,3,7,0,0,0,1,3.2586,91.7964,0,0,0,3,0,0,0,0,0,0,0,0,1,0,0,1,0,0,0,0,0,0,0,0,0,0,0,0,0,1.0,60,1.0,0.0,12.0,0.4508,1.2804167027777777,0.4503669367777777,0.8781679293333333,0
CCN(CC)C(N(CC)CC)=[N+](CC)CC1=CC=CC=C1,18,3,0,0,0,3,0.611111111,0.971898148,2.49537037,0.971898148,0.433048247,290.475,258.219,290.2590744,118,0.35019741,-0.265352309,0.35019741,0.265352309,0.80952381,1.285714286,1.666666667,15.40068821,10.19524593,2.245708483,-2.278669427,2.055800319,-2.493175941,5.748202077,-0.550013585,3.192723912,403.3493961,15.66492594,14.47103282,14.47103282,10.20976852,8.367957888,8.367957888,5.144354964,5.144354964,3.97339073,3.97339073,2.740640818,2.740640818,-1.51,49441.12032,17.54130836,9.43059208,4.762980459,130.4356698,0.0,0.0,0.0,0.0,0.0,5.959554569,14.37534532,0.0,0,0.0,30.33183534,40.18213749,0.0,39.26853844,4.575525859,5.959554569,9.799819462,0.0,41.1634424,32.72378203,35.89528683,0.0,0.0,0.0,0.0,0.0,53.05868192,6.544756406,0.0,40.18213749,30.33183534,0.0,9.49,0.0,0.0,0,0.0,0.0,39.26853844,11.52300606,0.0,0.0,79.32586666,0.0,2.49537037,4.943333333,0.0,1.371446523,1.371623205,10.75397896,0.0,17.39758094,0.0,0.611111111,21,0,3,0,0,0,1,0,1,0,0,3,7,0,0,0,1,3.2586,91.7964,0,0,0,3,0,0,0,0,0,0,0,0,1,0,0,1,0,0,0,0,0,0,0,0,0,0,0,0,0,1.0,60,1.0,0.0,24.0,0.442,1.2804167027777777,0.4503669367777777,0.8781679293333333,0
CCN(CC)C(N(CC)CC)=[N+](CC)CC1=CC=CC=C1,18,3,0,0,0,3,0.611111111,0.971898148,2.49537037,0.971898148,0.433048247,290.475,258.219,290.2590744,118,0.35019741,-0.265352309,0.35019741,0.265352309,0.80952381,1.285714286,1.666666667,15.40068821,10.19524593,2.245708483,-2.278669427,2.055800319,-2.493175941,5.748202077,-0.550013585,3.192723912,403.3493961,15.66492594,14.47103282,14.47103282,10.20976852,8.367957888,8.367957888,5.144354964,5.144354964,3.97339073,3.97339073,2.740640818,2.740640818,-1.51,49441.12032,17.54130836,9.43059208,4.762980459,130.4356698,0.0,0.0,0.0,0.0,0.0,5.959554569,14.37534532,0.0,0,0.0,30.33183534,40.18213749,0.0,39.26853844,4.575525859,5.959554569,9.799819462,0.0,41.1634424,32.72378203,35.89528683,0.0,0.0,0.0,0.0,0.0,53.05868192,6.544756406,0.0,40.18213749,30.33183534,0.0,9.49,0.0,0.0,0,0.0,0.0,39.26853844,11.52300606,0.0,0.0,79.32586666,0.0,2.49537037,4.943333333,0.0,1.371446523,1.371623205,10.75397896,0.0,17.39758094,0.0,0.611111111,21,0,3,0,0,0,1,0,1,0,0,3,7,0,0,0,1,3.2586,91.7964,0,0,0,3,0,0,0,0,0,0,0,0,1,0,0,1,0,0,0,0,0,0,0,0,0,0,0,0,0,1.0,60,1.0,0.0,30.0,0.4323,1.2804167027777777,0.4503669367777777,0.8781679293333333,0
CCN(CC)C(N(CC)CC)=[N+](CC)CC1=CC=CC=C1,18,3,0,0,0,3,0.611111111,0.971898148,2.49537037,0.971898148,0.433048247,290.475,258.219,290.2590744,118,0.35019741,-0.265352309,0.35019741,0.265352309,0.80952381,1.285714286,1.666666667,15.40068821,10.19524593,2.245708483,-2.278669427,2.055800319,-2.493175941,5.748202077,-0.550013585,3.192723912,403.3493961,15.66492594,14.47103282,14.47103282,10.20976852,8.367957888,8.367957888,5.144354964,5.144354964,3.97339073,3.97339073,2.740640818,2.740640818,-1.51,49441.12032,17.54130836,9.43059208,4.762980459,130.4356698,0.0,0.0,0.0,0.0,0.0,5.959554569,14.37534532,0.0,0,0.0,30.33183534,40.18213749,0.0,39.26853844,4.575525859,5.959554569,9.799819462,0.0,41.1634424,32.72378203,35.89528683,0.0,0.0,0.0,0.0,0.0,53.05868192,6.544756406,0.0,40.18213749,30.33183534,0.0,9.49,0.0,0.0,0,0.0,0.0,39.26853844,11.52300606,0.0,0.0,79.32586666,0.0,2.49537037,4.943333333,0.0,1.371446523,1.371623205,10.75397896,0.0,17.39758094,0.0,0.611111111,21,0,3,0,0,0,1,0,1,0,0,3,7,0,0,0,1,3.2586,91.7964,0,0,0,3,0,0,0,0,0,0,0,0,1,0,0,1,0,0,0,0,0,0,0,0,0,0,0,0,0,1.0,60,1.0,0.0,96.0,0.851,1.2804167027777777,0.4503669367777777,0.8781679293333333,0
CCN(CC)C(N(CC)CC)=[N+](CC)CC1=CC=CC=C1,18,3,0,0,0,3,0.611111111,0.971898148,2.49537037,0.971898148,0.433048247,290.475,258.219,290.2590744,118,0.35019741,-0.265352309,0.35019741,0.265352309,0.80952381,1.285714286,1.666666667,15.40068821,10.19524593,2.245708483,-2.278669427,2.055800319,-2.493175941,5.748202077,-0.550013585,3.192723912,403.3493961,15.66492594,14.47103282,14.47103282,10.20976852,8.367957888,8.367957888,5.144354964,5.144354964,3.97339073,3.97339073,2.740640818,2.740640818,-1.51,49441.12032,17.54130836,9.43059208,4.762980459,130.4356698,0.0,0.0,0.0,0.0,0.0,5.959554569,14.37534532,0.0,0,0.0,30.33183534,40.18213749,0.0,39.26853844,4.575525859,5.959554569,9.799819462,0.0,41.1634424,32.72378203,35.89528683,0.0,0.0,0.0,0.0,0.0,53.05868192,6.544756406,0.0,40.18213749,30.33183534,0.0,9.49,0.0,0.0,0,0.0,0.0,39.26853844,11.52300606,0.0,0.0,79.32586666,0.0,2.49537037,4.943333333,0.0,1.371446523,1.371623205,10.75397896,0.0,17.39758094,0.0,0.611111111,21,0,3,0,0,0,1,0,1,0,0,3,7,0,0,0,1,3.2586,91.7964,0,0,0,3,0,0,0,0,0,0,0,0,1,0,0,1,0,0,0,0,0,0,0,0,0,0,0,0,0,1.0,60,1.0,0.0,133.0,2.5783,1.2804167027777777,0.4503669367777777,0.8781679293333333,0
CCN(CC)C(N(CC)CC)=[N+](CC)CC1=CC=CC=C1,18,3,0,0,0,3,0.611111111,0.971898148,2.49537037,0.971898148,0.433048247,290.475,258.219,290.2590744,118,0.35019741,-0.265352309,0.35019741,0.265352309,0.80952381,1.285714286,1.666666667,15.40068821,10.19524593,2.245708483,-2.278669427,2.055800319,-2.493175941,5.748202077,-0.550013585,3.192723912,403.3493961,15.66492594,14.47103282,14.47103282,10.20976852,8.367957888,8.367957888,5.144354964,5.144354964,3.97339073,3.97339073,2.740640818,2.740640818,-1.51,49441.12032,17.54130836,9.43059208,4.762980459,130.4356698,0.0,0.0,0.0,0.0,0.0,5.959554569,14.37534532,0.0,0,0.0,30.33183534,40.18213749,0.0,39.26853844,4.575525859,5.959554569,9.799819462,0.0,41.1634424,32.72378203,35.89528683,0.0,0.0,0.0,0.0,0.0,53.05868192,6.544756406,0.0,40.18213749,30.33183534,0.0,9.49,0.0,0.0,0,0.0,0.0,39.26853844,11.52300606,0.0,0.0,79.32586666,0.0,2.49537037,4.943333333,0.0,1.371446523,1.371623205,10.75397896,0.0,17.39758094,0.0,0.611111111,21,0,3,0,0,0,1,0,1,0,0,3,7,0,0,0,1,3.2586,91.7964,0,0,0,3,0,0,0,0,0,0,0,0,1,0,0,1,0,0,0,0,0,0,0,0,0,0,0,0,0,1.0,60,1.0,0.0,240.0,6.7651,1.2804167027777777,0.4503669367777777,0.8781679293333333,0
CCN(CC)C(N(CC)CC)=[N+](CC)CC1=CC=CC=C1,18,3,0,0,0,3,0.611111111,0.971898148,2.49537037,0.971898148,0.433048247,290.475,258.219,290.2590744,118,0.35019741,-0.265352309,0.35019741,0.265352309,0.80952381,1.285714286,1.666666667,15.40068821,10.19524593,2.245708483,-2.278669427,2.055800319,-2.493175941,5.748202077,-0.550013585,3.192723912,403.3493961,15.66492594,14.47103282,14.47103282,10.20976852,8.367957888,8.367957888,5.144354964,5.144354964,3.97339073,3.97339073,2.740640818,2.740640818,-1.51,49441.12032,17.54130836,9.43059208,4.762980459,130.4356698,0.0,0.0,0.0,0.0,0.0,5.959554569,14.37534532,0.0,0,0.0,30.33183534,40.18213749,0.0,39.26853844,4.575525859,5.959554569,9.799819462,0.0,41.1634424,32.72378203,35.89528683,0.0,0.0,0.0,0.0,0.0,53.05868192,6.544756406,0.0,40.18213749,30.33183534,0.0,9.49,0.0,0.0,0,0.0,0.0,39.26853844,11.52300606,0.0,0.0,79.32586666,0.0,2.49537037,4.943333333,0.0,1.371446523,1.371623205,10.75397896,0.0,17.39758094,0.0,0.611111111,21,0,3,0,0,0,1,0,1,0,0,3,7,0,0,0,1,3.2586,91.7964,0,0,0,3,0,0,0,0,0,0,0,0,1,0,0,1,0,0,0,0,0,0,0,0,0,0,0,0,0,1.0,60,1.0,0.0,312.0,8.9101,1.2804167027777777,0.4503669367777777,0.8781679293333333,0
CCN(CC)C(N(CC)CC)=[N+](CC1=CC=CC=C1)C(C)C,19,3,0,0,0,3,0.631578947,0.468894558,2.537037037,0.468894558,0.432015787,304.502,270.23,304.2747245,124,0.350409161,-0.265345197,0.350409161,0.265345197,0.863636364,1.318181818,1.681818182,15.40596336,10.17727286,2.266238264,-2.296416834,2.084566817,-2.506379507,5.749097508,-0.582773013,3.317975388,429.007917,16.53516943,15.34127631,15.34127631,10.58244732,8.757522769,8.757522769,5.851828197,5.851828197,4.168549702,4.168549702,2.840539483,2.840539483,-1.51,69551.70828,18.53880429,9.495585418,4.75477687,136.8006119,0.0,0.0,0.0,0.0,0.0,5.959554569,14.37534532,0.0,0,0.0,30.33183534,47.10587469,0.0,38.76562286,4.575525859,5.959554569,9.799819462,0.0,54.12902043,26.17902562,35.89528683,0.0,0.0,0.0,0.0,0.0,52.55576634,6.544756406,0.0,47.10587469,30.33183534,0.0,9.49,0.0,0.0,0,0.0,6.041840829,32.72378203,11.52300606,0.0,0.0,86.24960386,0.0,2.537037037,4.964166667,0.0,1.368529856,1.36930839,11.24886747,0.0,18.67875724,0.0,0.631578947,22,0,3,0,0,0,1,0,1,0,0,3,7,0,0,0,1,3.6471,96.3914,0,0,0,3,0,0,0,0,0,0,0,0,1,0,0,1,0,0,0,0,0,0,0,0,0,0,0,0,0,1.0,60,1.0,0.0,0.0,0.0,1.4769919275555554,0.5633682202222222,0.9255717593333332,0
CCN(CC)C(N(CC)CC)=[N+](CC1=CC=CC=C1)C(C)C,19,3,0,0,0,3,0.631578947,0.468894558,2.537037037,0.468894558,0.432015787,304.502,270.23,304.2747245,124,0.350409161,-0.265345197,0.350409161,0.265345197,0.863636364,1.318181818,1.681818182,15.40596336,10.17727286,2.266238264,-2.296416834,2.084566817,-2.506379507,5.749097508,-0.582773013,3.317975388,429.007917,16.53516943,15.34127631,15.34127631,10.58244732,8.757522769,8.757522769,5.851828197,5.851828197,4.168549702,4.168549702,2.840539483,2.840539483,-1.51,69551.70828,18.53880429,9.495585418,4.75477687,136.8006119,0.0,0.0,0.0,0.0,0.0,5.959554569,14.37534532,0.0,0,0.0,30.33183534,47.10587469,0.0,38.76562286,4.575525859,5.959554569,9.799819462,0.0,54.12902043,26.17902562,35.89528683,0.0,0.0,0.0,0.0,0.0,52.55576634,6.544756406,0.0,47.10587469,30.33183534,0.0,9.49,0.0,0.0,0,0.0,6.041840829,32.72378203,11.52300606,0.0,0.0,86.24960386,0.0,2.537037037,4.964166667,0.0,1.368529856,1.36930839,11.24886747,0.0,18.67875724,0.0,0.631578947,22,0,3,0,0,0,1,0,1,0,0,3,7,0,0,0,1,3.6471,96.3914,0,0,0,3,0,0,0,0,0,0,0,0,1,0,0,1,0,0,0,0,0,0,0,0,0,0,0,0,0,1.0,60,1.0,0.0,6.0,0.4615,1.4769919275555554,0.5633682202222222,0.9255717593333332,0
CCN(CC)C(N(CC)CC)=[N+](CC1=CC=CC=C1)C(C)C,19,3,0,0,0,3,0.631578947,0.468894558,2.537037037,0.468894558,0.432015787,304.502,270.23,304.2747245,124,0.350409161,-0.265345197,0.350409161,0.265345197,0.863636364,1.318181818,1.681818182,15.40596336,10.17727286,2.266238264,-2.296416834,2.084566817,-2.506379507,5.749097508,-0.582773013,3.317975388,429.007917,16.53516943,15.34127631,15.34127631,10.58244732,8.757522769,8.757522769,5.851828197,5.851828197,4.168549702,4.168549702,2.840539483,2.840539483,-1.51,69551.70828,18.53880429,9.495585418,4.75477687,136.8006119,0.0,0.0,0.0,0.0,0.0,5.959554569,14.37534532,0.0,0,0.0,30.33183534,47.10587469,0.0,38.76562286,4.575525859,5.959554569,9.799819462,0.0,54.12902043,26.17902562,35.89528683,0.0,0.0,0.0,0.0,0.0,52.55576634,6.544756406,0.0,47.10587469,30.33183534,0.0,9.49,0.0,0.0,0,0.0,6.041840829,32.72378203,11.52300606,0.0,0.0,86.24960386,0.0,2.537037037,4.964166667,0.0,1.368529856,1.36930839,11.24886747,0.0,18.67875724,0.0,0.631578947,22,0,3,0,0,0,1,0,1,0,0,3,7,0,0,0,1,3.6471,96.3914,0,0,0,3,0,0,0,0,0,0,0,0,1,0,0,1,0,0,0,0,0,0,0,0,0,0,0,0,0,1.0,60,1.0,0.0,12.0,0.47,1.4769919275555554,0.5633682202222222,0.9255717593333332,0
CCN(CC)C(N(CC)CC)=[N+](CC1=CC=CC=C1)C(C)C,19,3,0,0,0,3,0.631578947,0.468894558,2.537037037,0.468894558,0.432015787,304.502,270.23,304.2747245,124,0.350409161,-0.265345197,0.350409161,0.265345197,0.863636364,1.318181818,1.681818182,15.40596336,10.17727286,2.266238264,-2.296416834,2.084566817,-2.506379507,5.749097508,-0.582773013,3.317975388,429.007917,16.53516943,15.34127631,15.34127631,10.58244732,8.757522769,8.757522769,5.851828197,5.851828197,4.168549702,4.168549702,2.840539483,2.840539483,-1.51,69551.70828,18.53880429,9.495585418,4.75477687,136.8006119,0.0,0.0,0.0,0.0,0.0,5.959554569,14.37534532,0.0,0,0.0,30.33183534,47.10587469,0.0,38.76562286,4.575525859,5.959554569,9.799819462,0.0,54.12902043,26.17902562,35.89528683,0.0,0.0,0.0,0.0,0.0,52.55576634,6.544756406,0.0,47.10587469,30.33183534,0.0,9.49,0.0,0.0,0,0.0,6.041840829,32.72378203,11.52300606,0.0,0.0,86.24960386,0.0,2.537037037,4.964166667,0.0,1.368529856,1.36930839,11.24886747,0.0,18.67875724,0.0,0.631578947,22,0,3,0,0,0,1,0,1,0,0,3,7,0,0,0,1,3.6471,96.3914,0,0,0,3,0,0,0,0,0,0,0,0,1,0,0,1,0,0,0,0,0,0,0,0,0,0,0,0,0,1.0,60,1.0,0.0,24.0,0.48,1.4769919275555554,0.5633682202222222,0.9255717593333332,0
CCN(CC)C(N(CC)CC)=[N+](CC1=CC=CC=C1)C(C)C,19,3,0,0,0,3,0.631578947,0.468894558,2.537037037,0.468894558,0.432015787,304.502,270.23,304.2747245,124,0.350409161,-0.265345197,0.350409161,0.265345197,0.863636364,1.318181818,1.681818182,15.40596336,10.17727286,2.266238264,-2.296416834,2.084566817,-2.506379507,5.749097508,-0.582773013,3.317975388,429.007917,16.53516943,15.34127631,15.34127631,10.58244732,8.757522769,8.757522769,5.851828197,5.851828197,4.168549702,4.168549702,2.840539483,2.840539483,-1.51,69551.70828,18.53880429,9.495585418,4.75477687,136.8006119,0.0,0.0,0.0,0.0,0.0,5.959554569,14.37534532,0.0,0,0.0,30.33183534,47.10587469,0.0,38.76562286,4.575525859,5.959554569,9.799819462,0.0,54.12902043,26.17902562,35.89528683,0.0,0.0,0.0,0.0,0.0,52.55576634,6.544756406,0.0,47.10587469,30.33183534,0.0,9.49,0.0,0.0,0,0.0,6.041840829,32.72378203,11.52300606,0.0,0.0,86.24960386,0.0,2.537037037,4.964166667,0.0,1.368529856,1.36930839,11.24886747,0.0,18.67875724,0.0,0.631578947,22,0,3,0,0,0,1,0,1,0,0,3,7,0,0,0,1,3.6471,96.3914,0,0,0,3,0,0,0,0,0,0,0,0,1,0,0,1,0,0,0,0,0,0,0,0,0,0,0,0,0,1.0,60,1.0,0.0,30.0,0.5,1.4769919275555554,0.5633682202222222,0.9255717593333332,0
CCN(CC)C(N(CC)CC)=[N+](CC1=CC=CC=C1)C(C)C,19,3,0,0,0,3,0.631578947,0.468894558,2.537037037,0.468894558,0.432015787,304.502,270.23,304.2747245,124,0.350409161,-0.265345197,0.350409161,0.265345197,0.863636364,1.318181818,1.681818182,15.40596336,10.17727286,2.266238264,-2.296416834,2.084566817,-2.506379507,5.749097508,-0.582773013,3.317975388,429.007917,16.53516943,15.34127631,15.34127631,10.58244732,8.757522769,8.757522769,5.851828197,5.851828197,4.168549702,4.168549702,2.840539483,2.840539483,-1.51,69551.70828,18.53880429,9.495585418,4.75477687,136.8006119,0.0,0.0,0.0,0.0,0.0,5.959554569,14.37534532,0.0,0,0.0,30.33183534,47.10587469,0.0,38.76562286,4.575525859,5.959554569,9.799819462,0.0,54.12902043,26.17902562,35.89528683,0.0,0.0,0.0,0.0,0.0,52.55576634,6.544756406,0.0,47.10587469,30.33183534,0.0,9.49,0.0,0.0,0,0.0,6.041840829,32.72378203,11.52300606,0.0,0.0,86.24960386,0.0,2.537037037,4.964166667,0.0,1.368529856,1.36930839,11.24886747,0.0,18.67875724,0.0,0.631578947,22,0,3,0,0,0,1,0,1,0,0,3,7,0,0,0,1,3.6471,96.3914,0,0,0,3,0,0,0,0,0,0,0,0,1,0,0,1,0,0,0,0,0,0,0,0,0,0,0,0,0,1.0,60,1.0,0.0,96.0,0.52,1.4769919275555554,0.5633682202222222,0.9255717593333332,0
CCN(CC)C(N(CC)CC)=[N+](CC1=CC=CC=C1)C(C)C,19,3,0,0,0,3,0.631578947,0.468894558,2.537037037,0.468894558,0.432015787,304.502,270.23,304.2747245,124,0.350409161,-0.265345197,0.350409161,0.265345197,0.863636364,1.318181818,1.681818182,15.40596336,10.17727286,2.266238264,-2.296416834,2.084566817,-2.506379507,5.749097508,-0.582773013,3.317975388,429.007917,16.53516943,15.34127631,15.34127631,10.58244732,8.757522769,8.757522769,5.851828197,5.851828197,4.168549702,4.168549702,2.840539483,2.840539483,-1.51,69551.70828,18.53880429,9.495585418,4.75477687,136.8006119,0.0,0.0,0.0,0.0,0.0,5.959554569,14.37534532,0.0,0,0.0,30.33183534,47.10587469,0.0,38.76562286,4.575525859,5.959554569,9.799819462,0.0,54.12902043,26.17902562,35.89528683,0.0,0.0,0.0,0.0,0.0,52.55576634,6.544756406,0.0,47.10587469,30.33183534,0.0,9.49,0.0,0.0,0,0.0,6.041840829,32.72378203,11.52300606,0.0,0.0,86.24960386,0.0,2.537037037,4.964166667,0.0,1.368529856,1.36930839,11.24886747,0.0,18.67875724,0.0,0.631578947,22,0,3,0,0,0,1,0,1,0,0,3,7,0,0,0,1,3.6471,96.3914,0,0,0,3,0,0,0,0,0,0,0,0,1,0,0,1,0,0,0,0,0,0,0,0,0,0,0,0,0,1.0,60,1.0,0.0,133.0,0.58,1.4769919275555554,0.5633682202222222,0.9255717593333332,0
CCN(CC)C(N(CC)CC)=[N+](CC1=CC=CC=C1)C(C)C,19,3,0,0,0,3,0.631578947,0.468894558,2.537037037,0.468894558,0.432015787,304.502,270.23,304.2747245,124,0.350409161,-0.265345197,0.350409161,0.265345197,0.863636364,1.318181818,1.681818182,15.40596336,10.17727286,2.266238264,-2.296416834,2.084566817,-2.506379507,5.749097508,-0.582773013,3.317975388,429.007917,16.53516943,15.34127631,15.34127631,10.58244732,8.757522769,8.757522769,5.851828197,5.851828197,4.168549702,4.168549702,2.840539483,2.840539483,-1.51,69551.70828,18.53880429,9.495585418,4.75477687,136.8006119,0.0,0.0,0.0,0.0,0.0,5.959554569,14.37534532,0.0,0,0.0,30.33183534,47.10587469,0.0,38.76562286,4.575525859,5.959554569,9.799819462,0.0,54.12902043,26.17902562,35.89528683,0.0,0.0,0.0,0.0,0.0,52.55576634,6.544756406,0.0,47.10587469,30.33183534,0.0,9.49,0.0,0.0,0,0.0,6.041840829,32.72378203,11.52300606,0.0,0.0,86.24960386,0.0,2.537037037,4.964166667,0.0,1.368529856,1.36930839,11.24886747,0.0,18.67875724,0.0,0.631578947,22,0,3,0,0,0,1,0,1,0,0,3,7,0,0,0,1,3.6471,96.3914,0,0,0,3,0,0,0,0,0,0,0,0,1,0,0,1,0,0,0,0,0,0,0,0,0,0,0,0,0,1.0,60,1.0,0.0,240.0,0.59,1.4769919275555554,0.5633682202222222,0.9255717593333332,0
CCN(CC)C(N(CC)CC)=[N+](CC1=CC=CC=C1)C(C)C,19,3,0,0,0,3,0.631578947,0.468894558,2.537037037,0.468894558,0.432015787,304.502,270.23,304.2747245,124,0.350409161,-0.265345197,0.350409161,0.265345197,0.863636364,1.318181818,1.681818182,15.40596336,10.17727286,2.266238264,-2.296416834,2.084566817,-2.506379507,5.749097508,-0.582773013,3.317975388,429.007917,16.53516943,15.34127631,15.34127631,10.58244732,8.757522769,8.757522769,5.851828197,5.851828197,4.168549702,4.168549702,2.840539483,2.840539483,-1.51,69551.70828,18.53880429,9.495585418,4.75477687,136.8006119,0.0,0.0,0.0,0.0,0.0,5.959554569,14.37534532,0.0,0,0.0,30.33183534,47.10587469,0.0,38.76562286,4.575525859,5.959554569,9.799819462,0.0,54.12902043,26.17902562,35.89528683,0.0,0.0,0.0,0.0,0.0,52.55576634,6.544756406,0.0,47.10587469,30.33183534,0.0,9.49,0.0,0.0,0,0.0,6.041840829,32.72378203,11.52300606,0.0,0.0,86.24960386,0.0,2.537037037,4.964166667,0.0,1.368529856,1.36930839,11.24886747,0.0,18.67875724,0.0,0.631578947,22,0,3,0,0,0,1,0,1,0,0,3,7,0,0,0,1,3.6471,96.3914,0,0,0,3,0,0,0,0,0,0,0,0,1,0,0,1,0,0,0,0,0,0,0,0,0,0,0,0,0,1.0,60,1.0,0.0,312.0,0.6,1.4769919275555554,0.5633682202222222,0.9255717593333332,0
CCN(CC)C(N(CC)CC)=[N+](CC)CC,13,3,0,0,0,3,0.923076923,1.082175926,2.458333333,1.082175926,0.391057688,228.404,198.164,228.2434244,96,0.349908124,-0.265360786,0.349908124,0.265360786,0.6875,1.0,1.1875,15.39982666,10.40849633,2.236029926,-2.273515113,1.999683878,-2.494354505,5.747750732,-0.530592038,5.229218991,183.2232461,12.55204176,12.08428147,12.08428147,7.69213043,6.810827676,6.810827676,3.816870287,3.816870287,3.138852222,3.138852222,2.119348531,2.119348531,-0.73,2978.504982,15.27,8.425217938,3.689498021,101.7435177,0.0,0.0,0.0,0.0,0.0,5.959554569,14.37534532,0.0,0,0.0,0.0,41.5424232,0.0,39.26853844,4.575525859,5.959554569,9.799819462,0.0,41.5424232,39.26853844,0.0,0.0,0.0,0.0,0.0,0.0,59.60343833,0.0,0.0,41.5424232,0.0,0.0,9.49,0.0,0.0,0,0.0,0.0,39.26853844,5.959554569,0.0,0.0,55.91776852,0.0,2.458333333,4.916666667,0.0,0.0,1.402777778,0.0,0.0,19.88888889,0.0,0.923076923,16,0,3,0,0,0,0,0,0,0,0,3,6,0,0,0,0,2.0783,72.1914,0,0,0,3,0,0,0,0,0,0,0,0,0,0,0,1,0,0,0,0,0,0,0,0,0,0,0,0,0,1.0,60,1.0,0.0,0.0,0.0,1.1786402941111112,0.6302838872222222,0.7605818144444445,0
CCN(CC)C(N(CC)CC)=[N+](CC)CC,13,3,0,0,0,3,0.923076923,1.082175926,2.458333333,1.082175926,0.391057688,228.404,198.164,228.2434244,96,0.349908124,-0.265360786,0.349908124,0.265360786,0.6875,1.0,1.1875,15.39982666,10.40849633,2.236029926,-2.273515113,1.999683878,-2.494354505,5.747750732,-0.530592038,5.229218991,183.2232461,12.55204176,12.08428147,12.08428147,7.69213043,6.810827676,6.810827676,3.816870287,3.816870287,3.138852222,3.138852222,2.119348531,2.119348531,-0.73,2978.504982,15.27,8.425217938,3.689498021,101.7435177,0.0,0.0,0.0,0.0,0.0,5.959554569,14.37534532,0.0,0,0.0,0.0,41.5424232,0.0,39.26853844,4.575525859,5.959554569,9.799819462,0.0,41.5424232,39.26853844,0.0,0.0,0.0,0.0,0.0,0.0,59.60343833,0.0,0.0,41.5424232,0.0,0.0,9.49,0.0,0.0,0,0.0,0.0,39.26853844,5.959554569,0.0,0.0,55.91776852,0.0,2.458333333,4.916666667,0.0,0.0,1.402777778,0.0,0.0,19.88888889,0.0,0.923076923,16,0,3,0,0,0,0,0,0,0,0,3,6,0,0,0,0,2.0783,72.1914,0,0,0,3,0,0,0,0,0,0,0,0,0,0,0,1,0,0,0,0,0,0,0,0,0,0,0,0,0,1.0,60,1.0,0.0,6.0,0.0,1.1786402941111112,0.6302838872222222,0.7605818144444445,0
CCN(CC)C(N(CC)CC)=[N+](CC)CC,13,3,0,0,0,3,0.923076923,1.082175926,2.458333333,1.082175926,0.391057688,228.404,198.164,228.2434244,96,0.349908124,-0.265360786,0.349908124,0.265360786,0.6875,1.0,1.1875,15.39982666,10.40849633,2.236029926,-2.273515113,1.999683878,-2.494354505,5.747750732,-0.530592038,5.229218991,183.2232461,12.55204176,12.08428147,12.08428147,7.69213043,6.810827676,6.810827676,3.816870287,3.816870287,3.138852222,3.138852222,2.119348531,2.119348531,-0.73,2978.504982,15.27,8.425217938,3.689498021,101.7435177,0.0,0.0,0.0,0.0,0.0,5.959554569,14.37534532,0.0,0,0.0,0.0,41.5424232,0.0,39.26853844,4.575525859,5.959554569,9.799819462,0.0,41.5424232,39.26853844,0.0,0.0,0.0,0.0,0.0,0.0,59.60343833,0.0,0.0,41.5424232,0.0,0.0,9.49,0.0,0.0,0,0.0,0.0,39.26853844,5.959554569,0.0,0.0,55.91776852,0.0,2.458333333,4.916666667,0.0,0.0,1.402777778,0.0,0.0,19.88888889,0.0,0.923076923,16,0,3,0,0,0,0,0,0,0,0,3,6,0,0,0,0,2.0783,72.1914,0,0,0,3,0,0,0,0,0,0,0,0,0,0,0,1,0,0,0,0,0,0,0,0,0,0,0,0,0,1.0,60,1.0,0.0,12.0,0.179,1.1786402941111112,0.6302838872222222,0.7605818144444445,0
CCN(CC)C(N(CC)CC)=[N+](CC)CC,13,3,0,0,0,3,0.923076923,1.082175926,2.458333333,1.082175926,0.391057688,228.404,198.164,228.2434244,96,0.349908124,-0.265360786,0.349908124,0.265360786,0.6875,1.0,1.1875,15.39982666,10.40849633,2.236029926,-2.273515113,1.999683878,-2.494354505,5.747750732,-0.530592038,5.229218991,183.2232461,12.55204176,12.08428147,12.08428147,7.69213043,6.810827676,6.810827676,3.816870287,3.816870287,3.138852222,3.138852222,2.119348531,2.119348531,-0.73,2978.504982,15.27,8.425217938,3.689498021,101.7435177,0.0,0.0,0.0,0.0,0.0,5.959554569,14.37534532,0.0,0,0.0,0.0,41.5424232,0.0,39.26853844,4.575525859,5.959554569,9.799819462,0.0,41.5424232,39.26853844,0.0,0.0,0.0,0.0,0.0,0.0,59.60343833,0.0,0.0,41.5424232,0.0,0.0,9.49,0.0,0.0,0,0.0,0.0,39.26853844,5.959554569,0.0,0.0,55.91776852,0.0,2.458333333,4.916666667,0.0,0.0,1.402777778,0.0,0.0,19.88888889,0.0,0.923076923,16,0,3,0,0,0,0,0,0,0,0,3,6,0,0,0,0,2.0783,72.1914,0,0,0,3,0,0,0,0,0,0,0,0,0,0,0,1,0,0,0,0,0,0,0,0,0,0,0,0,0,1.0,60,1.0,0.0,24.0,0.186,1.1786402941111112,0.6302838872222222,0.7605818144444445,0
CCN(CC)C(N(CC)CC)=[N+](CC)CC,13,3,0,0,0,3,0.923076923,1.082175926,2.458333333,1.082175926,0.391057688,228.404,198.164,228.2434244,96,0.349908124,-0.265360786,0.349908124,0.265360786,0.6875,1.0,1.1875,15.39982666,10.40849633,2.236029926,-2.273515113,1.999683878,-2.494354505,5.747750732,-0.530592038,5.229218991,183.2232461,12.55204176,12.08428147,12.08428147,7.69213043,6.810827676,6.810827676,3.816870287,3.816870287,3.138852222,3.138852222,2.119348531,2.119348531,-0.73,2978.504982,15.27,8.425217938,3.689498021,101.7435177,0.0,0.0,0.0,0.0,0.0,5.959554569,14.37534532,0.0,0,0.0,0.0,41.5424232,0.0,39.26853844,4.575525859,5.959554569,9.799819462,0.0,41.5424232,39.26853844,0.0,0.0,0.0,0.0,0.0,0.0,59.60343833,0.0,0.0,41.5424232,0.0,0.0,9.49,0.0,0.0,0,0.0,0.0,39.26853844,5.959554569,0.0,0.0,55.91776852,0.0,2.458333333,4.916666667,0.0,0.0,1.402777778,0.0,0.0,19.88888889,0.0,0.923076923,16,0,3,0,0,0,0,0,0,0,0,3,6,0,0,0,0,2.0783,72.1914,0,0,0,3,0,0,0,0,0,0,0,0,0,0,0,1,0,0,0,0,0,0,0,0,0,0,0,0,0,1.0,60,1.0,0.0,30.0,0.19,1.1786402941111112,0.6302838872222222,0.7605818144444445,0
CCN(CC)C(N(CC)CC)=[N+](CC)CC,13,3,0,0,0,3,0.923076923,1.082175926,2.458333333,1.082175926,0.391057688,228.404,198.164,228.2434244,96,0.349908124,-0.265360786,0.349908124,0.265360786,0.6875,1.0,1.1875,15.39982666,10.40849633,2.236029926,-2.273515113,1.999683878,-2.494354505,5.747750732,-0.530592038,5.229218991,183.2232461,12.55204176,12.08428147,12.08428147,7.69213043,6.810827676,6.810827676,3.816870287,3.816870287,3.138852222,3.138852222,2.119348531,2.119348531,-0.73,2978.504982,15.27,8.425217938,3.689498021,101.7435177,0.0,0.0,0.0,0.0,0.0,5.959554569,14.37534532,0.0,0,0.0,0.0,41.5424232,0.0,39.26853844,4.575525859,5.959554569,9.799819462,0.0,41.5424232,39.26853844,0.0,0.0,0.0,0.0,0.0,0.0,59.60343833,0.0,0.0,41.5424232,0.0,0.0,9.49,0.0,0.0,0,0.0,0.0,39.26853844,5.959554569,0.0,0.0,55.91776852,0.0,2.458333333,4.916666667,0.0,0.0,1.402777778,0.0,0.0,19.88888889,0.0,0.923076923,16,0,3,0,0,0,0,0,0,0,0,3,6,0,0,0,0,2.0783,72.1914,0,0,0,3,0,0,0,0,0,0,0,0,0,0,0,1,0,0,0,0,0,0,0,0,0,0,0,0,0,1.0,60,1.0,0.0,96.0,0.8,1.1786402941111112,0.6302838872222222,0.7605818144444445,0
CCN(CC)C(N(CC)CC)=[N+](CC)CC,13,3,0,0,0,3,0.923076923,1.082175926,2.458333333,1.082175926,0.391057688,228.404,198.164,228.2434244,96,0.349908124,-0.265360786,0.349908124,0.265360786,0.6875,1.0,1.1875,15.39982666,10.40849633,2.236029926,-2.273515113,1.999683878,-2.494354505,5.747750732,-0.530592038,5.229218991,183.2232461,12.55204176,12.08428147,12.08428147,7.69213043,6.810827676,6.810827676,3.816870287,3.816870287,3.138852222,3.138852222,2.119348531,2.119348531,-0.73,2978.504982,15.27,8.425217938,3.689498021,101.7435177,0.0,0.0,0.0,0.0,0.0,5.959554569,14.37534532,0.0,0,0.0,0.0,41.5424232,0.0,39.26853844,4.575525859,5.959554569,9.799819462,0.0,41.5424232,39.26853844,0.0,0.0,0.0,0.0,0.0,0.0,59.60343833,0.0,0.0,41.5424232,0.0,0.0,9.49,0.0,0.0,0,0.0,0.0,39.26853844,5.959554569,0.0,0.0,55.91776852,0.0,2.458333333,4.916666667,0.0,0.0,1.402777778,0.0,0.0,19.88888889,0.0,0.923076923,16,0,3,0,0,0,0,0,0,0,0,3,6,0,0,0,0,2.0783,72.1914,0,0,0,3,0,0,0,0,0,0,0,0,0,0,0,1,0,0,0,0,0,0,0,0,0,0,0,0,0,1.0,60,1.0,0.0,133.0,1.813,1.1786402941111112,0.6302838872222222,0.7605818144444445,0
CCN(CC)C(N(CC)CC)=[N+](CC)CC,13,3,0,0,0,3,0.923076923,1.082175926,2.458333333,1.082175926,0.391057688,228.404,198.164,228.2434244,96,0.349908124,-0.265360786,0.349908124,0.265360786,0.6875,1.0,1.1875,15.39982666,10.40849633,2.236029926,-2.273515113,1.999683878,-2.494354505,5.747750732,-0.530592038,5.229218991,183.2232461,12.55204176,12.08428147,12.08428147,7.69213043,6.810827676,6.810827676,3.816870287,3.816870287,3.138852222,3.138852222,2.119348531,2.119348531,-0.73,2978.504982,15.27,8.425217938,3.689498021,101.7435177,0.0,0.0,0.0,0.0,0.0,5.959554569,14.37534532,0.0,0,0.0,0.0,41.5424232,0.0,39.26853844,4.575525859,5.959554569,9.799819462,0.0,41.5424232,39.26853844,0.0,0.0,0.0,0.0,0.0,0.0,59.60343833,0.0,0.0,41.5424232,0.0,0.0,9.49,0.0,0.0,0,0.0,0.0,39.26853844,5.959554569,0.0,0.0,55.91776852,0.0,2.458333333,4.916666667,0.0,0.0,1.402777778,0.0,0.0,19.88888889,0.0,0.923076923,16,0,3,0,0,0,0,0,0,0,0,3,6,0,0,0,0,2.0783,72.1914,0,0,0,3,0,0,0,0,0,0,0,0,0,0,0,1,0,0,0,0,0,0,0,0,0,0,0,0,0,1.0,60,1.0,0.0,240.0,2.1723,1.1786402941111112,0.6302838872222222,0.7605818144444445,0
CCN(CC)C(N(CC)CC)=[N+](CC)CC,13,3,0,0,0,3,0.923076923,1.082175926,2.458333333,1.082175926,0.391057688,228.404,198.164,228.2434244,96,0.349908124,-0.265360786,0.349908124,0.265360786,0.6875,1.0,1.1875,15.39982666,10.40849633,2.236029926,-2.273515113,1.999683878,-2.494354505,5.747750732,-0.530592038,5.229218991,183.2232461,12.55204176,12.08428147,12.08428147,7.69213043,6.810827676,6.810827676,3.816870287,3.816870287,3.138852222,3.138852222,2.119348531,2.119348531,-0.73,2978.504982,15.27,8.425217938,3.689498021,101.7435177,0.0,0.0,0.0,0.0,0.0,5.959554569,14.37534532,0.0,0,0.0,0.0,41.5424232,0.0,39.26853844,4.575525859,5.959554569,9.799819462,0.0,41.5424232,39.26853844,0.0,0.0,0.0,0.0,0.0,0.0,59.60343833,0.0,0.0,41.5424232,0.0,0.0,9.49,0.0,0.0,0,0.0,0.0,39.26853844,5.959554569,0.0,0.0,55.91776852,0.0,2.458333333,4.916666667,0.0,0.0,1.402777778,0.0,0.0,19.88888889,0.0,0.923076923,16,0,3,0,0,0,0,0,0,0,0,3,6,0,0,0,0,2.0783,72.1914,0,0,0,3,0,0,0,0,0,0,0,0,0,0,0,1,0,0,0,0,0,0,0,0,0,0,0,0,0,1.0,60,1.0,0.0,312.0,3.2969,1.1786402941111112,0.6302838872222222,0.7605818144444445,0
CN(C)C(N(C)C)=[N+](C)C,7,3,0,0,0,3,0.857142857,1.194444444,2.083333333,1.194444444,0.26308562,144.242,126.098,144.149524,60,0.348640459,-0.27022481,0.348640459,0.27022481,0.9,1.2,1.2,15.35769731,10.66680509,2.120289824,-2.164045762,1.843250469,-2.404593003,5.733664858,-0.474932203,4.440555481,121.7866456,8.309401077,7.841640786,7.841640786,4.464101615,3.354101966,3.354101966,2.983281573,2.983281573,1.2,1.2,1.2,1.2,-0.73,85.75693819,9.27,3.441331416,2.250202798,63.55386503,0.0,0.0,0.0,0.0,0.0,5.959554569,14.37534532,0.0,0,0.0,0.0,0.0,0.0,42.2860319,4.575525859,5.959554569,9.799819462,0.0,0.0,42.2860319,0.0,0.0,0.0,0.0,0.0,0.0,62.62093179,0.0,0.0,0.0,0.0,0.0,9.49,0.0,0.0,0,0.0,0.0,0.0,5.959554569,0.0,42.2860319,14.37534532,0.0,2.083333333,4.166666667,0.0,0.0,1.194444444,0.0,0.0,0.0,12.22222222,0.857142857,10,0,3,0,0,0,0,0,0,0,0,3,0,0,0,0,0,-0.2623,44.4894,0,0,0,3,0,0,0,0,0,0,0,0,0,0,0,1,0,0,0,0,0,0,0,0,0,0,0,0,0,1.0,60,1.0,0.0,0.0,0.0,0.716597293,0.5807532448888888,0.5807534081111111,0
CN(C)C(N(C)C)=[N+](C)C,7,3,0,0,0,3,0.857142857,1.194444444,2.083333333,1.194444444,0.26308562,144.242,126.098,144.149524,60,0.348640459,-0.27022481,0.348640459,0.27022481,0.9,1.2,1.2,15.35769731,10.66680509,2.120289824,-2.164045762,1.843250469,-2.404593003,5.733664858,-0.474932203,4.440555481,121.7866456,8.309401077,7.841640786,7.841640786,4.464101615,3.354101966,3.354101966,2.983281573,2.983281573,1.2,1.2,1.2,1.2,-0.73,85.75693819,9.27,3.441331416,2.250202798,63.55386503,0.0,0.0,0.0,0.0,0.0,5.959554569,14.37534532,0.0,0,0.0,0.0,0.0,0.0,42.2860319,4.575525859,5.959554569,9.799819462,0.0,0.0,42.2860319,0.0,0.0,0.0,0.0,0.0,0.0,62.62093179,0.0,0.0,0.0,0.0,0.0,9.49,0.0,0.0,0,0.0,0.0,0.0,5.959554569,0.0,42.2860319,14.37534532,0.0,2.083333333,4.166666667,0.0,0.0,1.194444444,0.0,0.0,0.0,12.22222222,0.857142857,10,0,3,0,0,0,0,0,0,0,0,3,0,0,0,0,0,-0.2623,44.4894,0,0,0,3,0,0,0,0,0,0,0,0,0,0,0,1,0,0,0,0,0,0,0,0,0,0,0,0,0,1.0,60,1.0,0.0,6.0,26.481,0.716597293,0.5807532448888888,0.5807534081111111,0
CN(C)C(N(C)C)=[N+](C)C,7,3,0,0,0,3,0.857142857,1.194444444,2.083333333,1.194444444,0.26308562,144.242,126.098,144.149524,60,0.348640459,-0.27022481,0.348640459,0.27022481,0.9,1.2,1.2,15.35769731,10.66680509,2.120289824,-2.164045762,1.843250469,-2.404593003,5.733664858,-0.474932203,4.440555481,121.7866456,8.309401077,7.841640786,7.841640786,4.464101615,3.354101966,3.354101966,2.983281573,2.983281573,1.2,1.2,1.2,1.2,-0.73,85.75693819,9.27,3.441331416,2.250202798,63.55386503,0.0,0.0,0.0,0.0,0.0,5.959554569,14.37534532,0.0,0,0.0,0.0,0.0,0.0,42.2860319,4.575525859,5.959554569,9.799819462,0.0,0.0,42.2860319,0.0,0.0,0.0,0.0,0.0,0.0,62.62093179,0.0,0.0,0.0,0.0,0.0,9.49,0.0,0.0,0,0.0,0.0,0.0,5.959554569,0.0,42.2860319,14.37534532,0.0,2.083333333,4.166666667,0.0,0.0,1.194444444,0.0,0.0,0.0,12.22222222,0.857142857,10,0,3,0,0,0,0,0,0,0,0,3,0,0,0,0,0,-0.2623,44.4894,0,0,0,3,0,0,0,0,0,0,0,0,0,0,0,1,0,0,0,0,0,0,0,0,0,0,0,0,0,1.0,60,1.0,0.0,12.0,46.3692,0.716597293,0.5807532448888888,0.5807534081111111,0
CN(C)C(N(C)C)=[N+](C)C,7,3,0,0,0,3,0.857142857,1.194444444,2.083333333,1.194444444,0.26308562,144.242,126.098,144.149524,60,0.348640459,-0.27022481,0.348640459,0.27022481,0.9,1.2,1.2,15.35769731,10.66680509,2.120289824,-2.164045762,1.843250469,-2.404593003,5.733664858,-0.474932203,4.440555481,121.7866456,8.309401077,7.841640786,7.841640786,4.464101615,3.354101966,3.354101966,2.983281573,2.983281573,1.2,1.2,1.2,1.2,-0.73,85.75693819,9.27,3.441331416,2.250202798,63.55386503,0.0,0.0,0.0,0.0,0.0,5.959554569,14.37534532,0.0,0,0.0,0.0,0.0,0.0,42.2860319,4.575525859,5.959554569,9.799819462,0.0,0.0,42.2860319,0.0,0.0,0.0,0.0,0.0,0.0,62.62093179,0.0,0.0,0.0,0.0,0.0,9.49,0.0,0.0,0,0.0,0.0,0.0,5.959554569,0.0,42.2860319,14.37534532,0.0,2.083333333,4.166666667,0.0,0.0,1.194444444,0.0,0.0,0.0,12.22222222,0.857142857,10,0,3,0,0,0,0,0,0,0,0,3,0,0,0,0,0,-0.2623,44.4894,0,0,0,3,0,0,0,0,0,0,0,0,0,0,0,1,0,0,0,0,0,0,0,0,0,0,0,0,0,1.0,60,1.0,0.0,24.0,54.0135,0.716597293,0.5807532448888888,0.5807534081111111,0
CN(C)C(N(C)C)=[N+](C)C,7,3,0,0,0,3,0.857142857,1.194444444,2.083333333,1.194444444,0.26308562,144.242,126.098,144.149524,60,0.348640459,-0.27022481,0.348640459,0.27022481,0.9,1.2,1.2,15.35769731,10.66680509,2.120289824,-2.164045762,1.843250469,-2.404593003,5.733664858,-0.474932203,4.440555481,121.7866456,8.309401077,7.841640786,7.841640786,4.464101615,3.354101966,3.354101966,2.983281573,2.983281573,1.2,1.2,1.2,1.2,-0.73,85.75693819,9.27,3.441331416,2.250202798,63.55386503,0.0,0.0,0.0,0.0,0.0,5.959554569,14.37534532,0.0,0,0.0,0.0,0.0,0.0,42.2860319,4.575525859,5.959554569,9.799819462,0.0,0.0,42.2860319,0.0,0.0,0.0,0.0,0.0,0.0,62.62093179,0.0,0.0,0.0,0.0,0.0,9.49,0.0,0.0,0,0.0,0.0,0.0,5.959554569,0.0,42.2860319,14.37534532,0.0,2.083333333,4.166666667,0.0,0.0,1.194444444,0.0,0.0,0.0,12.22222222,0.857142857,10,0,3,0,0,0,0,0,0,0,0,3,0,0,0,0,0,-0.2623,44.4894,0,0,0,3,0,0,0,0,0,0,0,0,0,0,0,1,0,0,0,0,0,0,0,0,0,0,0,0,0,1.0,60,1.0,0.0,30.0,64.72,0.716597293,0.5807532448888888,0.5807534081111111,0
CN(C)C(N(C)C)=[N+](C)C,7,3,0,0,0,3,0.857142857,1.194444444,2.083333333,1.194444444,0.26308562,144.242,126.098,144.149524,60,0.348640459,-0.27022481,0.348640459,0.27022481,0.9,1.2,1.2,15.35769731,10.66680509,2.120289824,-2.164045762,1.843250469,-2.404593003,5.733664858,-0.474932203,4.440555481,121.7866456,8.309401077,7.841640786,7.841640786,4.464101615,3.354101966,3.354101966,2.983281573,2.983281573,1.2,1.2,1.2,1.2,-0.73,85.75693819,9.27,3.441331416,2.250202798,63.55386503,0.0,0.0,0.0,0.0,0.0,5.959554569,14.37534532,0.0,0,0.0,0.0,0.0,0.0,42.2860319,4.575525859,5.959554569,9.799819462,0.0,0.0,42.2860319,0.0,0.0,0.0,0.0,0.0,0.0,62.62093179,0.0,0.0,0.0,0.0,0.0,9.49,0.0,0.0,0,0.0,0.0,0.0,5.959554569,0.0,42.2860319,14.37534532,0.0,2.083333333,4.166666667,0.0,0.0,1.194444444,0.0,0.0,0.0,12.22222222,0.857142857,10,0,3,0,0,0,0,0,0,0,0,3,0,0,0,0,0,-0.2623,44.4894,0,0,0,3,0,0,0,0,0,0,0,0,0,0,0,1,0,0,0,0,0,0,0,0,0,0,0,0,0,1.0,60,1.0,0.0,96.0,95.74895,0.716597293,0.5807532448888888,0.5807534081111111,0
CN(C)C(N(C)C)=[N+](C)C,7,3,0,0,0,3,0.857142857,1.194444444,2.083333333,1.194444444,0.26308562,144.242,126.098,144.149524,60,0.348640459,-0.27022481,0.348640459,0.27022481,0.9,1.2,1.2,15.35769731,10.66680509,2.120289824,-2.164045762,1.843250469,-2.404593003,5.733664858,-0.474932203,4.440555481,121.7866456,8.309401077,7.841640786,7.841640786,4.464101615,3.354101966,3.354101966,2.983281573,2.983281573,1.2,1.2,1.2,1.2,-0.73,85.75693819,9.27,3.441331416,2.250202798,63.55386503,0.0,0.0,0.0,0.0,0.0,5.959554569,14.37534532,0.0,0,0.0,0.0,0.0,0.0,42.2860319,4.575525859,5.959554569,9.799819462,0.0,0.0,42.2860319,0.0,0.0,0.0,0.0,0.0,0.0,62.62093179,0.0,0.0,0.0,0.0,0.0,9.49,0.0,0.0,0,0.0,0.0,0.0,5.959554569,0.0,42.2860319,14.37534532,0.0,2.083333333,4.166666667,0.0,0.0,1.194444444,0.0,0.0,0.0,12.22222222,0.857142857,10,0,3,0,0,0,0,0,0,0,0,3,0,0,0,0,0,-0.2623,44.4894,0,0,0,3,0,0,0,0,0,0,0,0,0,0,0,1,0,0,0,0,0,0,0,0,0,0,0,0,0,1.0,60,1.0,0.0,133.0,99.772161,0.716597293,0.5807532448888888,0.5807534081111111,0
CN(C)C(N(C)C)=[N+](C)C,7,3,0,0,0,3,0.857142857,1.194444444,2.083333333,1.194444444,0.26308562,144.242,126.098,144.149524,60,0.348640459,-0.27022481,0.348640459,0.27022481,0.9,1.2,1.2,15.35769731,10.66680509,2.120289824,-2.164045762,1.843250469,-2.404593003,5.733664858,-0.474932203,4.440555481,121.7866456,8.309401077,7.841640786,7.841640786,4.464101615,3.354101966,3.354101966,2.983281573,2.983281573,1.2,1.2,1.2,1.2,-0.73,85.75693819,9.27,3.441331416,2.250202798,63.55386503,0.0,0.0,0.0,0.0,0.0,5.959554569,14.37534532,0.0,0,0.0,0.0,0.0,0.0,42.2860319,4.575525859,5.959554569,9.799819462,0.0,0.0,42.2860319,0.0,0.0,0.0,0.0,0.0,0.0,62.62093179,0.0,0.0,0.0,0.0,0.0,9.49,0.0,0.0,0,0.0,0.0,0.0,5.959554569,0.0,42.2860319,14.37534532,0.0,2.083333333,4.166666667,0.0,0.0,1.194444444,0.0,0.0,0.0,12.22222222,0.857142857,10,0,3,0,0,0,0,0,0,0,0,3,0,0,0,0,0,-0.2623,44.4894,0,0,0,3,0,0,0,0,0,0,0,0,0,0,0,1,0,0,0,0,0,0,0,0,0,0,0,0,0,1.0,60,1.0,0.0,240.0,99.87537,0.716597293,0.5807532448888888,0.5807534081111111,0
CN(C)C(N(C)C)=[N+](C)C,7,3,0,0,0,3,0.857142857,1.194444444,2.083333333,1.194444444,0.26308562,144.242,126.098,144.149524,60,0.348640459,-0.27022481,0.348640459,0.27022481,0.9,1.2,1.2,15.35769731,10.66680509,2.120289824,-2.164045762,1.843250469,-2.404593003,5.733664858,-0.474932203,4.440555481,121.7866456,8.309401077,7.841640786,7.841640786,4.464101615,3.354101966,3.354101966,2.983281573,2.983281573,1.2,1.2,1.2,1.2,-0.73,85.75693819,9.27,3.441331416,2.250202798,63.55386503,0.0,0.0,0.0,0.0,0.0,5.959554569,14.37534532,0.0,0,0.0,0.0,0.0,0.0,42.2860319,4.575525859,5.959554569,9.799819462,0.0,0.0,42.2860319,0.0,0.0,0.0,0.0,0.0,0.0,62.62093179,0.0,0.0,0.0,0.0,0.0,9.49,0.0,0.0,0,0.0,0.0,0.0,5.959554569,0.0,42.2860319,14.37534532,0.0,2.083333333,4.166666667,0.0,0.0,1.194444444,0.0,0.0,0.0,12.22222222,0.857142857,10,0,3,0,0,0,0,0,0,0,0,3,0,0,0,0,0,-0.2623,44.4894,0,0,0,3,0,0,0,0,0,0,0,0,0,0,0,1,0,0,0,0,0,0,0,0,0,0,0,0,0,1.0,60,1.0,0.0,312.0,99.96109,0.716597293,0.5807532448888888,0.5807534081111111,0
C1CCN(C(N2CCCC2)=[N+]2CCCC2)C1,13,3,0,0,0,2,0.923076923,1.293981481,2.649444444,1.293981481,0.451837232,222.356,198.164,222.1964742,90,0.349968144,-0.264791899,0.349968144,0.264791899,0.625,1.0625,1.5,15.41880429,10.39358405,2.33444529,-2.234574307,2.169770378,-2.468066198,5.755111792,-0.516184931,1.833405598,246.9022939,10.79468245,10.32692216,10.32692216,7.949489743,7.068186989,7.068186989,5.382464821,5.382464821,4.166715127,4.166715127,3.351392632,3.351392632,-0.73,13274.13387,10.42563,4.640588423,1.918501387,98.72602425,0.0,0.0,0.0,0.0,0.0,5.959554569,14.37534532,0.0,0,0.0,0.0,38.52492974,0.0,39.26853844,4.575525859,5.959554569,9.799819462,0.0,38.52492974,39.26853844,0.0,0.0,0.0,0.0,0.0,0.0,59.60343833,0.0,0.0,38.52492974,0.0,0.0,9.49,0.0,0.0,0,0.0,0.0,0.0,77.79346817,5.959554569,0.0,14.37534532,0.0,2.649444444,5.298888889,0.0,0.0,1.590277778,0.0,8.364166667,7.763888889,0.0,0.923076923,16,0,3,0,3,3,0,0,0,0,0,3,0,0,3,3,3,1.3403,65.8494,0,0,0,3,0,0,0,0,2,0,0,0,0,0,0,1,0,0,0,0,0,0,0,0,0,0,0,0,0,1.0,60,1.0,0.0,0.0,0.0,0.7412190345555556,0.5035755126666667,0.5864093438888889,0
C1CCN(C(N2CCCC2)=[N+]2CCCC2)C1,13,3,0,0,0,2,0.923076923,1.293981481,2.649444444,1.293981481,0.451837232,222.356,198.164,222.1964742,90,0.349968144,-0.264791899,0.349968144,0.264791899,0.625,1.0625,1.5,15.41880429,10.39358405,2.33444529,-2.234574307,2.169770378,-2.468066198,5.755111792,-0.516184931,1.833405598,246.9022939,10.79468245,10.32692216,10.32692216,7.949489743,7.068186989,7.068186989,5.382464821,5.382464821,4.166715127,4.166715127,3.351392632,3.351392632,-0.73,13274.13387,10.42563,4.640588423,1.918501387,98.72602425,0.0,0.0,0.0,0.0,0.0,5.959554569,14.37534532,0.0,0,0.0,0.0,38.52492974,0.0,39.26853844,4.575525859,5.959554569,9.799819462,0.0,38.52492974,39.26853844,0.0,0.0,0.0,0.0,0.0,0.0,59.60343833,0.0,0.0,38.52492974,0.0,0.0,9.49,0.0,0.0,0,0.0,0.0,0.0,77.79346817,5.959554569,0.0,14.37534532,0.0,2.649444444,5.298888889,0.0,0.0,1.590277778,0.0,8.364166667,7.763888889,0.0,0.923076923,16,0,3,0,3,3,0,0,0,0,0,3,0,0,3,3,3,1.3403,65.8494,0,0,0,3,0,0,0,0,2,0,0,0,0,0,0,1,0,0,0,0,0,0,0,0,0,0,0,0,0,1.0,60,1.0,0.0,6.0,66.531,0.7412190345555556,0.5035755126666667,0.5864093438888889,0
C1CCN(C(N2CCCC2)=[N+]2CCCC2)C1,13,3,0,0,0,2,0.923076923,1.293981481,2.649444444,1.293981481,0.451837232,222.356,198.164,222.1964742,90,0.349968144,-0.264791899,0.349968144,0.264791899,0.625,1.0625,1.5,15.41880429,10.39358405,2.33444529,-2.234574307,2.169770378,-2.468066198,5.755111792,-0.516184931,1.833405598,246.9022939,10.79468245,10.32692216,10.32692216,7.949489743,7.068186989,7.068186989,5.382464821,5.382464821,4.166715127,4.166715127,3.351392632,3.351392632,-0.73,13274.13387,10.42563,4.640588423,1.918501387,98.72602425,0.0,0.0,0.0,0.0,0.0,5.959554569,14.37534532,0.0,0,0.0,0.0,38.52492974,0.0,39.26853844,4.575525859,5.959554569,9.799819462,0.0,38.52492974,39.26853844,0.0,0.0,0.0,0.0,0.0,0.0,59.60343833,0.0,0.0,38.52492974,0.0,0.0,9.49,0.0,0.0,0,0.0,0.0,0.0,77.79346817,5.959554569,0.0,14.37534532,0.0,2.649444444,5.298888889,0.0,0.0,1.590277778,0.0,8.364166667,7.763888889,0.0,0.923076923,16,0,3,0,3,3,0,0,0,0,0,3,0,0,3,3,3,1.3403,65.8494,0,0,0,3,0,0,0,0,2,0,0,0,0,0,0,1,0,0,0,0,0,0,0,0,0,0,0,0,0,1.0,60,1.0,0.0,12.0,91.01301,0.7412190345555556,0.5035755126666667,0.5864093438888889,0
C1CCN(C(N2CCCC2)=[N+]2CCCC2)C1,13,3,0,0,0,2,0.923076923,1.293981481,2.649444444,1.293981481,0.451837232,222.356,198.164,222.1964742,90,0.349968144,-0.264791899,0.349968144,0.264791899,0.625,1.0625,1.5,15.41880429,10.39358405,2.33444529,-2.234574307,2.169770378,-2.468066198,5.755111792,-0.516184931,1.833405598,246.9022939,10.79468245,10.32692216,10.32692216,7.949489743,7.068186989,7.068186989,5.382464821,5.382464821,4.166715127,4.166715127,3.351392632,3.351392632,-0.73,13274.13387,10.42563,4.640588423,1.918501387,98.72602425,0.0,0.0,0.0,0.0,0.0,5.959554569,14.37534532,0.0,0,0.0,0.0,38.52492974,0.0,39.26853844,4.575525859,5.959554569,9.799819462,0.0,38.52492974,39.26853844,0.0,0.0,0.0,0.0,0.0,0.0,59.60343833,0.0,0.0,38.52492974,0.0,0.0,9.49,0.0,0.0,0,0.0,0.0,0.0,77.79346817,5.959554569,0.0,14.37534532,0.0,2.649444444,5.298888889,0.0,0.0,1.590277778,0.0,8.364166667,7.763888889,0.0,0.923076923,16,0,3,0,3,3,0,0,0,0,0,3,0,0,3,3,3,1.3403,65.8494,0,0,0,3,0,0,0,0,2,0,0,0,0,0,0,1,0,0,0,0,0,0,0,0,0,0,0,0,0,1.0,60,1.0,0.0,24.0,100.0,0.7412190345555556,0.5035755126666667,0.5864093438888889,0
C1CCN(C(N2CCCC2)=[N+]2CCCC2)C1,13,3,0,0,0,2,0.923076923,1.293981481,2.649444444,1.293981481,0.451837232,222.356,198.164,222.1964742,90,0.349968144,-0.264791899,0.349968144,0.264791899,0.625,1.0625,1.5,15.41880429,10.39358405,2.33444529,-2.234574307,2.169770378,-2.468066198,5.755111792,-0.516184931,1.833405598,246.9022939,10.79468245,10.32692216,10.32692216,7.949489743,7.068186989,7.068186989,5.382464821,5.382464821,4.166715127,4.166715127,3.351392632,3.351392632,-0.73,13274.13387,10.42563,4.640588423,1.918501387,98.72602425,0.0,0.0,0.0,0.0,0.0,5.959554569,14.37534532,0.0,0,0.0,0.0,38.52492974,0.0,39.26853844,4.575525859,5.959554569,9.799819462,0.0,38.52492974,39.26853844,0.0,0.0,0.0,0.0,0.0,0.0,59.60343833,0.0,0.0,38.52492974,0.0,0.0,9.49,0.0,0.0,0,0.0,0.0,0.0,77.79346817,5.959554569,0.0,14.37534532,0.0,2.649444444,5.298888889,0.0,0.0,1.590277778,0.0,8.364166667,7.763888889,0.0,0.923076923,16,0,3,0,3,3,0,0,0,0,0,3,0,0,3,3,3,1.3403,65.8494,0,0,0,3,0,0,0,0,2,0,0,0,0,0,0,1,0,0,0,0,0,0,0,0,0,0,0,0,0,1.0,60,1.0,0.0,30.0,100.0,0.7412190345555556,0.5035755126666667,0.5864093438888889,0
C1CCN(C(N2CCCC2)=[N+]2CCCC2)C1,13,3,0,0,0,2,0.923076923,1.293981481,2.649444444,1.293981481,0.451837232,222.356,198.164,222.1964742,90,0.349968144,-0.264791899,0.349968144,0.264791899,0.625,1.0625,1.5,15.41880429,10.39358405,2.33444529,-2.234574307,2.169770378,-2.468066198,5.755111792,-0.516184931,1.833405598,246.9022939,10.79468245,10.32692216,10.32692216,7.949489743,7.068186989,7.068186989,5.382464821,5.382464821,4.166715127,4.166715127,3.351392632,3.351392632,-0.73,13274.13387,10.42563,4.640588423,1.918501387,98.72602425,0.0,0.0,0.0,0.0,0.0,5.959554569,14.37534532,0.0,0,0.0,0.0,38.52492974,0.0,39.26853844,4.575525859,5.959554569,9.799819462,0.0,38.52492974,39.26853844,0.0,0.0,0.0,0.0,0.0,0.0,59.60343833,0.0,0.0,38.52492974,0.0,0.0,9.49,0.0,0.0,0,0.0,0.0,0.0,77.79346817,5.959554569,0.0,14.37534532,0.0,2.649444444,5.298888889,0.0,0.0,1.590277778,0.0,8.364166667,7.763888889,0.0,0.923076923,16,0,3,0,3,3,0,0,0,0,0,3,0,0,3,3,3,1.3403,65.8494,0,0,0,3,0,0,0,0,2,0,0,0,0,0,0,1,0,0,0,0,0,0,0,0,0,0,0,0,0,1.0,60,1.0,0.0,96.0,100.0,0.7412190345555556,0.5035755126666667,0.5864093438888889,0
C1CCN(C(N2CCCC2)=[N+]2CCCC2)C1,13,3,0,0,0,2,0.923076923,1.293981481,2.649444444,1.293981481,0.451837232,222.356,198.164,222.1964742,90,0.349968144,-0.264791899,0.349968144,0.264791899,0.625,1.0625,1.5,15.41880429,10.39358405,2.33444529,-2.234574307,2.169770378,-2.468066198,5.755111792,-0.516184931,1.833405598,246.9022939,10.79468245,10.32692216,10.32692216,7.949489743,7.068186989,7.068186989,5.382464821,5.382464821,4.166715127,4.166715127,3.351392632,3.351392632,-0.73,13274.13387,10.42563,4.640588423,1.918501387,98.72602425,0.0,0.0,0.0,0.0,0.0,5.959554569,14.37534532,0.0,0,0.0,0.0,38.52492974,0.0,39.26853844,4.575525859,5.959554569,9.799819462,0.0,38.52492974,39.26853844,0.0,0.0,0.0,0.0,0.0,0.0,59.60343833,0.0,0.0,38.52492974,0.0,0.0,9.49,0.0,0.0,0,0.0,0.0,0.0,77.79346817,5.959554569,0.0,14.37534532,0.0,2.649444444,5.298888889,0.0,0.0,1.590277778,0.0,8.364166667,7.763888889,0.0,0.923076923,16,0,3,0,3,3,0,0,0,0,0,3,0,0,3,3,3,1.3403,65.8494,0,0,0,3,0,0,0,0,2,0,0,0,0,0,0,1,0,0,0,0,0,0,0,0,0,0,0,0,0,1.0,60,1.0,0.0,133.0,100.0,0.7412190345555556,0.5035755126666667,0.5864093438888889,0
C1CCN(C(N2CCCC2)=[N+]2CCCC2)C1,13,3,0,0,0,2,0.923076923,1.293981481,2.649444444,1.293981481,0.451837232,222.356,198.164,222.1964742,90,0.349968144,-0.264791899,0.349968144,0.264791899,0.625,1.0625,1.5,15.41880429,10.39358405,2.33444529,-2.234574307,2.169770378,-2.468066198,5.755111792,-0.516184931,1.833405598,246.9022939,10.79468245,10.32692216,10.32692216,7.949489743,7.068186989,7.068186989,5.382464821,5.382464821,4.166715127,4.166715127,3.351392632,3.351392632,-0.73,13274.13387,10.42563,4.640588423,1.918501387,98.72602425,0.0,0.0,0.0,0.0,0.0,5.959554569,14.37534532,0.0,0,0.0,0.0,38.52492974,0.0,39.26853844,4.575525859,5.959554569,9.799819462,0.0,38.52492974,39.26853844,0.0,0.0,0.0,0.0,0.0,0.0,59.60343833,0.0,0.0,38.52492974,0.0,0.0,9.49,0.0,0.0,0,0.0,0.0,0.0,77.79346817,5.959554569,0.0,14.37534532,0.0,2.649444444,5.298888889,0.0,0.0,1.590277778,0.0,8.364166667,7.763888889,0.0,0.923076923,16,0,3,0,3,3,0,0,0,0,0,3,0,0,3,3,3,1.3403,65.8494,0,0,0,3,0,0,0,0,2,0,0,0,0,0,0,1,0,0,0,0,0,0,0,0,0,0,0,0,0,1.0,60,1.0,0.0,240.0,100.0,0.7412190345555556,0.5035755126666667,0.5864093438888889,0
C1CCN(C(N2CCCC2)=[N+]2CCCC2)C1,13,3,0,0,0,2,0.923076923,1.293981481,2.649444444,1.293981481,0.451837232,222.356,198.164,222.1964742,90,0.349968144,-0.264791899,0.349968144,0.264791899,0.625,1.0625,1.5,15.41880429,10.39358405,2.33444529,-2.234574307,2.169770378,-2.468066198,5.755111792,-0.516184931,1.833405598,246.9022939,10.79468245,10.32692216,10.32692216,7.949489743,7.068186989,7.068186989,5.382464821,5.382464821,4.166715127,4.166715127,3.351392632,3.351392632,-0.73,13274.13387,10.42563,4.640588423,1.918501387,98.72602425,0.0,0.0,0.0,0.0,0.0,5.959554569,14.37534532,0.0,0,0.0,0.0,38.52492974,0.0,39.26853844,4.575525859,5.959554569,9.799819462,0.0,38.52492974,39.26853844,0.0,0.0,0.0,0.0,0.0,0.0,59.60343833,0.0,0.0,38.52492974,0.0,0.0,9.49,0.0,0.0,0,0.0,0.0,0.0,77.79346817,5.959554569,0.0,14.37534532,0.0,2.649444444,5.298888889,0.0,0.0,1.590277778,0.0,8.364166667,7.763888889,0.0,0.923076923,16,0,3,0,3,3,0,0,0,0,0,3,0,0,3,3,3,1.3403,65.8494,0,0,0,3,0,0,0,0,2,0,0,0,0,0,0,1,0,0,0,0,0,0,0,0,0,0,0,0,0,1.0,60,1.0,0.0,312.0,100.0,0.7412190345555556,0.5035755126666667,0.5864093438888889,0
CCCCC1=[N+](C)C2=C(C=CC=C2)N1C,13,2,0,0,0,1,0.461538462,1.164861111,2.310509259,1.164861111,0.677075635,203.309,184.157,203.154275,80,0.256441263,-0.229974954,0.256441263,0.229974954,1.266666667,2.0,2.666666667,15.13699084,10.22664706,2.174920933,-1.958824139,2.128396755,-2.322951708,5.715008529,-0.653536861,2.540657045,429.5858431,10.83649881,9.825148611,9.825148611,7.253218858,5.676864823,5.676864823,4.12652948,4.12652948,3.132718908,3.132718908,2.204798898,2.204798898,-1.31,3702.010926,10.21605214,4.051069212,1.645116421,91.15147171,0.0,0.0,11.03340144,0.0,5.824404498,0.0,0.0,9.134199296,0,0.0,25.47729296,18.55355576,6.420821623,14.09534397,4.567099648,11.03340144,4.567099648,14.09534397,26.18620207,0.0,30.08987277,0.0,4.567099648,0.0,0.0,0.0,4.567099648,20.51616559,0.0,25.58978494,24.26546827,11.03340144,8.81,0.0,0.0,0,0.0,0.0,6.420821623,29.69944918,0.0,0.0,54.41874873,0.0,4.621018519,0.0,0.0,2.650190854,1.414861111,8.576811697,3.678280896,2.238744331,4.320092593,0.461538462,15,0,2,0,0,0,1,1,2,1,0,2,3,0,0,0,2,2.3454,62.707,0,0,2,2,0,0,0,0,0,0,0,2,1,1,0,0,0,1,0,0,0,0,0,2,0,0,0,0,0,0.5,25,0.0,1.0,0.1,50.0,0.91755274,0.360987498,0.869936245,1
CN1C2=C(C=CC=C2)[N+](C)=C1C1=CC=CC=C1,15,2,0,0,0,1,0.133333333,1.228518519,2.240740741,1.228518519,0.560801996,223.299,208.179,223.1229749,84,0.288886407,-0.225632327,0.288886407,0.225632327,0.882352941,1.529411765,2.235294118,15.13885569,10.18781346,2.199013833,-1.972769903,2.203051009,-2.294202703,5.752809817,-0.633607835,2.379926616,626.9546097,11.82806265,10.09057961,10.09057961,8.2876937,5.776888254,5.776888254,4.296380525,4.296380525,3.27183853,3.27183853,2.459127896,2.459127896,-2.09,14342.32166,10.08892023,3.736217579,1.448313446,100.7487975,0.0,0.0,11.03340144,0.0,5.824404498,0.0,0.0,9.134199296,0,0.0,30.33183534,24.26546827,0.0,19.65879546,4.567099648,11.03340144,4.567099648,14.09534397,0.0,0.0,54.59730362,11.38785599,4.567099648,0.0,0.0,0.0,4.567099648,14.09534397,0.0,0.0,54.59730362,22.42125742,8.81,0.0,0.0,0,0.0,0.0,0.0,22.42125742,0.0,6.066367068,71.76047981,0.0,4.481481481,0.0,0.0,3.760561224,1.228518519,18.96462396,0.0,0.0,4.231481481,0.133333333,17,0,2,0,0,0,2,1,3,1,0,2,1,0,0,0,3,2.6698,69.531,0,0,2,2,0,0,0,0,0,0,0,2,2,1,0,0,0,1,0,0,0,0,0,2,0,0,0,0,0,1.0,80,0.0,1.0,106.0,50.0,0.597315435,0.199924264,0.877444149,1
CN1C=[N+](C)C2=C1C=CC=C2,9,2,0,0,0,1,0.222222222,1.273148148,2.12037037,1.273148148,0.491543083,147.201,136.113,147.0916748,56,0.24379017,-0.232619077,0.24379017,0.232619077,1.272727273,2.0,2.727272727,15.09662569,10.29725551,2.062089095,-1.839626673,2.066014827,-2.246062214,5.707541377,-0.645248799,2.948934456,351.3621052,7.844934983,6.781178537,6.781178537,5.2876937,3.685388835,3.685388835,2.825994653,2.825994653,1.988118337,1.988118337,1.444879978,1.444879978,-1.31,517.0909622,6.403360011,2.087500407,0.826709461,65.69170326,0.0,0.0,11.03340144,6.327320075,0.0,0.0,0.0,9.134199296,0,0.0,12.13273414,12.13273414,0.0,14.09534397,4.567099648,11.03340144,4.567099648,14.09534397,0.0,0.0,30.59278835,0.0,4.567099648,0.0,0.0,0.0,4.567099648,14.09534397,0.0,0.0,30.59278835,11.03340144,8.81,0.0,0.0,0,0.0,0.0,0.0,11.03340144,0.0,0.0,53.82233161,0.0,4.240740741,0.0,0.0,2.546296296,0.0,8.356481481,2.074074074,0.0,4.115740741,0.222222222,11,0,2,0,0,0,1,1,2,1,0,2,0,0,0,0,2,1.0028,44.095,0,0,2,2,0,0,0,0,0,0,0,2,1,1,0,0,0,1,0,0,0,0,0,2,0,0,0,0,0,1.0,80,0.0,1.0,0.8,50.0,0.162896705,0.440682674,0.5682536149999999,1
CC1=[N+](C)C=CN1C,6,2,0,0,0,1,0.5,1.268518519,2.083333333,1.268518519,0.42157426,111.168,100.08,111.0916748,44,0.252282846,-0.237196828,0.252282846,0.237196828,1.625,2.25,2.375,15.1074661,10.67634854,2.001560698,-1.844967415,1.837414484,-2.286614375,4.752575888,-0.676801109,3.194945502,168.9086471,6.14626437,5.549127729,5.549127729,3.715214055,2.691371899,2.691371899,2.067166257,2.067166257,1.534762801,1.534762801,0.664541252,0.664541252,-0.79,75.4050522,5.348696255,1.617020637,0.619399124,49.37498084,0.0,12.39368714,0.0,0.0,5.824404498,0.0,0.0,9.134199296,0,0.0,0.0,0.0,6.9237372,14.09534397,4.567099648,0.0,4.567099648,14.09534397,6.9237372,0.0,18.21809164,0.0,4.567099648,0.0,0.0,0.0,4.567099648,14.09534397,6.9237372,5.824404498,12.39368714,0.0,8.81,0.0,0.0,0,0.0,0.0,0.0,5.824404498,0.0,26.48903111,16.0579365,0.0,4.166666667,0.0,0.0,0.0,1.268518519,0.0,4.074074074,2.083333333,4.074074074,0.5,8,0,2,0,0,0,0,1,1,1,0,2,0,0,0,0,1,0.15802,31.326,0,0,2,2,0,0,0,0,0,0,0,2,0,0,0,0,0,1,0,0,0,0,0,0,0,0,0,0,0,1.0,88,0.0,1.0,1000.0,50.0,0.324813324,0.39008869166666665,0.6349172278333334,1
CN1C=C[N+](C)=C1,5,2,0,0,0,1,0.4,2.0,2.0,2.0,0.398009673,97.141,88.069,97.07602471,38,0.242805372,-0.239541307,0.242805372,0.239541307,1.571428571,2.285714286,2.428571429,15.07055712,10.89450827,1.869333804,-1.721773076,1.704333863,-2.228616334,4.604004512,-0.670477028,3.042002767,138.368693,5.276020882,4.626477999,4.626477999,3.2876937,2.260556083,2.260556083,1.744550407,1.744550407,0.901215098,0.901215098,0.57458681,0.57458681,-0.79,46.67048278,4.371030596,1.369984333,0.796455423,43.01003872,0.0,12.39368714,0.0,6.327320075,0.0,0.0,0.0,9.134199296,0,0.0,0.0,0.0,0.0,14.09534397,4.567099648,0.0,4.567099648,14.09534397,0.0,0.0,18.72100722,0.0,4.567099648,0.0,0.0,0.0,4.567099648,14.09534397,0.0,0.0,18.72100722,0.0,8.81,0.0,0.0,0,0.0,0.0,0.0,0.0,0.0,41.95055048,0.0,0.0,4.0,0.0,0.0,0.0,0.0,0.0,6.0,0.0,4.0,0.4,7,0,2,0,0,0,0,1,1,1,0,2,0,0,0,0,1,-0.1504,26.589,0,0,2,2,0,0,0,0,0,0,0,2,0,0,0,0,0,1,0,0,0,0,0,0,0,0,0,0,0,1.0,80,0.0,1.0,880.0,50.0,0.225474741,0.239012359,0.781636612,1
CN1C=C[N+](C)=C1C(C)(C)C,9,2,0,0,0,1,0.666666667,0.229166667,2.224537037,0.229166667,0.494320101,153.249,136.113,153.138625,62,0.260922307,-0.236484419,0.260922307,0.236484419,1.363636364,1.909090909,2.090909091,15.12668801,9.95330644,2.261865483,-2.133996756,2.167580458,-2.382957556,4.96563489,-0.681692553,3.211286359,233.5167163,8.64626437,8.049127729,8.049127729,4.926538921,3.941371899,3.941371899,4.093559459,4.093559459,1.852876952,1.852876952,1.648124381,1.648124381,-0.79,235.3427841,8.307943193,2.36254405,1.44381074,68.46980718,0.0,12.39368714,0.0,0.0,5.824404498,0.0,0.0,9.134199296,0,0.0,0.0,20.7712116,0.0,19.51033443,4.567099648,0.0,4.567099648,14.09534397,26.18620207,0.0,18.21809164,0.0,4.567099648,0.0,0.0,0.0,4.567099648,19.51033443,0.0,26.5956161,12.39368714,0.0,8.81,0.0,0.0,0,5.414990469,0.0,0.0,5.824404498,0.0,0.0,56.394442,0.0,4.333333333,0.0,0.0,0.229166667,1.344907407,0.0,4.167824074,6.673611111,4.167824074,0.666666667,11,0,2,0,0,0,0,1,1,1,0,2,0,0,0,0,1,1.1471,45.289,0,0,2,2,0,0,0,0,0,0,0,2,0,0,0,0,0,1,0,0,0,0,0,0,0,0,0,0,0,1.0,80,0.0,1.0,170.0,50.0,0.725024821,0.516716963,0.662267908,1
C[N+]1=C2C=CC=CN2C=C1,8,2,0,0,0,1,0.125,1.210648148,2.083333333,1.210648148,0.468941054,133.174,124.102,133.0760247,50,0.285407369,-0.232848503,0.285407369,0.232848503,1.3,2.2,3.0,15.06947386,10.46979599,2.002610576,-1.835968381,1.940847461,-2.247081737,5.299893753,-0.643949053,2.931346196,348.7850779,6.974691495,5.858528806,5.858528806,4.877010098,3.291032328,3.291032328,2.375154552,2.375154552,1.679862231,1.679862231,1.12042076,1.12042076,-1.31,367.4718276,5.472993117,1.836418584,0.620057618,59.3441251,0.0,12.39368714,0.0,0.0,5.647177221,0.0,0.0,8.967794254,0,0.0,6.066367068,6.066367068,6.066367068,13.24451555,4.567099648,5.647177221,4.400694606,7.047671983,0.0,0.0,36.78963192,0.0,4.567099648,0.0,0.0,0.0,4.400694606,7.047671983,0.0,0.0,36.78963192,5.647177221,8.29,0.0,0.0,0,0.0,0.0,0.0,5.647177221,0.0,37.77093683,15.03416132,0.0,4.166666667,0.0,0.0,1.210648148,0.0,6.141203704,6.111111111,0.0,2.037037037,0.125,10,0,2,0,0,0,0,2,2,1,0,2,0,0,0,0,2,0.7638,38.573,0,0,2,2,0,0,0,0,0,0,0,1,0,1,0,0,0,1,0,0,0,0,0,0,0,0,1,0,0,1.0,80,0.0,1.0,779.0,50.0,0.094230767,0.337621886,0.668030305,1
CC(C)(CO)C[N+](C)(C)C,8,1,1,0,0,1,1.0,0.053819444,8.947361111,0.053819444,0.581414858,146.254,126.094,146.1539407,62,0.085392092,-0.395585517,0.395585517,0.085392092,1.2,1.6,1.7,16.25221287,9.93644593,2.239553811,-2.323097609,2.160273575,-2.43615894,4.64290128,-0.87653464,3.887594744,102.3154438,8.414213562,7.808640753,7.808640753,4.267766953,3.6812031,3.6812031,4.770765413,4.770765413,1.330403979,1.330403979,1.334093495,1.334093495,-0.08,68.63881602,9.92,2.887598098,4.76658851,64.05788474,9.589558253,0.0,0.0,0.0,0.0,0.0,0.0,0.0,0,0.0,13.8474744,0.0,5.414990469,34.29465432,9.589558253,0.0,0.0,5.414990469,13.8474744,34.29465432,0.0,0.0,0.0,0.0,0.0,0.0,43.88421257,0.0,5.414990469,13.8474744,0.0,0.0,20.23,0.0,0.0,0,12.02187243,0.0,11.02778726,0.0,0.0,0.0,34.99049035,5.106527395,0.910277778,0.0,8.947361111,0.053819444,0.0,0.0,0.0,5.429583333,6.408958333,1.0,10,1,2,0,0,0,0,0,0,1,1,2,3,0,0,0,0,0.7111,43.7662,1,1,0,1,0,0,0,0,0,0,0,0,0,0,0,0,0,0,0,0,0,0,0,0,0,0,0,1,0,1.0,88,0.0,1.0,1000.0,50.0,1.009377295,0.482347058,0.861410639,1
C=CC1=CC=C(C[N+](C)(C)C)C=C1,12,1,0,0,0,1,0.333333333,0.96571027,3.731271967,0.96571027,0.620805686,176.283,158.139,176.143376,70,0.103741216,-0.327164979,0.327164979,0.103741216,1.153846154,1.692307692,2.076923077,15.27281744,10.12040829,2.067160932,-2.233495063,2.088350239,-2.327094371,5.465102337,-0.88350372,2.752068404,276.9879408,9.897341225,8.748178504,8.748178504,6.010149915,4.529712573,4.529712573,4.394143737,4.394143737,1.872337292,1.872337292,1.306851952,1.306851952,-1.08,649.1022813,10.00389262,3.753576447,3.42820055,80.90125793,4.483030858,6.544756406,0.0,0.0,0.0,0.0,0.0,0.0,0,0.0,36.92042406,5.563451492,5.563451492,21.14301595,4.483030858,6.076020107,0.0,0.0,6.544756406,21.14301595,41.97130694,0.0,0.0,0.0,0.0,0.0,25.62604681,6.544756406,0.0,11.12690298,30.84440396,6.076020107,0.0,0.0,0.0,0,0.0,0.0,11.02778726,11.12690298,0.0,6.076020107,51.98741991,0.0,0.96571027,0.0,0.0,2.558573318,0.0,8.552592593,1.870759637,4.798159722,6.587537793,0.333333333,13,0,1,0,0,0,1,0,1,0,0,1,3,0,0,0,1,2.5358,58.2694,0,0,0,1,0,0,0,0,0,0,0,0,1,0,0,0,0,0,0,0,0,0,0,0,0,0,0,1,0,1.0,80,0.0,1.0,400.0,50.0,0.72676155,0.15467963,0.946409196,1
C1CC[N+]2(C1)CCCC2,8,1,0,0,0,1,1.0,1.5,1.5,1.5,0.430223716,126.223,110.095,126.1277259,52,0.078834538,-0.323595847,0.323595847,0.078834538,0.555555556,0.888888889,1.222222222,15.37240684,10.39358405,2.339417952,-2.274315447,2.253415342,-2.412139329,4.599106063,-0.904464405,2.040939774,79.62548783,6.156854249,6.104067845,6.104067845,4.414213562,4.264911064,4.264911064,3.65028154,3.65028154,3.029822128,3.029822128,2.459674775,2.459674775,-0.04,257.6738012,5.722890921,1.978612327,0.876582755,57.25198868,4.483030858,0.0,0.0,0.0,0.0,0.0,0.0,0.0,0,0.0,0.0,0.0,25.68328649,26.17902562,4.483030858,0.0,0.0,0.0,25.68328649,26.17902562,0.0,0.0,0.0,0.0,0.0,0.0,30.66205648,0.0,0.0,25.68328649,0.0,0.0,0.0,0.0,0.0,0,0.0,0.0,0.0,56.34534297,0.0,0.0,0.0,0.0,1.5,0.0,0.0,0.0,0.0,0.0,6.0,6.0,0.0,1.0,9,0,1,0,2,2,0,0,0,0,0,1,0,0,2,2,2,1.3908,38.1964,0,0,0,1,0,0,0,0,0,0,0,0,0,0,0,0,0,0,0,0,0,0,0,0,0,0,0,1,0,2.0,80,0.75,0.25,168.0,4.5,0.89697032575,0.35809252275000003,0.97675025925,0
C1CC[N+]2(CC1)CCCC2,9,1,0,0,0,1,1.0,1.5,1.5,1.5,0.44989114,140.25,122.106,140.143376,58,0.078834491,-0.323602411,0.323602411,0.078834491,0.5,0.9,1.4,15.3633477,10.09949988,2.321644225,-2.369953684,2.246889525,-2.48237539,4.592322262,-0.920647925,1.977480115,105.8966738,6.863961031,6.811174626,6.811174626,4.914213562,4.764911064,4.764911064,4.00383493,4.00383493,3.279822128,3.279822128,2.636451471,2.636451471,-0.04,392.6569363,6.656627418,2.536710801,1.072642205,63.61693079,4.483030858,0.0,0.0,0.0,0.0,0.0,0.0,0.0,0,0.0,0.0,19.26246487,12.84164325,26.17902562,4.483030858,0.0,0.0,0.0,32.10410811,26.17902562,0.0,0.0,0.0,0.0,0.0,0.0,30.66205648,0.0,0.0,32.10410811,0.0,0.0,0.0,0.0,0.0,0,0.0,0.0,0.0,62.7661646,0.0,0.0,0.0,0.0,1.5,0.0,0.0,0.0,0.0,0.0,7.5,6.0,0.0,1.0,10,0,1,0,2,2,0,0,0,0,0,1,0,0,2,2,2,1.7809,42.8134,0,0,0,1,0,0,0,0,0,0,0,0,0,0,0,0,0,0,0,0,0,0,0,0,1,0,0,1,0,2.0,80,0.75,0.25,168.0,2.8,0.9102973726666667,0.36133167166666674,0.9502541566666668,0
C1CCC[N+]2(CC1)CCCC2,10,1,0,0,0,1,1.0,1.5,1.5,1.5,0.469065256,154.277,134.117,154.1590261,64,0.07883449,-0.323602464,0.323602464,0.07883449,0.454545455,0.818181818,1.272727273,15.36030527,10.2098642,2.311674623,-2.322773482,2.242184233,-2.452113064,4.587525388,-0.915525521,1.972667123,114.8344669,7.571067812,7.518281407,7.518281407,5.414213562,5.264911064,5.264911064,4.357388321,4.357388321,3.529822128,3.529822128,2.813228166,2.813228166,-0.04,553.3263248,7.600932428,3.139132041,1.584033638,69.98187291,4.483030858,0.0,0.0,0.0,0.0,0.0,0.0,0.0,0,0.0,0.0,25.68328649,12.84164325,26.17902562,4.483030858,0.0,0.0,0.0,38.52492974,26.17902562,0.0,0.0,0.0,0.0,0.0,0.0,30.66205648,0.0,0.0,38.52492974,0.0,0.0,0.0,0.0,0.0,0,0.0,0.0,0.0,69.18698622,0.0,0.0,0.0,0.0,1.5,0.0,0.0,0.0,0.0,0.0,9.0,6.0,0.0,1.0,11,0,1,0,2,2,0,0,0,0,0,1,0,0,2,2,2,2.171,47.4304,0,0,0,1,0,0,0,0,0,0,0,0,0,0,0,0,0,0,0,0,0,0,0,0,0,0,0,1,0,2.0,80,0.75,0.25,168.0,6.4,0.8725326399999999,0.3122633796666667,0.9140532543333334,0
CCCC[N+]1(C)CCCC1,9,1,0,0,0,1,1.0,1.355,2.405416667,1.355,0.528866095,142.266,122.106,142.1590261,60,0.078627625,-0.326037383,0.326037383,0.078627625,1.2,1.8,2.3,15.33615721,10.27647584,2.246735375,-2.282945,2.162358186,-2.408798699,4.508065721,-0.897402108,2.21874475,92.90138861,7.449747468,7.396961064,7.396961064,4.767766953,4.603003675,4.603003675,3.850984256,3.850984256,2.697398731,2.697398731,1.86229292,1.86229292,-0.04,244.7397616,8.060401606,3.380057918,1.978612327,64.62276195,4.483030858,0.0,0.0,0.0,0.0,0.0,0.0,0.0,0,0.0,13.34455882,6.420821623,12.84164325,26.6819412,4.483030858,0.0,0.0,0.0,32.60702369,26.6819412,0.0,0.0,0.0,0.0,0.0,0.0,31.16497206,0.0,0.0,32.60702369,0.0,0.0,0.0,0.0,0.0,0,0.0,0.0,0.0,49.80058657,0.0,0.0,13.97140918,0.0,1.355,0.0,0.0,0.0,0.0,0.0,5.685286281,6.554297052,2.405416667,1.0,10,0,1,0,1,1,0,0,0,0,0,1,3,0,1,1,1,2.0269,44.9274,0,0,0,1,0,0,0,0,1,0,0,0,0,0,0,0,0,0,0,0,0,0,0,0,0,0,0,1,0,2.0,80,0.75,0.25,168.0,9.1,0.8516828327999999,0.25643609180000004,0.9346285656,0
C[N+]12CCN(CC1)CC2,7,2,0,0,0,1,1.0,1.34375,2.572916667,1.34375,0.405998314,127.211,112.091,127.1229749,52,0.09141512,-0.322862006,0.322862006,0.09141512,1.0,1.444444444,1.666666667,15.43350124,10.16549466,2.334999889,-2.475702815,2.147881524,-2.646457931,4.682049453,-0.922474643,2.112777928,100.3101209,6.319990956,6.137067878,6.137067878,4.285405043,3.844580192,3.844580192,3.631964871,3.631964871,2.868186989,2.868186989,1.819348531,1.819348531,-0.08,166.9245307,5.68580385,1.703725895,0.864355867,56.64688023,4.483030858,0.0,0.0,0.0,0.0,0.0,4.899909731,0.0,0,0.0,0.0,0.0,19.63426922,26.6819412,4.483030858,0.0,4.899909731,0.0,0.0,46.31621042,0.0,0.0,0.0,0.0,0.0,0.0,55.69915101,0.0,0.0,0.0,0.0,0.0,3.24,0.0,0.0,0,0.0,0.0,0.0,43.75156929,0.0,0.0,11.94758171,0.0,1.34375,2.572916667,0.0,0.0,0.0,0.0,0.0,8.197916667,2.385416667,1.0,9,0,2,0,3,3,0,0,0,1,0,2,0,0,3,3,3,-0.2378,37.2254,0,0,0,2,0,0,0,1,0,0,0,0,0,3,0,0,0,0,0,0,0,0,0,0,0,3,0,1,0,2.0,80,0.75,0.25,168.0,14.6,0.9883244113333333,0.627628632,0.9999964403333333,0
C[N+](C)(C)Cc1ccccc1,10,1,0,0,0,1,0.4,0.990092593,2.201388889,0.990092593,0.564733409,150.245,134.117,150.1277259,60,0.10374051,-0.327164983,0.327164983,0.10374051,1.0,1.545454545,2.0,15.2727943,10.18617015,2.059732163,-2.231752379,2.044948953,-2.326798315,5.127404025,-0.883503644,2.657660985,208.0644284,8.319990956,7.541071723,7.541071723,5.078298262,3.922105546,3.922105546,3.934036527,3.934036527,1.499740497,1.499740497,1.131142384,1.131142384,-0.82,244.8579632,8.278231827,3.054898793,3.190046349,68.86097673,4.483030858,6.544756406,0.0,0.0,0.0,0.0,0.0,0.0,0,0.0,30.33183534,0.0,5.563451492,21.14301595,4.483030858,0.0,0.0,0.0,6.544756406,21.14301595,35.89528683,0.0,0.0,0.0,0.0,0.0,25.62604681,6.544756406,0.0,5.563451492,30.33183534,0.0,0.0,0.0,0.0,0,0.0,0.0,11.02778726,5.563451492,0.0,0.0,51.47485129,0.0,0.990092593,0.0,0.0,1.402777778,0.0,10.57157407,0.0,1.098055556,6.604166667,0.4,11,0,1,0,0,0,1,0,1,0,0,1,2,0,0,0,1,1.8928,48.1784,0,0,0,1,0,0,0,0,0,0,0,0,1,0,0,0,0,0,0,0,0,0,0,0,0,0,0,1,0,2.0,80,0.75,0.25,168.0,15.2,0.7445308335,0.24762724886,0.9092085232799999,0
C1CC[N+]2(C1)CCCC2,8,1,0,0,0,1,1.0,1.5,1.5,1.5,0.430223716,126.223,110.095,126.1277259,52,0.078834538,-0.323595847,0.323595847,0.078834538,0.555555556,0.888888889,1.222222222,15.37240684,10.39358405,2.339417952,-2.274315447,2.253415342,-2.412139329,4.599106063,-0.904464405,2.040939774,79.62548783,6.156854249,6.104067845,6.104067845,4.414213562,4.264911064,4.264911064,3.65028154,3.65028154,3.029822128,3.029822128,2.459674775,2.459674775,-0.04,257.6738012,5.722890921,1.978612327,0.876582755,57.25198868,4.483030858,0.0,0.0,0.0,0.0,0.0,0.0,0.0,0,0.0,0.0,0.0,25.68328649,26.17902562,4.483030858,0.0,0.0,0.0,25.68328649,26.17902562,0.0,0.0,0.0,0.0,0.0,0.0,30.66205648,0.0,0.0,25.68328649,0.0,0.0,0.0,0.0,0.0,0,0.0,0.0,0.0,56.34534297,0.0,0.0,0.0,0.0,1.5,0.0,0.0,0.0,0.0,0.0,6.0,6.0,0.0,1.0,9,0,1,0,2,2,0,0,0,0,0,1,0,0,2,2,2,1.3908,38.1964,0,0,0,1,0,0,0,0,0,0,0,0,0,0,0,0,0,0,0,0,0,0,0,0,0,0,0,1,0,4.0,80,0.75,0.25,96.0,13.9,0.89697032575,0.35809252275000003,0.97675025925,0
C1CC[N+]2(CC1)CCCC2,9,1,0,0,0,1,1.0,1.5,1.5,1.5,0.44989114,140.25,122.106,140.143376,58,0.078834491,-0.323602411,0.323602411,0.078834491,0.5,0.9,1.4,15.3633477,10.09949988,2.321644225,-2.369953684,2.246889525,-2.48237539,4.592322262,-0.920647925,1.977480115,105.8966738,6.863961031,6.811174626,6.811174626,4.914213562,4.764911064,4.764911064,4.00383493,4.00383493,3.279822128,3.279822128,2.636451471,2.636451471,-0.04,392.6569363,6.656627418,2.536710801,1.072642205,63.61693079,4.483030858,0.0,0.0,0.0,0.0,0.0,0.0,0.0,0,0.0,0.0,19.26246487,12.84164325,26.17902562,4.483030858,0.0,0.0,0.0,32.10410811,26.17902562,0.0,0.0,0.0,0.0,0.0,0.0,30.66205648,0.0,0.0,32.10410811,0.0,0.0,0.0,0.0,0.0,0,0.0,0.0,0.0,62.7661646,0.0,0.0,0.0,0.0,1.5,0.0,0.0,0.0,0.0,0.0,7.5,6.0,0.0,1.0,10,0,1,0,2,2,0,0,0,0,0,1,0,0,2,2,2,1.7809,42.8134,0,0,0,1,0,0,0,0,0,0,0,0,0,0,0,0,0,0,0,0,0,0,0,0,1,0,0,1,0,4.0,80,0.75,0.25,96.0,3.9,0.9102973726666667,0.36133167166666674,0.9502541566666668,0
C1CCC[N+]2(CC1)CCCC2,10,1,0,0,0,1,1.0,1.5,1.5,1.5,0.469065256,154.277,134.117,154.1590261,64,0.07883449,-0.323602464,0.323602464,0.07883449,0.454545455,0.818181818,1.272727273,15.36030527,10.2098642,2.311674623,-2.322773482,2.242184233,-2.452113064,4.587525388,-0.915525521,1.972667123,114.8344669,7.571067812,7.518281407,7.518281407,5.414213562,5.264911064,5.264911064,4.357388321,4.357388321,3.529822128,3.529822128,2.813228166,2.813228166,-0.04,553.3263248,7.600932428,3.139132041,1.584033638,69.98187291,4.483030858,0.0,0.0,0.0,0.0,0.0,0.0,0.0,0,0.0,0.0,25.68328649,12.84164325,26.17902562,4.483030858,0.0,0.0,0.0,38.52492974,26.17902562,0.0,0.0,0.0,0.0,0.0,0.0,30.66205648,0.0,0.0,38.52492974,0.0,0.0,0.0,0.0,0.0,0,0.0,0.0,0.0,69.18698622,0.0,0.0,0.0,0.0,1.5,0.0,0.0,0.0,0.0,0.0,9.0,6.0,0.0,1.0,11,0,1,0,2,2,0,0,0,0,0,1,0,0,2,2,2,2.171,47.4304,0,0,0,1,0,0,0,0,0,0,0,0,0,0,0,0,0,0,0,0,0,0,0,0,0,0,0,1,0,4.0,80,0.75,0.25,96.0,14.9,0.8725326399999999,0.3122633796666667,0.9140532543333334,0
CCCC[N+]1(C)CCCC1,9,1,0,0,0,1,1.0,1.355,2.405416667,1.355,0.528866095,142.266,122.106,142.1590261,60,0.078627625,-0.326037383,0.326037383,0.078627625,1.2,1.8,2.3,15.33615721,10.27647584,2.246735375,-2.282945,2.162358186,-2.408798699,4.508065721,-0.897402108,2.21874475,92.90138861,7.449747468,7.396961064,7.396961064,4.767766953,4.603003675,4.603003675,3.850984256,3.850984256,2.697398731,2.697398731,1.86229292,1.86229292,-0.04,244.7397616,8.060401606,3.380057918,1.978612327,64.62276195,4.483030858,0.0,0.0,0.0,0.0,0.0,0.0,0.0,0,0.0,13.34455882,6.420821623,12.84164325,26.6819412,4.483030858,0.0,0.0,0.0,32.60702369,26.6819412,0.0,0.0,0.0,0.0,0.0,0.0,31.16497206,0.0,0.0,32.60702369,0.0,0.0,0.0,0.0,0.0,0,0.0,0.0,0.0,49.80058657,0.0,0.0,13.97140918,0.0,1.355,0.0,0.0,0.0,0.0,0.0,5.685286281,6.554297052,2.405416667,1.0,10,0,1,0,1,1,0,0,0,0,0,1,3,0,1,1,1,2.0269,44.9274,0,0,0,1,0,0,0,0,1,0,0,0,0,0,0,0,0,0,0,0,0,0,0,0,0,0,0,1,0,4.0,80,0.75,0.25,96.0,15.3,0.8516828327999999,0.25643609180000004,0.9346285656,0
C[N+]12CCN(CC1)CC2,7,2,0,0,0,1,1.0,1.34375,2.572916667,1.34375,0.405998314,127.211,112.091,127.1229749,52,0.09141512,-0.322862006,0.322862006,0.09141512,1.0,1.444444444,1.666666667,15.43350124,10.16549466,2.334999889,-2.475702815,2.147881524,-2.646457931,4.682049453,-0.922474643,2.112777928,100.3101209,6.319990956,6.137067878,6.137067878,4.285405043,3.844580192,3.844580192,3.631964871,3.631964871,2.868186989,2.868186989,1.819348531,1.819348531,-0.08,166.9245307,5.68580385,1.703725895,0.864355867,56.64688023,4.483030858,0.0,0.0,0.0,0.0,0.0,4.899909731,0.0,0,0.0,0.0,0.0,19.63426922,26.6819412,4.483030858,0.0,4.899909731,0.0,0.0,46.31621042,0.0,0.0,0.0,0.0,0.0,0.0,55.69915101,0.0,0.0,0.0,0.0,0.0,3.24,0.0,0.0,0,0.0,0.0,0.0,43.75156929,0.0,0.0,11.94758171,0.0,1.34375,2.572916667,0.0,0.0,0.0,0.0,0.0,8.197916667,2.385416667,1.0,9,0,2,0,3,3,0,0,0,1,0,2,0,0,3,3,3,-0.2378,37.2254,0,0,0,2,0,0,0,1,0,0,0,0,0,3,0,0,0,0,0,0,0,0,0,0,0,3,0,1,0,4.0,80,0.75,0.25,96.0,15.9,0.9883244113333333,0.627628632,0.9999964403333333,0
C[N+](C)(C)Cc1ccccc1,10,1,0,0,0,1,0.4,0.990092593,2.201388889,0.990092593,0.564733409,150.245,134.117,150.1277259,60,0.10374051,-0.327164983,0.327164983,0.10374051,1.0,1.545454545,2.0,15.2727943,10.18617015,2.059732163,-2.231752379,2.044948953,-2.326798315,5.127404025,-0.883503644,2.657660985,208.0644284,8.319990956,7.541071723,7.541071723,5.078298262,3.922105546,3.922105546,3.934036527,3.934036527,1.499740497,1.499740497,1.131142384,1.131142384,-0.82,244.8579632,8.278231827,3.054898793,3.190046349,68.86097673,4.483030858,6.544756406,0.0,0.0,0.0,0.0,0.0,0.0,0,0.0,30.33183534,0.0,5.563451492,21.14301595,4.483030858,0.0,0.0,0.0,6.544756406,21.14301595,35.89528683,0.0,0.0,0.0,0.0,0.0,25.62604681,6.544756406,0.0,5.563451492,30.33183534,0.0,0.0,0.0,0.0,0,0.0,0.0,11.02778726,5.563451492,0.0,0.0,51.47485129,0.0,0.990092593,0.0,0.0,1.402777778,0.0,10.57157407,0.0,1.098055556,6.604166667,0.4,11,0,1,0,0,0,1,0,1,0,0,1,2,0,0,0,1,1.8928,48.1784,0,0,0,1,0,0,0,0,0,0,0,0,1,0,0,0,0,0,0,0,0,0,0,0,0,0,0,1,0,4.0,80,0.75,0.25,96.0,18.0,0.7445308335,0.24762724886,0.9092085232799999,0
C1CC[N+]2(C1)CCCC2,8,1,0,0,0,1,1.0,1.5,1.5,1.5,0.430223716,126.223,110.095,126.1277259,52,0.078834538,-0.323595847,0.323595847,0.078834538,0.555555556,0.888888889,1.222222222,15.37240684,10.39358405,2.339417952,-2.274315447,2.253415342,-2.412139329,4.599106063,-0.904464405,2.040939774,79.62548783,6.156854249,6.104067845,6.104067845,4.414213562,4.264911064,4.264911064,3.65028154,3.65028154,3.029822128,3.029822128,2.459674775,2.459674775,-0.04,257.6738012,5.722890921,1.978612327,0.876582755,57.25198868,4.483030858,0.0,0.0,0.0,0.0,0.0,0.0,0.0,0,0.0,0.0,0.0,25.68328649,26.17902562,4.483030858,0.0,0.0,0.0,25.68328649,26.17902562,0.0,0.0,0.0,0.0,0.0,0.0,30.66205648,0.0,0.0,25.68328649,0.0,0.0,0.0,0.0,0.0,0,0.0,0.0,0.0,56.34534297,0.0,0.0,0.0,0.0,1.5,0.0,0.0,0.0,0.0,0.0,6.0,6.0,0.0,1.0,9,0,1,0,2,2,0,0,0,0,0,1,0,0,2,2,2,1.3908,38.1964,0,0,0,1,0,0,0,0,0,0,0,0,0,0,0,0,0,0,0,0,0,0,0,0,0,0,0,1,0,8.0,80,0.75,0.25,72.0,63.5,0.89697032575,0.35809252275000003,0.97675025925,0
C1CC[N+]2(CC1)CCCC2,9,1,0,0,0,1,1.0,1.5,1.5,1.5,0.44989114,140.25,122.106,140.143376,58,0.078834491,-0.323602411,0.323602411,0.078834491,0.5,0.9,1.4,15.3633477,10.09949988,2.321644225,-2.369953684,2.246889525,-2.48237539,4.592322262,-0.920647925,1.977480115,105.8966738,6.863961031,6.811174626,6.811174626,4.914213562,4.764911064,4.764911064,4.00383493,4.00383493,3.279822128,3.279822128,2.636451471,2.636451471,-0.04,392.6569363,6.656627418,2.536710801,1.072642205,63.61693079,4.483030858,0.0,0.0,0.0,0.0,0.0,0.0,0.0,0,0.0,0.0,19.26246487,12.84164325,26.17902562,4.483030858,0.0,0.0,0.0,32.10410811,26.17902562,0.0,0.0,0.0,0.0,0.0,0.0,30.66205648,0.0,0.0,32.10410811,0.0,0.0,0.0,0.0,0.0,0,0.0,0.0,0.0,62.7661646,0.0,0.0,0.0,0.0,1.5,0.0,0.0,0.0,0.0,0.0,7.5,6.0,0.0,1.0,10,0,1,0,2,2,0,0,0,0,0,1,0,0,2,2,2,1.7809,42.8134,0,0,0,1,0,0,0,0,0,0,0,0,0,0,0,0,0,0,0,0,0,0,0,0,1,0,0,1,0,8.0,80,0.75,0.25,72.0,31.9,0.9102973726666667,0.36133167166666674,0.9502541566666668,0
C1CCC[N+]2(CC1)CCCC2,10,1,0,0,0,1,1.0,1.5,1.5,1.5,0.469065256,154.277,134.117,154.1590261,64,0.07883449,-0.323602464,0.323602464,0.07883449,0.454545455,0.818181818,1.272727273,15.36030527,10.2098642,2.311674623,-2.322773482,2.242184233,-2.452113064,4.587525388,-0.915525521,1.972667123,114.8344669,7.571067812,7.518281407,7.518281407,5.414213562,5.264911064,5.264911064,4.357388321,4.357388321,3.529822128,3.529822128,2.813228166,2.813228166,-0.04,553.3263248,7.600932428,3.139132041,1.584033638,69.98187291,4.483030858,0.0,0.0,0.0,0.0,0.0,0.0,0.0,0,0.0,0.0,25.68328649,12.84164325,26.17902562,4.483030858,0.0,0.0,0.0,38.52492974,26.17902562,0.0,0.0,0.0,0.0,0.0,0.0,30.66205648,0.0,0.0,38.52492974,0.0,0.0,0.0,0.0,0.0,0,0.0,0.0,0.0,69.18698622,0.0,0.0,0.0,0.0,1.5,0.0,0.0,0.0,0.0,0.0,9.0,6.0,0.0,1.0,11,0,1,0,2,2,0,0,0,0,0,1,0,0,2,2,2,2.171,47.4304,0,0,0,1,0,0,0,0,0,0,0,0,0,0,0,0,0,0,0,0,0,0,0,0,0,0,0,1,0,8.0,80,0.75,0.25,72.0,71.2,0.8725326399999999,0.3122633796666667,0.9140532543333334,0
CCN1C=C[N+](CC)=C1,7,2,0,0,0,1,0.571428571,1.0625,2.15625,1.0625,0.517264218,125.195,112.091,125.1073248,50,0.243232025,-0.237119269,0.243232025,0.237119269,1.444444444,2.222222222,2.555555556,15.09883911,10.71507637,1.953151997,-1.840686168,1.807522338,-2.282884293,4.635871197,-0.692619827,2.740568234,160.2967608,6.690234444,6.040691561,6.040691561,4.363703305,3.412797987,3.412797987,2.074507123,2.074507123,1.476547163,1.476547163,0.812864752,0.812864752,-0.79,173.1832348,6.33180268,2.667270004,1.312742009,55.73992295,0.0,12.39368714,0.0,6.327320075,0.0,0.0,0.0,9.134199296,0,0.0,0.0,13.8474744,0.0,13.08951281,4.567099648,0.0,4.567099648,0.0,26.93698721,0.0,18.72100722,0.0,4.567099648,0.0,0.0,0.0,4.567099648,13.08951281,0.0,13.8474744,18.72100722,0.0,8.81,0.0,0.0,0,0.0,0.0,13.08951281,0.0,0.0,0.0,41.70268091,0.0,4.3125,0.0,0.0,0.0,0.0,0.0,6.284722222,6.402777778,0.0,0.571428571,9,0,2,0,0,0,0,1,1,1,0,2,2,0,0,0,1,0.8154,35.975,0,0,2,2,0,0,0,0,0,0,0,2,0,0,0,0,0,1,0,0,0,0,0,0,0,0,0,0,0,2.0,80,0.0,1.0,0.0,0.0,0.6682908775714286,0.20569817571428572,0.9068310605714285,0
CCN1C=C[N+](CC)=C1C,8,2,0,0,0,1,0.625,1.068287037,2.239583333,1.068287037,0.542941288,139.222,124.102,139.1229749,56,0.252708722,-0.234774984,0.252708722,0.234774984,1.5,2.2,2.5,15.13397797,10.57331327,2.061801294,-1.930260203,1.910367424,-2.333518491,4.777545787,-0.698635641,2.967130298,191.5322095,7.560477932,6.963341292,6.963341292,4.79122366,3.843613803,3.843613803,2.417386552,2.417386552,1.939250579,1.939250579,1.21013606,1.21013606,-0.79,248.6910144,7.318577633,2.862742982,1.058162668,62.10486507,0.0,12.39368714,0.0,0.0,5.824404498,0.0,0.0,9.134199296,0,0.0,0.0,13.8474744,6.9237372,13.08951281,4.567099648,0.0,4.567099648,0.0,33.86072441,0.0,18.21809164,0.0,4.567099648,0.0,0.0,0.0,4.567099648,13.08951281,6.9237372,19.6718789,12.39368714,0.0,8.81,0.0,0.0,0,0.0,0.0,13.08951281,5.824404498,0.0,0.0,42.29909804,0.0,4.479166667,0.0,0.0,0.0,1.337962963,0.0,4.247685185,8.601851852,0.0,0.625,10,0,2,0,0,0,0,1,1,1,0,2,2,0,0,0,1,1.12382,40.712,0,0,2,2,0,0,0,0,0,0,0,2,0,0,0,0,0,1,0,0,0,0,0,0,0,0,0,0,0,2.0,80,0.0,1.0,0.0,0.0,0.7212606681428572,0.29657080971428573,0.8371827037142857,0
CCN1C2=C(C=CC=C2)[N+](CC)=C1C,12,2,0,0,0,1,0.416666667,1.041018519,2.359953704,1.041018519,0.640826892,189.282,172.146,189.138625,74,0.253699929,-0.227748985,0.253699929,0.227748985,1.214285714,1.928571429,2.571428571,15.15694944,10.28793477,2.173130018,-1.941029227,2.128696907,-2.344808726,5.716401405,-0.674486866,2.845612774,413.5348232,10.12939203,9.11804183,9.11804183,6.79122366,5.268446555,5.268446555,3.524445792,3.524445792,2.877034209,2.877034209,2.213341185,2.213341185,-1.31,2349.748555,9.253025268,3.445708144,1.138688315,84.7865296,0.0,0.0,11.03340144,0.0,5.824404498,0.0,0.0,9.134199296,0,0.0,12.13273414,25.98020854,6.9237372,13.08951281,4.567099648,11.03340144,4.567099648,0.0,33.86072441,0.0,30.08987277,0.0,4.567099648,0.0,0.0,0.0,4.567099648,13.08951281,6.9237372,19.6718789,24.26546827,11.03340144,8.81,0.0,0.0,0,0.0,0.0,13.08951281,16.85780593,0.0,0.0,54.17087917,0.0,4.719907407,0.0,0.0,2.683981481,1.343703704,8.595092593,0.0,8.657314815,0.0,0.416666667,14,0,2,0,0,0,1,1,2,1,0,2,2,0,0,0,2,2.27702,58.218,0,0,2,2,0,0,0,0,0,0,0,2,1,1,0,0,0,1,0,0,0,0,0,2,0,0,0,0,0,2.0,80,0.0,1.0,0.0,0.0,0.6088522822857143,0.5270166198571429,0.5457599785714286,0
CC[N+]1=CC=CC=C1,7,1,0,0,0,1,0.285714286,1.056388889,2.125,1.056388889,0.472305948,108.164,98.084,108.0807757,42,0.168256311,-0.20541497,0.20541497,0.168256311,1.125,1.75,2.125,14.90893006,10.47166327,1.858056109,-1.843082776,1.740745878,-2.29595351,4.828455414,-0.693140439,2.832085835,145.7328145,5.819990956,5.041071723,5.041071723,3.931851653,2.87306566,2.87306566,1.705940002,1.705940002,1.142454291,1.142454291,0.645136662,0.645136662,-0.85,91.36757728,5.28986014,2.455694606,1.059403088,49.59090682,0.0,6.544756406,12.39368714,0.0,0.0,0.0,0.0,4.567099648,0,0.0,6.066367068,6.9237372,12.13273414,0.0,4.567099648,0.0,0.0,0.0,13.46849361,0.0,30.59278835,0.0,4.567099648,0.0,0.0,0.0,0.0,6.544756406,0.0,6.9237372,30.59278835,0.0,3.88,0.0,0.0,0,0.0,0.0,6.544756406,0.0,0.0,18.19910121,23.88452399,0.0,2.125,0.0,0.0,0.0,0.0,6.0825,4.111111111,3.181388889,0.0,0.285714286,8,0,1,0,0,0,0,1,1,0,0,1,1,0,0,0,1,0.994,32.311,0,0,1,1,0,0,0,0,0,0,0,1,0,0,0,0,0,0,0,0,0,0,0,0,0,0,1,0,0,2.0,80,0.0,1.0,0.0,0.0,0.5134707148571429,0.2738412782857143,0.8272193367142856,0
CC[N+]1(C)CCCC1,7,1,0,0,0,1,1.0,1.319444444,2.354166667,1.319444444,0.449952788,114.212,98.084,114.1277259,48,0.078619894,-0.326265893,0.326265893,0.078619894,1.25,1.75,2.0,15.33348256,10.39358405,2.23028601,-2.263235674,2.139532621,-2.395984082,4.486020013,-0.895371398,2.399681801,72.45601116,6.035533906,5.982747501,5.982747501,3.767766953,3.603003675,3.603003675,3.090051834,3.090051834,2.409338255,2.409338255,1.415079324,1.415079324,-0.04,88.95348294,6.085628141,2.058167191,1.025055201,51.89287772,4.483030858,0.0,0.0,0.0,0.0,0.0,0.0,0.0,0,0.0,0.0,6.9237372,12.84164325,26.6819412,4.483030858,0.0,0.0,0.0,19.76538045,26.6819412,0.0,0.0,0.0,0.0,0.0,0.0,31.16497206,0.0,0.0,19.76538045,0.0,0.0,0.0,0.0,0.0,0,0.0,0.0,0.0,36.95894332,0.0,0.0,13.97140918,0.0,1.319444444,0.0,0.0,0.0,0.0,0.0,2.8975,6.428888889,2.354166667,1.0,8,0,1,0,1,1,0,0,0,0,0,1,1,0,1,1,1,1.2467,35.6934,0,0,0,1,0,0,0,0,1,0,0,0,0,0,0,0,0,0,0,0,0,0,0,0,0,0,0,1,0,2.0,80,0.0,1.0,0.0,0.0,0.8838486080740742,0.48621441092592593,0.894186241037037,0
CC[P+](C)(C)C,5,0,0,0,1,1,1.0,-0.396604938,2.354166667,0.396604938,0.446716927,105.141,91.029,105.0827635,38,0.055763125,-0.031156954,0.055763125,0.031156954,1.166666667,1.333333333,1.333333333,31.18282092,10.98136925,2.10310813,-2.046682155,2.446993128,-1.843324732,7.732016534,1.467583746,3.168489873,33.69332843,5.207106781,5.154320377,6.048747568,2.560660172,2.364975334,5.680712439,2.606551851,7.819655552,0.948683298,2.846049894,0.0,0.0,0.43,12.16479704,6.43,1.930321529,4.43,41.28359995,0.0,0.0,0.0,0.0,0.0,0.0,0.0,0.0,0,0.0,0.0,6.9237372,27.256956,6.161910027,0.0,7.262479191,0.0,0.0,6.9237372,26.15638684,0.0,0.0,0.0,0.0,0.0,7.262479191,26.15638684,0.0,0.0,6.9237372,0.0,0.0,0.0,7.262479191,0.0,0,0.0,0.0,0.0,6.161910027,0.0,0.0,26.91821401,0.0,0.0,0.0,0.0,0.0,0.0,0.0,1.381944444,9.320216049,-0.396604938,1.0,6,0,0,0,0,0,0,0,0,0,0,1,1,0,0,0,0,1.9133,35.233,0,0,0,0,0,0,0,0,0,0,0,0,0,0,0,0,0,0,0,0,0,0,0,0,0,0,0,0,0,2.0,80,0.0,1.0,0.0,0.0,1.0351944831428572,0.5990615904285714,0.9996363154285713,0
C[N+](C)(C)Cc1ccccc1,10,1,0,0,0,1,0.4,0.990092593,2.201388889,0.990092593,0.564733409,150.245,134.117,150.1277259,60,0.10374051,-0.327164983,0.327164983,0.10374051,1.0,1.545454545,2.0,15.2727943,10.18617015,2.059732163,-2.231752379,2.044948953,-2.326798315,5.127404025,-0.883503644,2.657660985,208.0644284,8.319990956,7.541071723,7.541071723,5.078298262,3.922105546,3.922105546,3.934036527,3.934036527,1.499740497,1.499740497,1.131142384,1.131142384,-0.82,244.8579632,8.278231827,3.054898793,3.190046349,68.86097673,4.483030858,6.544756406,0.0,0.0,0.0,0.0,0.0,0.0,0,0.0,30.33183534,0.0,5.563451492,21.14301595,4.483030858,0.0,0.0,0.0,6.544756406,21.14301595,35.89528683,0.0,0.0,0.0,0.0,0.0,25.62604681,6.544756406,0.0,5.563451492,30.33183534,0.0,0.0,0.0,0.0,0,0.0,0.0,11.02778726,5.563451492,0.0,0.0,51.47485129,0.0,0.990092593,0.0,0.0,1.402777778,0.0,10.57157407,0.0,1.098055556,6.604166667,0.4,11,0,1,0,0,0,1,0,1,0,0,1,2,0,0,0,1,1.8928,48.1784,0,0,0,1,0,0,0,0,0,0,0,0,1,0,0,0,0,0,0,0,0,0,0,0,0,0,0,1,0,2.0,80,0.0,1.0,0.0,0.0,0.7445308335,0.24762724886,0.9092085232799999,0
CCN1C=C[N+](CC)=C1,7,2,0,0,0,1,0.571428571,1.0625,2.15625,1.0625,0.517264218,125.195,112.091,125.1073248,50,0.243232025,-0.237119269,0.243232025,0.237119269,1.444444444,2.222222222,2.555555556,15.09883911,10.71507637,1.953151997,-1.840686168,1.807522338,-2.282884293,4.635871197,-0.692619827,2.740568234,160.2967608,6.690234444,6.040691561,6.040691561,4.363703305,3.412797987,3.412797987,2.074507123,2.074507123,1.476547163,1.476547163,0.812864752,0.812864752,-0.79,173.1832348,6.33180268,2.667270004,1.312742009,55.73992295,0.0,12.39368714,0.0,6.327320075,0.0,0.0,0.0,9.134199296,0,0.0,0.0,13.8474744,0.0,13.08951281,4.567099648,0.0,4.567099648,0.0,26.93698721,0.0,18.72100722,0.0,4.567099648,0.0,0.0,0.0,4.567099648,13.08951281,0.0,13.8474744,18.72100722,0.0,8.81,0.0,0.0,0,0.0,0.0,13.08951281,0.0,0.0,0.0,41.70268091,0.0,4.3125,0.0,0.0,0.0,0.0,0.0,6.284722222,6.402777778,0.0,0.571428571,9,0,2,0,0,0,0,1,1,1,0,2,2,0,0,0,1,0.8154,35.975,0,0,2,2,0,0,0,0,0,0,0,2,0,0,0,0,0,1,0,0,0,0,0,0,0,0,0,0,0,2.0,80,0.0,1.0,24.0,30.2,0.6682908775714286,0.20569817571428572,0.9068310605714285,0
CCN1C=C[N+](CC)=C1C,8,2,0,0,0,1,0.625,1.068287037,2.239583333,1.068287037,0.542941288,139.222,124.102,139.1229749,56,0.252708722,-0.234774984,0.252708722,0.234774984,1.5,2.2,2.5,15.13397797,10.57331327,2.061801294,-1.930260203,1.910367424,-2.333518491,4.777545787,-0.698635641,2.967130298,191.5322095,7.560477932,6.963341292,6.963341292,4.79122366,3.843613803,3.843613803,2.417386552,2.417386552,1.939250579,1.939250579,1.21013606,1.21013606,-0.79,248.6910144,7.318577633,2.862742982,1.058162668,62.10486507,0.0,12.39368714,0.0,0.0,5.824404498,0.0,0.0,9.134199296,0,0.0,0.0,13.8474744,6.9237372,13.08951281,4.567099648,0.0,4.567099648,0.0,33.86072441,0.0,18.21809164,0.0,4.567099648,0.0,0.0,0.0,4.567099648,13.08951281,6.9237372,19.6718789,12.39368714,0.0,8.81,0.0,0.0,0,0.0,0.0,13.08951281,5.824404498,0.0,0.0,42.29909804,0.0,4.479166667,0.0,0.0,0.0,1.337962963,0.0,4.247685185,8.601851852,0.0,0.625,10,0,2,0,0,0,0,1,1,1,0,2,2,0,0,0,1,1.12382,40.712,0,0,2,2,0,0,0,0,0,0,0,2,0,0,0,0,0,1,0,0,0,0,0,0,0,0,0,0,0,2.0,80,0.0,1.0,24.0,0.0,0.7212606681428572,0.29657080971428573,0.8371827037142857,0
CCN1C2=C(C=CC=C2)[N+](CC)=C1C,12,2,0,0,0,1,0.416666667,1.041018519,2.359953704,1.041018519,0.640826892,189.282,172.146,189.138625,74,0.253699929,-0.227748985,0.253699929,0.227748985,1.214285714,1.928571429,2.571428571,15.15694944,10.28793477,2.173130018,-1.941029227,2.128696907,-2.344808726,5.716401405,-0.674486866,2.845612774,413.5348232,10.12939203,9.11804183,9.11804183,6.79122366,5.268446555,5.268446555,3.524445792,3.524445792,2.877034209,2.877034209,2.213341185,2.213341185,-1.31,2349.748555,9.253025268,3.445708144,1.138688315,84.7865296,0.0,0.0,11.03340144,0.0,5.824404498,0.0,0.0,9.134199296,0,0.0,12.13273414,25.98020854,6.9237372,13.08951281,4.567099648,11.03340144,4.567099648,0.0,33.86072441,0.0,30.08987277,0.0,4.567099648,0.0,0.0,0.0,4.567099648,13.08951281,6.9237372,19.6718789,24.26546827,11.03340144,8.81,0.0,0.0,0,0.0,0.0,13.08951281,16.85780593,0.0,0.0,54.17087917,0.0,4.719907407,0.0,0.0,2.683981481,1.343703704,8.595092593,0.0,8.657314815,0.0,0.416666667,14,0,2,0,0,0,1,1,2,1,0,2,2,0,0,0,2,2.27702,58.218,0,0,2,2,0,0,0,0,0,0,0,2,1,1,0,0,0,1,0,0,0,0,0,2,0,0,0,0,0,2.0,80,0.0,1.0,24.0,23.06,0.6088522822857143,0.5270166198571429,0.5457599785714286,0
CC[N+]1=CC=CC=C1,7,1,0,0,0,1,0.285714286,1.056388889,2.125,1.056388889,0.472305948,108.164,98.084,108.0807757,42,0.168256311,-0.20541497,0.20541497,0.168256311,1.125,1.75,2.125,14.90893006,10.47166327,1.858056109,-1.843082776,1.740745878,-2.29595351,4.828455414,-0.693140439,2.832085835,145.7328145,5.819990956,5.041071723,5.041071723,3.931851653,2.87306566,2.87306566,1.705940002,1.705940002,1.142454291,1.142454291,0.645136662,0.645136662,-0.85,91.36757728,5.28986014,2.455694606,1.059403088,49.59090682,0.0,6.544756406,12.39368714,0.0,0.0,0.0,0.0,4.567099648,0,0.0,6.066367068,6.9237372,12.13273414,0.0,4.567099648,0.0,0.0,0.0,13.46849361,0.0,30.59278835,0.0,4.567099648,0.0,0.0,0.0,0.0,6.544756406,0.0,6.9237372,30.59278835,0.0,3.88,0.0,0.0,0,0.0,0.0,6.544756406,0.0,0.0,18.19910121,23.88452399,0.0,2.125,0.0,0.0,0.0,0.0,6.0825,4.111111111,3.181388889,0.0,0.285714286,8,0,1,0,0,0,0,1,1,0,0,1,1,0,0,0,1,0.994,32.311,0,0,1,1,0,0,0,0,0,0,0,1,0,0,0,0,0,0,0,0,0,0,0,0,0,0,1,0,0,2.0,80,0.0,1.0,24.0,9.83,0.5134707148571429,0.2738412782857143,0.8272193367142856,0
CC[N+]1(C)CCCC1,7,1,0,0,0,1,1.0,1.319444444,2.354166667,1.319444444,0.449952788,114.212,98.084,114.1277259,48,0.078619894,-0.326265893,0.326265893,0.078619894,1.25,1.75,2.0,15.33348256,10.39358405,2.23028601,-2.263235674,2.139532621,-2.395984082,4.486020013,-0.895371398,2.399681801,72.45601116,6.035533906,5.982747501,5.982747501,3.767766953,3.603003675,3.603003675,3.090051834,3.090051834,2.409338255,2.409338255,1.415079324,1.415079324,-0.04,88.95348294,6.085628141,2.058167191,1.025055201,51.89287772,4.483030858,0.0,0.0,0.0,0.0,0.0,0.0,0.0,0,0.0,0.0,6.9237372,12.84164325,26.6819412,4.483030858,0.0,0.0,0.0,19.76538045,26.6819412,0.0,0.0,0.0,0.0,0.0,0.0,31.16497206,0.0,0.0,19.76538045,0.0,0.0,0.0,0.0,0.0,0,0.0,0.0,0.0,36.95894332,0.0,0.0,13.97140918,0.0,1.319444444,0.0,0.0,0.0,0.0,0.0,2.8975,6.428888889,2.354166667,1.0,8,0,1,0,1,1,0,0,0,0,0,1,1,0,1,1,1,1.2467,35.6934,0,0,0,1,0,0,0,0,1,0,0,0,0,0,0,0,0,0,0,0,0,0,0,0,0,0,0,1,0,2.0,80,0.0,1.0,24.0,0.0,0.8838486080740742,0.48621441092592593,0.894186241037037,0
CC[P+](C)(C)C,5,0,0,0,1,1,1.0,-0.396604938,2.354166667,0.396604938,0.446716927,105.141,91.029,105.0827635,38,0.055763125,-0.031156954,0.055763125,0.031156954,1.166666667,1.333333333,1.333333333,31.18282092,10.98136925,2.10310813,-2.046682155,2.446993128,-1.843324732,7.732016534,1.467583746,3.168489873,33.69332843,5.207106781,5.154320377,6.048747568,2.560660172,2.364975334,5.680712439,2.606551851,7.819655552,0.948683298,2.846049894,0.0,0.0,0.43,12.16479704,6.43,1.930321529,4.43,41.28359995,0.0,0.0,0.0,0.0,0.0,0.0,0.0,0.0,0,0.0,0.0,6.9237372,27.256956,6.161910027,0.0,7.262479191,0.0,0.0,6.9237372,26.15638684,0.0,0.0,0.0,0.0,0.0,7.262479191,26.15638684,0.0,0.0,6.9237372,0.0,0.0,0.0,7.262479191,0.0,0,0.0,0.0,0.0,6.161910027,0.0,0.0,26.91821401,0.0,0.0,0.0,0.0,0.0,0.0,0.0,1.381944444,9.320216049,-0.396604938,1.0,6,0,0,0,0,0,0,0,0,0,0,1,1,0,0,0,0,1.9133,35.233,0,0,0,0,0,0,0,0,0,0,0,0,0,0,0,0,0,0,0,0,0,0,0,0,0,0,0,0,0,2.0,80,0.0,1.0,24.0,0.0,1.0351944831428572,0.5990615904285714,0.9996363154285713,0
C[N+](C)(C)Cc1ccccc1,10,1,0,0,0,1,0.4,0.990092593,2.201388889,0.990092593,0.564733409,150.245,134.117,150.1277259,60,0.10374051,-0.327164983,0.327164983,0.10374051,1.0,1.545454545,2.0,15.2727943,10.18617015,2.059732163,-2.231752379,2.044948953,-2.326798315,5.127404025,-0.883503644,2.657660985,208.0644284,8.319990956,7.541071723,7.541071723,5.078298262,3.922105546,3.922105546,3.934036527,3.934036527,1.499740497,1.499740497,1.131142384,1.131142384,-0.82,244.8579632,8.278231827,3.054898793,3.190046349,68.86097673,4.483030858,6.544756406,0.0,0.0,0.0,0.0,0.0,0.0,0,0.0,30.33183534,0.0,5.563451492,21.14301595,4.483030858,0.0,0.0,0.0,6.544756406,21.14301595,35.89528683,0.0,0.0,0.0,0.0,0.0,25.62604681,6.544756406,0.0,5.563451492,30.33183534,0.0,0.0,0.0,0.0,0,0.0,0.0,11.02778726,5.563451492,0.0,0.0,51.47485129,0.0,0.990092593,0.0,0.0,1.402777778,0.0,10.57157407,0.0,1.098055556,6.604166667,0.4,11,0,1,0,0,0,1,0,1,0,0,1,2,0,0,0,1,1.8928,48.1784,0,0,0,1,0,0,0,0,0,0,0,0,1,0,0,0,0,0,0,0,0,0,0,0,0,0,0,1,0,2.0,80,0.0,1.0,24.0,0.0,0.7445308335,0.24762724886,0.9092085232799999,0
CCN1C=C[N+](CC)=C1,7,2,0,0,0,1,0.571428571,1.0625,2.15625,1.0625,0.517264218,125.195,112.091,125.1073248,50,0.243232025,-0.237119269,0.243232025,0.237119269,1.444444444,2.222222222,2.555555556,15.09883911,10.71507637,1.953151997,-1.840686168,1.807522338,-2.282884293,4.635871197,-0.692619827,2.740568234,160.2967608,6.690234444,6.040691561,6.040691561,4.363703305,3.412797987,3.412797987,2.074507123,2.074507123,1.476547163,1.476547163,0.812864752,0.812864752,-0.79,173.1832348,6.33180268,2.667270004,1.312742009,55.73992295,0.0,12.39368714,0.0,6.327320075,0.0,0.0,0.0,9.134199296,0,0.0,0.0,13.8474744,0.0,13.08951281,4.567099648,0.0,4.567099648,0.0,26.93698721,0.0,18.72100722,0.0,4.567099648,0.0,0.0,0.0,4.567099648,13.08951281,0.0,13.8474744,18.72100722,0.0,8.81,0.0,0.0,0,0.0,0.0,13.08951281,0.0,0.0,0.0,41.70268091,0.0,4.3125,0.0,0.0,0.0,0.0,0.0,6.284722222,6.402777778,0.0,0.571428571,9,0,2,0,0,0,0,1,1,1,0,2,2,0,0,0,1,0.8154,35.975,0,0,2,2,0,0,0,0,0,0,0,2,0,0,0,0,0,1,0,0,0,0,0,0,0,0,0,0,0,2.0,80,0.0,1.0,96.0,64.63,0.6682908775714286,0.20569817571428572,0.9068310605714285,0
CCN1C=C[N+](CC)=C1C,8,2,0,0,0,1,0.625,1.068287037,2.239583333,1.068287037,0.542941288,139.222,124.102,139.1229749,56,0.252708722,-0.234774984,0.252708722,0.234774984,1.5,2.2,2.5,15.13397797,10.57331327,2.061801294,-1.930260203,1.910367424,-2.333518491,4.777545787,-0.698635641,2.967130298,191.5322095,7.560477932,6.963341292,6.963341292,4.79122366,3.843613803,3.843613803,2.417386552,2.417386552,1.939250579,1.939250579,1.21013606,1.21013606,-0.79,248.6910144,7.318577633,2.862742982,1.058162668,62.10486507,0.0,12.39368714,0.0,0.0,5.824404498,0.0,0.0,9.134199296,0,0.0,0.0,13.8474744,6.9237372,13.08951281,4.567099648,0.0,4.567099648,0.0,33.86072441,0.0,18.21809164,0.0,4.567099648,0.0,0.0,0.0,4.567099648,13.08951281,6.9237372,19.6718789,12.39368714,0.0,8.81,0.0,0.0,0,0.0,0.0,13.08951281,5.824404498,0.0,0.0,42.29909804,0.0,4.479166667,0.0,0.0,0.0,1.337962963,0.0,4.247685185,8.601851852,0.0,0.625,10,0,2,0,0,0,0,1,1,1,0,2,2,0,0,0,1,1.12382,40.712,0,0,2,2,0,0,0,0,0,0,0,2,0,0,0,0,0,1,0,0,0,0,0,0,0,0,0,0,0,2.0,80,0.0,1.0,96.0,0.0,0.7212606681428572,0.29657080971428573,0.8371827037142857,0
CCN1C2=C(C=CC=C2)[N+](CC)=C1C,12,2,0,0,0,1,0.416666667,1.041018519,2.359953704,1.041018519,0.640826892,189.282,172.146,189.138625,74,0.253699929,-0.227748985,0.253699929,0.227748985,1.214285714,1.928571429,2.571428571,15.15694944,10.28793477,2.173130018,-1.941029227,2.128696907,-2.344808726,5.716401405,-0.674486866,2.845612774,413.5348232,10.12939203,9.11804183,9.11804183,6.79122366,5.268446555,5.268446555,3.524445792,3.524445792,2.877034209,2.877034209,2.213341185,2.213341185,-1.31,2349.748555,9.253025268,3.445708144,1.138688315,84.7865296,0.0,0.0,11.03340144,0.0,5.824404498,0.0,0.0,9.134199296,0,0.0,12.13273414,25.98020854,6.9237372,13.08951281,4.567099648,11.03340144,4.567099648,0.0,33.86072441,0.0,30.08987277,0.0,4.567099648,0.0,0.0,0.0,4.567099648,13.08951281,6.9237372,19.6718789,24.26546827,11.03340144,8.81,0.0,0.0,0,0.0,0.0,13.08951281,16.85780593,0.0,0.0,54.17087917,0.0,4.719907407,0.0,0.0,2.683981481,1.343703704,8.595092593,0.0,8.657314815,0.0,0.416666667,14,0,2,0,0,0,1,1,2,1,0,2,2,0,0,0,2,2.27702,58.218,0,0,2,2,0,0,0,0,0,0,0,2,1,1,0,0,0,1,0,0,0,0,0,2,0,0,0,0,0,2.0,80,0.0,1.0,96.0,36.9,0.6088522822857143,0.5270166198571429,0.5457599785714286,0
CC[N+]1=CC=CC=C1,7,1,0,0,0,1,0.285714286,1.056388889,2.125,1.056388889,0.472305948,108.164,98.084,108.0807757,42,0.168256311,-0.20541497,0.20541497,0.168256311,1.125,1.75,2.125,14.90893006,10.47166327,1.858056109,-1.843082776,1.740745878,-2.29595351,4.828455414,-0.693140439,2.832085835,145.7328145,5.819990956,5.041071723,5.041071723,3.931851653,2.87306566,2.87306566,1.705940002,1.705940002,1.142454291,1.142454291,0.645136662,0.645136662,-0.85,91.36757728,5.28986014,2.455694606,1.059403088,49.59090682,0.0,6.544756406,12.39368714,0.0,0.0,0.0,0.0,4.567099648,0,0.0,6.066367068,6.9237372,12.13273414,0.0,4.567099648,0.0,0.0,0.0,13.46849361,0.0,30.59278835,0.0,4.567099648,0.0,0.0,0.0,0.0,6.544756406,0.0,6.9237372,30.59278835,0.0,3.88,0.0,0.0,0,0.0,0.0,6.544756406,0.0,0.0,18.19910121,23.88452399,0.0,2.125,0.0,0.0,0.0,0.0,6.0825,4.111111111,3.181388889,0.0,0.285714286,8,0,1,0,0,0,0,1,1,0,0,1,1,0,0,0,1,0.994,32.311,0,0,1,1,0,0,0,0,0,0,0,1,0,0,0,0,0,0,0,0,0,0,0,0,0,0,1,0,0,2.0,80,0.0,1.0,96.0,21.18,0.5134707148571429,0.2738412782857143,0.8272193367142856,0
CC[N+]1(C)CCCC1,7,1,0,0,0,1,1.0,1.319444444,2.354166667,1.319444444,0.449952788,114.212,98.084,114.1277259,48,0.078619894,-0.326265893,0.326265893,0.078619894,1.25,1.75,2.0,15.33348256,10.39358405,2.23028601,-2.263235674,2.139532621,-2.395984082,4.486020013,-0.895371398,2.399681801,72.45601116,6.035533906,5.982747501,5.982747501,3.767766953,3.603003675,3.603003675,3.090051834,3.090051834,2.409338255,2.409338255,1.415079324,1.415079324,-0.04,88.95348294,6.085628141,2.058167191,1.025055201,51.89287772,4.483030858,0.0,0.0,0.0,0.0,0.0,0.0,0.0,0,0.0,0.0,6.9237372,12.84164325,26.6819412,4.483030858,0.0,0.0,0.0,19.76538045,26.6819412,0.0,0.0,0.0,0.0,0.0,0.0,31.16497206,0.0,0.0,19.76538045,0.0,0.0,0.0,0.0,0.0,0,0.0,0.0,0.0,36.95894332,0.0,0.0,13.97140918,0.0,1.319444444,0.0,0.0,0.0,0.0,0.0,2.8975,6.428888889,2.354166667,1.0,8,0,1,0,1,1,0,0,0,0,0,1,1,0,1,1,1,1.2467,35.6934,0,0,0,1,0,0,0,0,1,0,0,0,0,0,0,0,0,0,0,0,0,0,0,0,0,0,0,1,0,2.0,80,0.0,1.0,96.0,0.0,0.8838486080740742,0.48621441092592593,0.894186241037037,0
CC[P+](C)(C)C,5,0,0,0,1,1,1.0,-0.396604938,2.354166667,0.396604938,0.446716927,105.141,91.029,105.0827635,38,0.055763125,-0.031156954,0.055763125,0.031156954,1.166666667,1.333333333,1.333333333,31.18282092,10.98136925,2.10310813,-2.046682155,2.446993128,-1.843324732,7.732016534,1.467583746,3.168489873,33.69332843,5.207106781,5.154320377,6.048747568,2.560660172,2.364975334,5.680712439,2.606551851,7.819655552,0.948683298,2.846049894,0.0,0.0,0.43,12.16479704,6.43,1.930321529,4.43,41.28359995,0.0,0.0,0.0,0.0,0.0,0.0,0.0,0.0,0,0.0,0.0,6.9237372,27.256956,6.161910027,0.0,7.262479191,0.0,0.0,6.9237372,26.15638684,0.0,0.0,0.0,0.0,0.0,7.262479191,26.15638684,0.0,0.0,6.9237372,0.0,0.0,0.0,7.262479191,0.0,0,0.0,0.0,0.0,6.161910027,0.0,0.0,26.91821401,0.0,0.0,0.0,0.0,0.0,0.0,0.0,1.381944444,9.320216049,-0.396604938,1.0,6,0,0,0,0,0,0,0,0,0,0,1,1,0,0,0,0,1.9133,35.233,0,0,0,0,0,0,0,0,0,0,0,0,0,0,0,0,0,0,0,0,0,0,0,0,0,0,0,0,0,2.0,80,0.0,1.0,96.0,0.0,1.0351944831428572,0.5990615904285714,0.9996363154285713,0
C[N+](C)(C)Cc1ccccc1,10,1,0,0,0,1,0.4,0.990092593,2.201388889,0.990092593,0.564733409,150.245,134.117,150.1277259,60,0.10374051,-0.327164983,0.327164983,0.10374051,1.0,1.545454545,2.0,15.2727943,10.18617015,2.059732163,-2.231752379,2.044948953,-2.326798315,5.127404025,-0.883503644,2.657660985,208.0644284,8.319990956,7.541071723,7.541071723,5.078298262,3.922105546,3.922105546,3.934036527,3.934036527,1.499740497,1.499740497,1.131142384,1.131142384,-0.82,244.8579632,8.278231827,3.054898793,3.190046349,68.86097673,4.483030858,6.544756406,0.0,0.0,0.0,0.0,0.0,0.0,0,0.0,30.33183534,0.0,5.563451492,21.14301595,4.483030858,0.0,0.0,0.0,6.544756406,21.14301595,35.89528683,0.0,0.0,0.0,0.0,0.0,25.62604681,6.544756406,0.0,5.563451492,30.33183534,0.0,0.0,0.0,0.0,0,0.0,0.0,11.02778726,5.563451492,0.0,0.0,51.47485129,0.0,0.990092593,0.0,0.0,1.402777778,0.0,10.57157407,0.0,1.098055556,6.604166667,0.4,11,0,1,0,0,0,1,0,1,0,0,1,2,0,0,0,1,1.8928,48.1784,0,0,0,1,0,0,0,0,0,0,0,0,1,0,0,0,0,0,0,0,0,0,0,0,0,0,0,1,0,2.0,80,0.0,1.0,96.0,0.0,0.7445308335,0.24762724886,0.9092085232799999,0
CCN1C=C[N+](CC)=C1,7,2,0,0,0,1,0.571428571,1.0625,2.15625,1.0625,0.517264218,125.195,112.091,125.1073248,50,0.243232025,-0.237119269,0.243232025,0.237119269,1.444444444,2.222222222,2.555555556,15.09883911,10.71507637,1.953151997,-1.840686168,1.807522338,-2.282884293,4.635871197,-0.692619827,2.740568234,160.2967608,6.690234444,6.040691561,6.040691561,4.363703305,3.412797987,3.412797987,2.074507123,2.074507123,1.476547163,1.476547163,0.812864752,0.812864752,-0.79,173.1832348,6.33180268,2.667270004,1.312742009,55.73992295,0.0,12.39368714,0.0,6.327320075,0.0,0.0,0.0,9.134199296,0,0.0,0.0,13.8474744,0.0,13.08951281,4.567099648,0.0,4.567099648,0.0,26.93698721,0.0,18.72100722,0.0,4.567099648,0.0,0.0,0.0,4.567099648,13.08951281,0.0,13.8474744,18.72100722,0.0,8.81,0.0,0.0,0,0.0,0.0,13.08951281,0.0,0.0,0.0,41.70268091,0.0,4.3125,0.0,0.0,0.0,0.0,0.0,6.284722222,6.402777778,0.0,0.571428571,9,0,2,0,0,0,0,1,1,1,0,2,2,0,0,0,1,0.8154,35.975,0,0,2,2,0,0,0,0,0,0,0,2,0,0,0,0,0,1,0,0,0,0,0,0,0,0,0,0,0,2.0,80,0.25,0.75,96.0,65.75,0.6682908775714286,0.20569817571428572,0.9068310605714285,0
CCN1C2=C(C=CC=C2)[N+](CC)=C1C,12,2,0,0,0,1,0.416666667,1.041018519,2.359953704,1.041018519,0.640826892,189.282,172.146,189.138625,74,0.253699929,-0.227748985,0.253699929,0.227748985,1.214285714,1.928571429,2.571428571,15.15694944,10.28793477,2.173130018,-1.941029227,2.128696907,-2.344808726,5.716401405,-0.674486866,2.845612774,413.5348232,10.12939203,9.11804183,9.11804183,6.79122366,5.268446555,5.268446555,3.524445792,3.524445792,2.877034209,2.877034209,2.213341185,2.213341185,-1.31,2349.748555,9.253025268,3.445708144,1.138688315,84.7865296,0.0,0.0,11.03340144,0.0,5.824404498,0.0,0.0,9.134199296,0,0.0,12.13273414,25.98020854,6.9237372,13.08951281,4.567099648,11.03340144,4.567099648,0.0,33.86072441,0.0,30.08987277,0.0,4.567099648,0.0,0.0,0.0,4.567099648,13.08951281,6.9237372,19.6718789,24.26546827,11.03340144,8.81,0.0,0.0,0,0.0,0.0,13.08951281,16.85780593,0.0,0.0,54.17087917,0.0,4.719907407,0.0,0.0,2.683981481,1.343703704,8.595092593,0.0,8.657314815,0.0,0.416666667,14,0,2,0,0,0,1,1,2,1,0,2,2,0,0,0,2,2.27702,58.218,0,0,2,2,0,0,0,0,0,0,0,2,1,1,0,0,0,1,0,0,0,0,0,2,0,0,0,0,0,2.0,80,0.25,0.75,96.0,44.44,0.6088522822857143,0.5270166198571429,0.5457599785714286,0
CC[N+]1=CC=CC=C1,7,1,0,0,0,1,0.285714286,1.056388889,2.125,1.056388889,0.472305948,108.164,98.084,108.0807757,42,0.168256311,-0.20541497,0.20541497,0.168256311,1.125,1.75,2.125,14.90893006,10.47166327,1.858056109,-1.843082776,1.740745878,-2.29595351,4.828455414,-0.693140439,2.832085835,145.7328145,5.819990956,5.041071723,5.041071723,3.931851653,2.87306566,2.87306566,1.705940002,1.705940002,1.142454291,1.142454291,0.645136662,0.645136662,-0.85,91.36757728,5.28986014,2.455694606,1.059403088,49.59090682,0.0,6.544756406,12.39368714,0.0,0.0,0.0,0.0,4.567099648,0,0.0,6.066367068,6.9237372,12.13273414,0.0,4.567099648,0.0,0.0,0.0,13.46849361,0.0,30.59278835,0.0,4.567099648,0.0,0.0,0.0,0.0,6.544756406,0.0,6.9237372,30.59278835,0.0,3.88,0.0,0.0,0,0.0,0.0,6.544756406,0.0,0.0,18.19910121,23.88452399,0.0,2.125,0.0,0.0,0.0,0.0,6.0825,4.111111111,3.181388889,0.0,0.285714286,8,0,1,0,0,0,0,1,1,0,0,1,1,0,0,0,1,0.994,32.311,0,0,1,1,0,0,0,0,0,0,0,1,0,0,0,0,0,0,0,0,0,0,0,0,0,0,1,0,0,2.0,80,0.25,0.75,96.0,40.83,0.5134707148571429,0.2738412782857143,0.8272193367142856,0
C[N+](C)(C)Cc1ccccc1,10,1,0,0,0,1,0.4,0.990092593,2.201388889,0.990092593,0.564733409,150.245,134.117,150.1277259,60,0.10374051,-0.327164983,0.327164983,0.10374051,1.0,1.545454545,2.0,15.2727943,10.18617015,2.059732163,-2.231752379,2.044948953,-2.326798315,5.127404025,-0.883503644,2.657660985,208.0644284,8.319990956,7.541071723,7.541071723,5.078298262,3.922105546,3.922105546,3.934036527,3.934036527,1.499740497,1.499740497,1.131142384,1.131142384,-0.82,244.8579632,8.278231827,3.054898793,3.190046349,68.86097673,4.483030858,6.544756406,0.0,0.0,0.0,0.0,0.0,0.0,0,0.0,30.33183534,0.0,5.563451492,21.14301595,4.483030858,0.0,0.0,0.0,6.544756406,21.14301595,35.89528683,0.0,0.0,0.0,0.0,0.0,25.62604681,6.544756406,0.0,5.563451492,30.33183534,0.0,0.0,0.0,0.0,0,0.0,0.0,11.02778726,5.563451492,0.0,0.0,51.47485129,0.0,0.990092593,0.0,0.0,1.402777778,0.0,10.57157407,0.0,1.098055556,6.604166667,0.4,11,0,1,0,0,0,1,0,1,0,0,1,2,0,0,0,1,1.8928,48.1784,0,0,0,1,0,0,0,0,0,0,0,0,1,0,0,0,0,0,0,0,0,0,0,0,0,0,0,1,0,2.0,80,0.25,0.75,96.0,0.0,0.7445308335,0.24762724886,0.9092085232799999,0
CC[N+]1(C)CCCC1,7,1,0,0,0,1,1.0,1.319444444,2.354166667,1.319444444,0.449952788,114.212,98.084,114.1277259,48,0.078619894,-0.326265893,0.326265893,0.078619894,1.25,1.75,2.0,15.33348256,10.39358405,2.23028601,-2.263235674,2.139532621,-2.395984082,4.486020013,-0.895371398,2.399681801,72.45601116,6.035533906,5.982747501,5.982747501,3.767766953,3.603003675,3.603003675,3.090051834,3.090051834,2.409338255,2.409338255,1.415079324,1.415079324,-0.04,88.95348294,6.085628141,2.058167191,1.025055201,51.89287772,4.483030858,0.0,0.0,0.0,0.0,0.0,0.0,0.0,0,0.0,0.0,6.9237372,12.84164325,26.6819412,4.483030858,0.0,0.0,0.0,19.76538045,26.6819412,0.0,0.0,0.0,0.0,0.0,0.0,31.16497206,0.0,0.0,19.76538045,0.0,0.0,0.0,0.0,0.0,0,0.0,0.0,0.0,36.95894332,0.0,0.0,13.97140918,0.0,1.319444444,0.0,0.0,0.0,0.0,0.0,2.8975,6.428888889,2.354166667,1.0,8,0,1,0,1,1,0,0,0,0,0,1,1,0,1,1,1,1.2467,35.6934,0,0,0,1,0,0,0,0,1,0,0,0,0,0,0,0,0,0,0,0,0,0,0,0,0,0,0,1,0,2.0,80,0.25,0.75,96.0,0.0,0.8838486080740742,0.48621441092592593,0.894186241037037,0
CCN1C=C[N+](CC)=C1C,8,2,0,0,0,1,0.625,1.068287037,2.239583333,1.068287037,0.542941288,139.222,124.102,139.1229749,56,0.252708722,-0.234774984,0.252708722,0.234774984,1.5,2.2,2.5,15.13397797,10.57331327,2.061801294,-1.930260203,1.910367424,-2.333518491,4.777545787,-0.698635641,2.967130298,191.5322095,7.560477932,6.963341292,6.963341292,4.79122366,3.843613803,3.843613803,2.417386552,2.417386552,1.939250579,1.939250579,1.21013606,1.21013606,-0.79,248.6910144,7.318577633,2.862742982,1.058162668,62.10486507,0.0,12.39368714,0.0,0.0,5.824404498,0.0,0.0,9.134199296,0,0.0,0.0,13.8474744,6.9237372,13.08951281,4.567099648,0.0,4.567099648,0.0,33.86072441,0.0,18.21809164,0.0,4.567099648,0.0,0.0,0.0,4.567099648,13.08951281,6.9237372,19.6718789,12.39368714,0.0,8.81,0.0,0.0,0,0.0,0.0,13.08951281,5.824404498,0.0,0.0,42.29909804,0.0,4.479166667,0.0,0.0,0.0,1.337962963,0.0,4.247685185,8.601851852,0.0,0.625,10,0,2,0,0,0,0,1,1,1,0,2,2,0,0,0,1,1.12382,40.712,0,0,2,2,0,0,0,0,0,0,0,2,0,0,0,0,0,1,0,0,0,0,0,0,0,0,0,0,0,2.0,80,0.25,0.75,96.0,0.0,0.7212606681428572,0.29657080971428573,0.8371827037142857,0
CC[P+](C)(C)C,5,0,0,0,1,1,1.0,-0.396604938,2.354166667,0.396604938,0.446716927,105.141,91.029,105.0827635,38,0.055763125,-0.031156954,0.055763125,0.031156954,1.166666667,1.333333333,1.333333333,31.18282092,10.98136925,2.10310813,-2.046682155,2.446993128,-1.843324732,7.732016534,1.467583746,3.168489873,33.69332843,5.207106781,5.154320377,6.048747568,2.560660172,2.364975334,5.680712439,2.606551851,7.819655552,0.948683298,2.846049894,0.0,0.0,0.43,12.16479704,6.43,1.930321529,4.43,41.28359995,0.0,0.0,0.0,0.0,0.0,0.0,0.0,0.0,0,0.0,0.0,6.9237372,27.256956,6.161910027,0.0,7.262479191,0.0,0.0,6.9237372,26.15638684,0.0,0.0,0.0,0.0,0.0,7.262479191,26.15638684,0.0,0.0,6.9237372,0.0,0.0,0.0,7.262479191,0.0,0,0.0,0.0,0.0,6.161910027,0.0,0.0,26.91821401,0.0,0.0,0.0,0.0,0.0,0.0,0.0,1.381944444,9.320216049,-0.396604938,1.0,6,0,0,0,0,0,0,0,0,0,0,1,1,0,0,0,0,1.9133,35.233,0,0,0,0,0,0,0,0,0,0,0,0,0,0,0,0,0,0,0,0,0,0,0,0,0,0,0,0,0,2.0,80,0.25,0.75,96.0,0.0,1.0351944831428572,0.5990615904285714,0.9996363154285713,0
CCN1C=C[N+](CC)=C1,7,2,0,0,0,1,0.571428571,1.0625,2.15625,1.0625,0.517264218,125.195,112.091,125.1073248,50,0.243232025,-0.237119269,0.243232025,0.237119269,1.444444444,2.222222222,2.555555556,15.09883911,10.71507637,1.953151997,-1.840686168,1.807522338,-2.282884293,4.635871197,-0.692619827,2.740568234,160.2967608,6.690234444,6.040691561,6.040691561,4.363703305,3.412797987,3.412797987,2.074507123,2.074507123,1.476547163,1.476547163,0.812864752,0.812864752,-0.79,173.1832348,6.33180268,2.667270004,1.312742009,55.73992295,0.0,12.39368714,0.0,6.327320075,0.0,0.0,0.0,9.134199296,0,0.0,0.0,13.8474744,0.0,13.08951281,4.567099648,0.0,4.567099648,0.0,26.93698721,0.0,18.72100722,0.0,4.567099648,0.0,0.0,0.0,4.567099648,13.08951281,0.0,13.8474744,18.72100722,0.0,8.81,0.0,0.0,0,0.0,0.0,13.08951281,0.0,0.0,0.0,41.70268091,0.0,4.3125,0.0,0.0,0.0,0.0,0.0,6.284722222,6.402777778,0.0,0.571428571,9,0,2,0,0,0,0,1,1,1,0,2,2,0,0,0,1,0.8154,35.975,0,0,2,2,0,0,0,0,0,0,0,2,0,0,0,0,0,1,0,0,0,0,0,0,0,0,0,0,0,2.0,80,0.5,0.5,96.0,89.14,0.6682908775714286,0.20569817571428572,0.9068310605714285,0
CCN1C2=C(C=CC=C2)[N+](CC)=C1C,12,2,0,0,0,1,0.416666667,1.041018519,2.359953704,1.041018519,0.640826892,189.282,172.146,189.138625,74,0.253699929,-0.227748985,0.253699929,0.227748985,1.214285714,1.928571429,2.571428571,15.15694944,10.28793477,2.173130018,-1.941029227,2.128696907,-2.344808726,5.716401405,-0.674486866,2.845612774,413.5348232,10.12939203,9.11804183,9.11804183,6.79122366,5.268446555,5.268446555,3.524445792,3.524445792,2.877034209,2.877034209,2.213341185,2.213341185,-1.31,2349.748555,9.253025268,3.445708144,1.138688315,84.7865296,0.0,0.0,11.03340144,0.0,5.824404498,0.0,0.0,9.134199296,0,0.0,12.13273414,25.98020854,6.9237372,13.08951281,4.567099648,11.03340144,4.567099648,0.0,33.86072441,0.0,30.08987277,0.0,4.567099648,0.0,0.0,0.0,4.567099648,13.08951281,6.9237372,19.6718789,24.26546827,11.03340144,8.81,0.0,0.0,0,0.0,0.0,13.08951281,16.85780593,0.0,0.0,54.17087917,0.0,4.719907407,0.0,0.0,2.683981481,1.343703704,8.595092593,0.0,8.657314815,0.0,0.416666667,14,0,2,0,0,0,1,1,2,1,0,2,2,0,0,0,2,2.27702,58.218,0,0,2,2,0,0,0,0,0,0,0,2,1,1,0,0,0,1,0,0,0,0,0,2,0,0,0,0,0,2.0,80,0.5,0.5,96.0,79.72,0.6088522822857143,0.5270166198571429,0.5457599785714286,0
CC[N+]1=CC=CC=C1,7,1,0,0,0,1,0.285714286,1.056388889,2.125,1.056388889,0.472305948,108.164,98.084,108.0807757,42,0.168256311,-0.20541497,0.20541497,0.168256311,1.125,1.75,2.125,14.90893006,10.47166327,1.858056109,-1.843082776,1.740745878,-2.29595351,4.828455414,-0.693140439,2.832085835,145.7328145,5.819990956,5.041071723,5.041071723,3.931851653,2.87306566,2.87306566,1.705940002,1.705940002,1.142454291,1.142454291,0.645136662,0.645136662,-0.85,91.36757728,5.28986014,2.455694606,1.059403088,49.59090682,0.0,6.544756406,12.39368714,0.0,0.0,0.0,0.0,4.567099648,0,0.0,6.066367068,6.9237372,12.13273414,0.0,4.567099648,0.0,0.0,0.0,13.46849361,0.0,30.59278835,0.0,4.567099648,0.0,0.0,0.0,0.0,6.544756406,0.0,6.9237372,30.59278835,0.0,3.88,0.0,0.0,0,0.0,0.0,6.544756406,0.0,0.0,18.19910121,23.88452399,0.0,2.125,0.0,0.0,0.0,0.0,6.0825,4.111111111,3.181388889,0.0,0.285714286,8,0,1,0,0,0,0,1,1,0,0,1,1,0,0,0,1,0.994,32.311,0,0,1,1,0,0,0,0,0,0,0,1,0,0,0,0,0,0,0,0,0,0,0,0,0,0,1,0,0,2.0,80,0.5,0.5,96.0,89.01,0.5134707148571429,0.2738412782857143,0.8272193367142856,0
C[N+](C)(C)Cc1ccccc1,10,1,0,0,0,1,0.4,0.990092593,2.201388889,0.990092593,0.564733409,150.245,134.117,150.1277259,60,0.10374051,-0.327164983,0.327164983,0.10374051,1.0,1.545454545,2.0,15.2727943,10.18617015,2.059732163,-2.231752379,2.044948953,-2.326798315,5.127404025,-0.883503644,2.657660985,208.0644284,8.319990956,7.541071723,7.541071723,5.078298262,3.922105546,3.922105546,3.934036527,3.934036527,1.499740497,1.499740497,1.131142384,1.131142384,-0.82,244.8579632,8.278231827,3.054898793,3.190046349,68.86097673,4.483030858,6.544756406,0.0,0.0,0.0,0.0,0.0,0.0,0,0.0,30.33183534,0.0,5.563451492,21.14301595,4.483030858,0.0,0.0,0.0,6.544756406,21.14301595,35.89528683,0.0,0.0,0.0,0.0,0.0,25.62604681,6.544756406,0.0,5.563451492,30.33183534,0.0,0.0,0.0,0.0,0,0.0,0.0,11.02778726,5.563451492,0.0,0.0,51.47485129,0.0,0.990092593,0.0,0.0,1.402777778,0.0,10.57157407,0.0,1.098055556,6.604166667,0.4,11,0,1,0,0,0,1,0,1,0,0,1,2,0,0,0,1,1.8928,48.1784,0,0,0,1,0,0,0,0,0,0,0,0,1,0,0,0,0,0,0,0,0,0,0,0,0,0,0,1,0,2.0,80,0.5,0.5,96.0,0.0,0.7445308335,0.24762724886,0.9092085232799999,0
CC[N+]1(C)CCCC1,7,1,0,0,0,1,1.0,1.319444444,2.354166667,1.319444444,0.449952788,114.212,98.084,114.1277259,48,0.078619894,-0.326265893,0.326265893,0.078619894,1.25,1.75,2.0,15.33348256,10.39358405,2.23028601,-2.263235674,2.139532621,-2.395984082,4.486020013,-0.895371398,2.399681801,72.45601116,6.035533906,5.982747501,5.982747501,3.767766953,3.603003675,3.603003675,3.090051834,3.090051834,2.409338255,2.409338255,1.415079324,1.415079324,-0.04,88.95348294,6.085628141,2.058167191,1.025055201,51.89287772,4.483030858,0.0,0.0,0.0,0.0,0.0,0.0,0.0,0,0.0,0.0,6.9237372,12.84164325,26.6819412,4.483030858,0.0,0.0,0.0,19.76538045,26.6819412,0.0,0.0,0.0,0.0,0.0,0.0,31.16497206,0.0,0.0,19.76538045,0.0,0.0,0.0,0.0,0.0,0,0.0,0.0,0.0,36.95894332,0.0,0.0,13.97140918,0.0,1.319444444,0.0,0.0,0.0,0.0,0.0,2.8975,6.428888889,2.354166667,1.0,8,0,1,0,1,1,0,0,0,0,0,1,1,0,1,1,1,1.2467,35.6934,0,0,0,1,0,0,0,0,1,0,0,0,0,0,0,0,0,0,0,0,0,0,0,0,0,0,0,1,0,2.0,80,0.5,0.5,96.0,0.0,0.8838486080740742,0.48621441092592593,0.894186241037037,0
CCN1C=C[N+](CC)=C1C,8,2,0,0,0,1,0.625,1.068287037,2.239583333,1.068287037,0.542941288,139.222,124.102,139.1229749,56,0.252708722,-0.234774984,0.252708722,0.234774984,1.5,2.2,2.5,15.13397797,10.57331327,2.061801294,-1.930260203,1.910367424,-2.333518491,4.777545787,-0.698635641,2.967130298,191.5322095,7.560477932,6.963341292,6.963341292,4.79122366,3.843613803,3.843613803,2.417386552,2.417386552,1.939250579,1.939250579,1.21013606,1.21013606,-0.79,248.6910144,7.318577633,2.862742982,1.058162668,62.10486507,0.0,12.39368714,0.0,0.0,5.824404498,0.0,0.0,9.134199296,0,0.0,0.0,13.8474744,6.9237372,13.08951281,4.567099648,0.0,4.567099648,0.0,33.86072441,0.0,18.21809164,0.0,4.567099648,0.0,0.0,0.0,4.567099648,13.08951281,6.9237372,19.6718789,12.39368714,0.0,8.81,0.0,0.0,0,0.0,0.0,13.08951281,5.824404498,0.0,0.0,42.29909804,0.0,4.479166667,0.0,0.0,0.0,1.337962963,0.0,4.247685185,8.601851852,0.0,0.625,10,0,2,0,0,0,0,1,1,1,0,2,2,0,0,0,1,1.12382,40.712,0,0,2,2,0,0,0,0,0,0,0,2,0,0,0,0,0,1,0,0,0,0,0,0,0,0,0,0,0,2.0,80,0.5,0.5,96.0,2.54,0.7212606681428572,0.29657080971428573,0.8371827037142857,0
CC[P+](C)(C)C,5,0,0,0,1,1,1.0,-0.396604938,2.354166667,0.396604938,0.446716927,105.141,91.029,105.0827635,38,0.055763125,-0.031156954,0.055763125,0.031156954,1.166666667,1.333333333,1.333333333,31.18282092,10.98136925,2.10310813,-2.046682155,2.446993128,-1.843324732,7.732016534,1.467583746,3.168489873,33.69332843,5.207106781,5.154320377,6.048747568,2.560660172,2.364975334,5.680712439,2.606551851,7.819655552,0.948683298,2.846049894,0.0,0.0,0.43,12.16479704,6.43,1.930321529,4.43,41.28359995,0.0,0.0,0.0,0.0,0.0,0.0,0.0,0.0,0,0.0,0.0,6.9237372,27.256956,6.161910027,0.0,7.262479191,0.0,0.0,6.9237372,26.15638684,0.0,0.0,0.0,0.0,0.0,7.262479191,26.15638684,0.0,0.0,6.9237372,0.0,0.0,0.0,7.262479191,0.0,0,0.0,0.0,0.0,6.161910027,0.0,0.0,26.91821401,0.0,0.0,0.0,0.0,0.0,0.0,0.0,1.381944444,9.320216049,-0.396604938,1.0,6,0,0,0,0,0,0,0,0,0,0,1,1,0,0,0,0,1.9133,35.233,0,0,0,0,0,0,0,0,0,0,0,0,0,0,0,0,0,0,0,0,0,0,0,0,0,0,0,0,0,2.0,80,0.5,0.5,96.0,0.0,1.0351944831428572,0.5990615904285714,0.9996363154285713,0
CCN1C=C[N+](CC)=C1,7,2,0,0,0,1,0.571428571,1.0625,2.15625,1.0625,0.517264218,125.195,112.091,125.1073248,50,0.243232025,-0.237119269,0.243232025,0.237119269,1.444444444,2.222222222,2.555555556,15.09883911,10.71507637,1.953151997,-1.840686168,1.807522338,-2.282884293,4.635871197,-0.692619827,2.740568234,160.2967608,6.690234444,6.040691561,6.040691561,4.363703305,3.412797987,3.412797987,2.074507123,2.074507123,1.476547163,1.476547163,0.812864752,0.812864752,-0.79,173.1832348,6.33180268,2.667270004,1.312742009,55.73992295,0.0,12.39368714,0.0,6.327320075,0.0,0.0,0.0,9.134199296,0,0.0,0.0,13.8474744,0.0,13.08951281,4.567099648,0.0,4.567099648,0.0,26.93698721,0.0,18.72100722,0.0,4.567099648,0.0,0.0,0.0,4.567099648,13.08951281,0.0,13.8474744,18.72100722,0.0,8.81,0.0,0.0,0,0.0,0.0,13.08951281,0.0,0.0,0.0,41.70268091,0.0,4.3125,0.0,0.0,0.0,0.0,0.0,6.284722222,6.402777778,0.0,0.571428571,9,0,2,0,0,0,0,1,1,1,0,2,2,0,0,0,1,0.8154,35.975,0,0,2,2,0,0,0,0,0,0,0,2,0,0,0,0,0,1,0,0,0,0,0,0,0,0,0,0,0,2.0,80,0.75,0.25,96.0,95.78,0.6682908775714286,0.20569817571428572,0.9068310605714285,0
CCN1C2=C(C=CC=C2)[N+](CC)=C1C,12,2,0,0,0,1,0.416666667,1.041018519,2.359953704,1.041018519,0.640826892,189.282,172.146,189.138625,74,0.253699929,-0.227748985,0.253699929,0.227748985,1.214285714,1.928571429,2.571428571,15.15694944,10.28793477,2.173130018,-1.941029227,2.128696907,-2.344808726,5.716401405,-0.674486866,2.845612774,413.5348232,10.12939203,9.11804183,9.11804183,6.79122366,5.268446555,5.268446555,3.524445792,3.524445792,2.877034209,2.877034209,2.213341185,2.213341185,-1.31,2349.748555,9.253025268,3.445708144,1.138688315,84.7865296,0.0,0.0,11.03340144,0.0,5.824404498,0.0,0.0,9.134199296,0,0.0,12.13273414,25.98020854,6.9237372,13.08951281,4.567099648,11.03340144,4.567099648,0.0,33.86072441,0.0,30.08987277,0.0,4.567099648,0.0,0.0,0.0,4.567099648,13.08951281,6.9237372,19.6718789,24.26546827,11.03340144,8.81,0.0,0.0,0,0.0,0.0,13.08951281,16.85780593,0.0,0.0,54.17087917,0.0,4.719907407,0.0,0.0,2.683981481,1.343703704,8.595092593,0.0,8.657314815,0.0,0.416666667,14,0,2,0,0,0,1,1,2,1,0,2,2,0,0,0,2,2.27702,58.218,0,0,2,2,0,0,0,0,0,0,0,2,1,1,0,0,0,1,0,0,0,0,0,2,0,0,0,0,0,2.0,80,0.75,0.25,96.0,91.19,0.6088522822857143,0.5270166198571429,0.5457599785714286,0
CC[N+]1=CC=CC=C1,7,1,0,0,0,1,0.285714286,1.056388889,2.125,1.056388889,0.472305948,108.164,98.084,108.0807757,42,0.168256311,-0.20541497,0.20541497,0.168256311,1.125,1.75,2.125,14.90893006,10.47166327,1.858056109,-1.843082776,1.740745878,-2.29595351,4.828455414,-0.693140439,2.832085835,145.7328145,5.819990956,5.041071723,5.041071723,3.931851653,2.87306566,2.87306566,1.705940002,1.705940002,1.142454291,1.142454291,0.645136662,0.645136662,-0.85,91.36757728,5.28986014,2.455694606,1.059403088,49.59090682,0.0,6.544756406,12.39368714,0.0,0.0,0.0,0.0,4.567099648,0,0.0,6.066367068,6.9237372,12.13273414,0.0,4.567099648,0.0,0.0,0.0,13.46849361,0.0,30.59278835,0.0,4.567099648,0.0,0.0,0.0,0.0,6.544756406,0.0,6.9237372,30.59278835,0.0,3.88,0.0,0.0,0,0.0,0.0,6.544756406,0.0,0.0,18.19910121,23.88452399,0.0,2.125,0.0,0.0,0.0,0.0,6.0825,4.111111111,3.181388889,0.0,0.285714286,8,0,1,0,0,0,0,1,1,0,0,1,1,0,0,0,1,0.994,32.311,0,0,1,1,0,0,0,0,0,0,0,1,0,0,0,0,0,0,0,0,0,0,0,0,0,0,1,0,0,2.0,80,0.75,0.25,96.0,100.0,0.5134707148571429,0.2738412782857143,0.8272193367142856,0
C[N+](C)(C)Cc1ccccc1,10,1,0,0,0,1,0.4,0.990092593,2.201388889,0.990092593,0.564733409,150.245,134.117,150.1277259,60,0.10374051,-0.327164983,0.327164983,0.10374051,1.0,1.545454545,2.0,15.2727943,10.18617015,2.059732163,-2.231752379,2.044948953,-2.326798315,5.127404025,-0.883503644,2.657660985,208.0644284,8.319990956,7.541071723,7.541071723,5.078298262,3.922105546,3.922105546,3.934036527,3.934036527,1.499740497,1.499740497,1.131142384,1.131142384,-0.82,244.8579632,8.278231827,3.054898793,3.190046349,68.86097673,4.483030858,6.544756406,0.0,0.0,0.0,0.0,0.0,0.0,0,0.0,30.33183534,0.0,5.563451492,21.14301595,4.483030858,0.0,0.0,0.0,6.544756406,21.14301595,35.89528683,0.0,0.0,0.0,0.0,0.0,25.62604681,6.544756406,0.0,5.563451492,30.33183534,0.0,0.0,0.0,0.0,0,0.0,0.0,11.02778726,5.563451492,0.0,0.0,51.47485129,0.0,0.990092593,0.0,0.0,1.402777778,0.0,10.57157407,0.0,1.098055556,6.604166667,0.4,11,0,1,0,0,0,1,0,1,0,0,1,2,0,0,0,1,1.8928,48.1784,0,0,0,1,0,0,0,0,0,0,0,0,1,0,0,0,0,0,0,0,0,0,0,0,0,0,0,1,0,2.0,80,0.75,0.25,96.0,14.53,0.7445308335,0.24762724886,0.9092085232799999,0
CC[N+]1(C)CCCC1,7,1,0,0,0,1,1.0,1.319444444,2.354166667,1.319444444,0.449952788,114.212,98.084,114.1277259,48,0.078619894,-0.326265893,0.326265893,0.078619894,1.25,1.75,2.0,15.33348256,10.39358405,2.23028601,-2.263235674,2.139532621,-2.395984082,4.486020013,-0.895371398,2.399681801,72.45601116,6.035533906,5.982747501,5.982747501,3.767766953,3.603003675,3.603003675,3.090051834,3.090051834,2.409338255,2.409338255,1.415079324,1.415079324,-0.04,88.95348294,6.085628141,2.058167191,1.025055201,51.89287772,4.483030858,0.0,0.0,0.0,0.0,0.0,0.0,0.0,0,0.0,0.0,6.9237372,12.84164325,26.6819412,4.483030858,0.0,0.0,0.0,19.76538045,26.6819412,0.0,0.0,0.0,0.0,0.0,0.0,31.16497206,0.0,0.0,19.76538045,0.0,0.0,0.0,0.0,0.0,0,0.0,0.0,0.0,36.95894332,0.0,0.0,13.97140918,0.0,1.319444444,0.0,0.0,0.0,0.0,0.0,2.8975,6.428888889,2.354166667,1.0,8,0,1,0,1,1,0,0,0,0,0,1,1,0,1,1,1,1.2467,35.6934,0,0,0,1,0,0,0,0,1,0,0,0,0,0,0,0,0,0,0,0,0,0,0,0,0,0,0,1,0,2.0,80,0.75,0.25,96.0,2.72,0.8838486080740742,0.48621441092592593,0.894186241037037,0
CCN1C=C[N+](CC)=C1C,8,2,0,0,0,1,0.625,1.068287037,2.239583333,1.068287037,0.542941288,139.222,124.102,139.1229749,56,0.252708722,-0.234774984,0.252708722,0.234774984,1.5,2.2,2.5,15.13397797,10.57331327,2.061801294,-1.930260203,1.910367424,-2.333518491,4.777545787,-0.698635641,2.967130298,191.5322095,7.560477932,6.963341292,6.963341292,4.79122366,3.843613803,3.843613803,2.417386552,2.417386552,1.939250579,1.939250579,1.21013606,1.21013606,-0.79,248.6910144,7.318577633,2.862742982,1.058162668,62.10486507,0.0,12.39368714,0.0,0.0,5.824404498,0.0,0.0,9.134199296,0,0.0,0.0,13.8474744,6.9237372,13.08951281,4.567099648,0.0,4.567099648,0.0,33.86072441,0.0,18.21809164,0.0,4.567099648,0.0,0.0,0.0,4.567099648,13.08951281,6.9237372,19.6718789,12.39368714,0.0,8.81,0.0,0.0,0,0.0,0.0,13.08951281,5.824404498,0.0,0.0,42.29909804,0.0,4.479166667,0.0,0.0,0.0,1.337962963,0.0,4.247685185,8.601851852,0.0,0.625,10,0,2,0,0,0,0,1,1,1,0,2,2,0,0,0,1,1.12382,40.712,0,0,2,2,0,0,0,0,0,0,0,2,0,0,0,0,0,1,0,0,0,0,0,0,0,0,0,0,0,2.0,80,0.75,0.25,96.0,4.76,0.7212606681428572,0.29657080971428573,0.8371827037142857,0
CC[P+](C)(C)C,5,0,0,0,1,1,1.0,-0.396604938,2.354166667,0.396604938,0.446716927,105.141,91.029,105.0827635,38,0.055763125,-0.031156954,0.055763125,0.031156954,1.166666667,1.333333333,1.333333333,31.18282092,10.98136925,2.10310813,-2.046682155,2.446993128,-1.843324732,7.732016534,1.467583746,3.168489873,33.69332843,5.207106781,5.154320377,6.048747568,2.560660172,2.364975334,5.680712439,2.606551851,7.819655552,0.948683298,2.846049894,0.0,0.0,0.43,12.16479704,6.43,1.930321529,4.43,41.28359995,0.0,0.0,0.0,0.0,0.0,0.0,0.0,0.0,0,0.0,0.0,6.9237372,27.256956,6.161910027,0.0,7.262479191,0.0,0.0,6.9237372,26.15638684,0.0,0.0,0.0,0.0,0.0,7.262479191,26.15638684,0.0,0.0,6.9237372,0.0,0.0,0.0,7.262479191,0.0,0,0.0,0.0,0.0,6.161910027,0.0,0.0,26.91821401,0.0,0.0,0.0,0.0,0.0,0.0,0.0,1.381944444,9.320216049,-0.396604938,1.0,6,0,0,0,0,0,0,0,0,0,0,1,1,0,0,0,0,1.9133,35.233,0,0,0,0,0,0,0,0,0,0,0,0,0,0,0,0,0,0,0,0,0,0,0,0,0,0,0,0,0,2.0,80,0.75,0.25,96.0,0.0,1.0351944831428572,0.5990615904285714,0.9996363154285713,0
CCN1C=C[N+](CC)=C1,7,2,0,0,0,1,0.571428571,1.0625,2.15625,1.0625,0.517264218,125.195,112.091,125.1073248,50,0.243232025,-0.237119269,0.243232025,0.237119269,1.444444444,2.222222222,2.555555556,15.09883911,10.71507637,1.953151997,-1.840686168,1.807522338,-2.282884293,4.635871197,-0.692619827,2.740568234,160.2967608,6.690234444,6.040691561,6.040691561,4.363703305,3.412797987,3.412797987,2.074507123,2.074507123,1.476547163,1.476547163,0.812864752,0.812864752,-0.79,173.1832348,6.33180268,2.667270004,1.312742009,55.73992295,0.0,12.39368714,0.0,6.327320075,0.0,0.0,0.0,9.134199296,0,0.0,0.0,13.8474744,0.0,13.08951281,4.567099648,0.0,4.567099648,0.0,26.93698721,0.0,18.72100722,0.0,4.567099648,0.0,0.0,0.0,4.567099648,13.08951281,0.0,13.8474744,18.72100722,0.0,8.81,0.0,0.0,0,0.0,0.0,13.08951281,0.0,0.0,0.0,41.70268091,0.0,4.3125,0.0,0.0,0.0,0.0,0.0,6.284722222,6.402777778,0.0,0.571428571,9,0,2,0,0,0,0,1,1,1,0,2,2,0,0,0,1,0.8154,35.975,0,0,2,2,0,0,0,0,0,0,0,2,0,0,0,0,0,1,0,0,0,0,0,0,0,0,0,0,0,2.0,80,1.0,0.0,96.0,98.32,0.6682908775714286,0.20569817571428572,0.9068310605714285,0
CCN1C2=C(C=CC=C2)[N+](CC)=C1C,12,2,0,0,0,1,0.416666667,1.041018519,2.359953704,1.041018519,0.640826892,189.282,172.146,189.138625,74,0.253699929,-0.227748985,0.253699929,0.227748985,1.214285714,1.928571429,2.571428571,15.15694944,10.28793477,2.173130018,-1.941029227,2.128696907,-2.344808726,5.716401405,-0.674486866,2.845612774,413.5348232,10.12939203,9.11804183,9.11804183,6.79122366,5.268446555,5.268446555,3.524445792,3.524445792,2.877034209,2.877034209,2.213341185,2.213341185,-1.31,2349.748555,9.253025268,3.445708144,1.138688315,84.7865296,0.0,0.0,11.03340144,0.0,5.824404498,0.0,0.0,9.134199296,0,0.0,12.13273414,25.98020854,6.9237372,13.08951281,4.567099648,11.03340144,4.567099648,0.0,33.86072441,0.0,30.08987277,0.0,4.567099648,0.0,0.0,0.0,4.567099648,13.08951281,6.9237372,19.6718789,24.26546827,11.03340144,8.81,0.0,0.0,0,0.0,0.0,13.08951281,16.85780593,0.0,0.0,54.17087917,0.0,4.719907407,0.0,0.0,2.683981481,1.343703704,8.595092593,0.0,8.657314815,0.0,0.416666667,14,0,2,0,0,0,1,1,2,1,0,2,2,0,0,0,2,2.27702,58.218,0,0,2,2,0,0,0,0,0,0,0,2,1,1,0,0,0,1,0,0,0,0,0,2,0,0,0,0,0,2.0,80,1.0,0.0,96.0,94.85,0.6088522822857143,0.5270166198571429,0.5457599785714286,0
CC[N+]1=CC=CC=C1,7,1,0,0,0,1,0.285714286,1.056388889,2.125,1.056388889,0.472305948,108.164,98.084,108.0807757,42,0.168256311,-0.20541497,0.20541497,0.168256311,1.125,1.75,2.125,14.90893006,10.47166327,1.858056109,-1.843082776,1.740745878,-2.29595351,4.828455414,-0.693140439,2.832085835,145.7328145,5.819990956,5.041071723,5.041071723,3.931851653,2.87306566,2.87306566,1.705940002,1.705940002,1.142454291,1.142454291,0.645136662,0.645136662,-0.85,91.36757728,5.28986014,2.455694606,1.059403088,49.59090682,0.0,6.544756406,12.39368714,0.0,0.0,0.0,0.0,4.567099648,0,0.0,6.066367068,6.9237372,12.13273414,0.0,4.567099648,0.0,0.0,0.0,13.46849361,0.0,30.59278835,0.0,4.567099648,0.0,0.0,0.0,0.0,6.544756406,0.0,6.9237372,30.59278835,0.0,3.88,0.0,0.0,0,0.0,0.0,6.544756406,0.0,0.0,18.19910121,23.88452399,0.0,2.125,0.0,0.0,0.0,0.0,6.0825,4.111111111,3.181388889,0.0,0.285714286,8,0,1,0,0,0,0,1,1,0,0,1,1,0,0,0,1,0.994,32.311,0,0,1,1,0,0,0,0,0,0,0,1,0,0,0,0,0,0,0,0,0,0,0,0,0,0,1,0,0,2.0,80,1.0,0.0,96.0,100.0,0.5134707148571429,0.2738412782857143,0.8272193367142856,0
C[N+](C)(C)Cc1ccccc1,10,1,0,0,0,1,0.4,0.990092593,2.201388889,0.990092593,0.564733409,150.245,134.117,150.1277259,60,0.10374051,-0.327164983,0.327164983,0.10374051,1.0,1.545454545,2.0,15.2727943,10.18617015,2.059732163,-2.231752379,2.044948953,-2.326798315,5.127404025,-0.883503644,2.657660985,208.0644284,8.319990956,7.541071723,7.541071723,5.078298262,3.922105546,3.922105546,3.934036527,3.934036527,1.499740497,1.499740497,1.131142384,1.131142384,-0.82,244.8579632,8.278231827,3.054898793,3.190046349,68.86097673,4.483030858,6.544756406,0.0,0.0,0.0,0.0,0.0,0.0,0,0.0,30.33183534,0.0,5.563451492,21.14301595,4.483030858,0.0,0.0,0.0,6.544756406,21.14301595,35.89528683,0.0,0.0,0.0,0.0,0.0,25.62604681,6.544756406,0.0,5.563451492,30.33183534,0.0,0.0,0.0,0.0,0,0.0,0.0,11.02778726,5.563451492,0.0,0.0,51.47485129,0.0,0.990092593,0.0,0.0,1.402777778,0.0,10.57157407,0.0,1.098055556,6.604166667,0.4,11,0,1,0,0,0,1,0,1,0,0,1,2,0,0,0,1,1.8928,48.1784,0,0,0,1,0,0,0,0,0,0,0,0,1,0,0,0,0,0,0,0,0,0,0,0,0,0,0,1,0,2.0,80,1.0,0.0,96.0,51.22,0.7445308335,0.24762724886,0.9092085232799999,0
CC[N+]1(C)CCCC1,7,1,0,0,0,1,1.0,1.319444444,2.354166667,1.319444444,0.449952788,114.212,98.084,114.1277259,48,0.078619894,-0.326265893,0.326265893,0.078619894,1.25,1.75,2.0,15.33348256,10.39358405,2.23028601,-2.263235674,2.139532621,-2.395984082,4.486020013,-0.895371398,2.399681801,72.45601116,6.035533906,5.982747501,5.982747501,3.767766953,3.603003675,3.603003675,3.090051834,3.090051834,2.409338255,2.409338255,1.415079324,1.415079324,-0.04,88.95348294,6.085628141,2.058167191,1.025055201,51.89287772,4.483030858,0.0,0.0,0.0,0.0,0.0,0.0,0.0,0,0.0,0.0,6.9237372,12.84164325,26.6819412,4.483030858,0.0,0.0,0.0,19.76538045,26.6819412,0.0,0.0,0.0,0.0,0.0,0.0,31.16497206,0.0,0.0,19.76538045,0.0,0.0,0.0,0.0,0.0,0,0.0,0.0,0.0,36.95894332,0.0,0.0,13.97140918,0.0,1.319444444,0.0,0.0,0.0,0.0,0.0,2.8975,6.428888889,2.354166667,1.0,8,0,1,0,1,1,0,0,0,0,0,1,1,0,1,1,1,1.2467,35.6934,0,0,0,1,0,0,0,0,1,0,0,0,0,0,0,0,0,0,0,0,0,0,0,0,0,0,0,1,0,2.0,80,1.0,0.0,96.0,23.08,0.8838486080740742,0.48621441092592593,0.894186241037037,0
CCN1C=C[N+](CC)=C1C,8,2,0,0,0,1,0.625,1.068287037,2.239583333,1.068287037,0.542941288,139.222,124.102,139.1229749,56,0.252708722,-0.234774984,0.252708722,0.234774984,1.5,2.2,2.5,15.13397797,10.57331327,2.061801294,-1.930260203,1.910367424,-2.333518491,4.777545787,-0.698635641,2.967130298,191.5322095,7.560477932,6.963341292,6.963341292,4.79122366,3.843613803,3.843613803,2.417386552,2.417386552,1.939250579,1.939250579,1.21013606,1.21013606,-0.79,248.6910144,7.318577633,2.862742982,1.058162668,62.10486507,0.0,12.39368714,0.0,0.0,5.824404498,0.0,0.0,9.134199296,0,0.0,0.0,13.8474744,6.9237372,13.08951281,4.567099648,0.0,4.567099648,0.0,33.86072441,0.0,18.21809164,0.0,4.567099648,0.0,0.0,0.0,4.567099648,13.08951281,6.9237372,19.6718789,12.39368714,0.0,8.81,0.0,0.0,0,0.0,0.0,13.08951281,5.824404498,0.0,0.0,42.29909804,0.0,4.479166667,0.0,0.0,0.0,1.337962963,0.0,4.247685185,8.601851852,0.0,0.625,10,0,2,0,0,0,0,1,1,1,0,2,2,0,0,0,1,1.12382,40.712,0,0,2,2,0,0,0,0,0,0,0,2,0,0,0,0,0,1,0,0,0,0,0,0,0,0,0,0,0,2.0,80,1.0,0.0,96.0,7.41,0.7212606681428572,0.29657080971428573,0.8371827037142857,0
CC[P+](C)(C)C,5,0,0,0,1,1,1.0,-0.396604938,2.354166667,0.396604938,0.446716927,105.141,91.029,105.0827635,38,0.055763125,-0.031156954,0.055763125,0.031156954,1.166666667,1.333333333,1.333333333,31.18282092,10.98136925,2.10310813,-2.046682155,2.446993128,-1.843324732,7.732016534,1.467583746,3.168489873,33.69332843,5.207106781,5.154320377,6.048747568,2.560660172,2.364975334,5.680712439,2.606551851,7.819655552,0.948683298,2.846049894,0.0,0.0,0.43,12.16479704,6.43,1.930321529,4.43,41.28359995,0.0,0.0,0.0,0.0,0.0,0.0,0.0,0.0,0,0.0,0.0,6.9237372,27.256956,6.161910027,0.0,7.262479191,0.0,0.0,6.9237372,26.15638684,0.0,0.0,0.0,0.0,0.0,7.262479191,26.15638684,0.0,0.0,6.9237372,0.0,0.0,0.0,7.262479191,0.0,0,0.0,0.0,0.0,6.161910027,0.0,0.0,26.91821401,0.0,0.0,0.0,0.0,0.0,0.0,0.0,1.381944444,9.320216049,-0.396604938,1.0,6,0,0,0,0,0,0,0,0,0,0,1,1,0,0,0,0,1.9133,35.233,0,0,0,0,0,0,0,0,0,0,0,0,0,0,0,0,0,0,0,0,0,0,0,0,0,0,0,0,0,2.0,80,1.0,0.0,96.0,2.91,1.0351944831428572,0.5990615904285714,0.9996363154285713,0
C[N+]1(CC2=CC=CC=C2)CCCCC1,13,1,0,0,0,1,0.538461538,1.209166667,2.395,1.209166667,0.629058375,190.31,170.15,190.1590261,76,0.104154064,-0.322295086,0.322295086,0.104154064,1.0,1.642857143,2.285714286,15.32741476,10.06976967,2.238924768,-2.374127779,2.192368797,-2.464159809,5.129054693,-0.926460391,2.020245375,272.546854,9.855524862,9.076605629,9.076605629,6.785405043,5.660133887,5.660133887,4.771089901,4.771089901,3.303016422,3.303016422,2.457935039,2.457935039,-0.82,2070.989944,9.724281562,4.138411667,2.355126699,86.94997192,4.483030858,6.544756406,0.0,0.0,0.0,0.0,0.0,0.0,0,0.0,30.33183534,19.26246487,5.563451492,20.13718479,4.483030858,0.0,0.0,0.0,25.80722127,20.13718479,35.89528683,0.0,0.0,0.0,0.0,0.0,24.62021565,6.544756406,0.0,24.82591636,30.33183534,0.0,0.0,0.0,0.0,0,0.0,0.0,0.0,48.94321644,0.0,0.0,37.37950732,0.0,1.240092593,0.0,0.0,1.483240741,0.0,10.88174068,4.245334152,3.921258503,2.395,0.538461538,14,0,1,0,1,1,1,0,1,0,0,1,2,0,1,1,2,2.8171,59.9154,0,0,0,1,0,0,0,0,1,0,0,0,1,0,0,0,0,0,0,0,0,0,0,0,1,0,0,1,0,4.0,80,0.0,1.0,0.0,0.0,0.8523135852857143,0.21687114642857144,0.93113035,0
C[N+]1(CC2=CC=CC=C2)CCCCC1,13,1,0,0,0,1,0.538461538,1.209166667,2.395,1.209166667,0.629058375,190.31,170.15,190.1590261,76,0.104154064,-0.322295086,0.322295086,0.104154064,1.0,1.642857143,2.285714286,15.32741476,10.06976967,2.238924768,-2.374127779,2.192368797,-2.464159809,5.129054693,-0.926460391,2.020245375,272.546854,9.855524862,9.076605629,9.076605629,6.785405043,5.660133887,5.660133887,4.771089901,4.771089901,3.303016422,3.303016422,2.457935039,2.457935039,-0.82,2070.989944,9.724281562,4.138411667,2.355126699,86.94997192,4.483030858,6.544756406,0.0,0.0,0.0,0.0,0.0,0.0,0,0.0,30.33183534,19.26246487,5.563451492,20.13718479,4.483030858,0.0,0.0,0.0,25.80722127,20.13718479,35.89528683,0.0,0.0,0.0,0.0,0.0,24.62021565,6.544756406,0.0,24.82591636,30.33183534,0.0,0.0,0.0,0.0,0,0.0,0.0,0.0,48.94321644,0.0,0.0,37.37950732,0.0,1.240092593,0.0,0.0,1.483240741,0.0,10.88174068,4.245334152,3.921258503,2.395,0.538461538,14,0,1,0,1,1,1,0,1,0,0,1,2,0,1,1,2,2.8171,59.9154,0,0,0,1,0,0,0,0,1,0,0,0,1,0,0,0,0,0,0,0,0,0,0,0,1,0,0,1,0,4.0,80,0.0,1.0,200.0,0.0,0.8523135852857143,0.21687114642857144,0.93113035,0
C[N+]1(CC2=CC=CC=C2)CCCCC1,13,1,0,0,0,1,0.538461538,1.209166667,2.395,1.209166667,0.629058375,190.31,170.15,190.1590261,76,0.104154064,-0.322295086,0.322295086,0.104154064,1.0,1.642857143,2.285714286,15.32741476,10.06976967,2.238924768,-2.374127779,2.192368797,-2.464159809,5.129054693,-0.926460391,2.020245375,272.546854,9.855524862,9.076605629,9.076605629,6.785405043,5.660133887,5.660133887,4.771089901,4.771089901,3.303016422,3.303016422,2.457935039,2.457935039,-0.82,2070.989944,9.724281562,4.138411667,2.355126699,86.94997192,4.483030858,6.544756406,0.0,0.0,0.0,0.0,0.0,0.0,0,0.0,30.33183534,19.26246487,5.563451492,20.13718479,4.483030858,0.0,0.0,0.0,25.80722127,20.13718479,35.89528683,0.0,0.0,0.0,0.0,0.0,24.62021565,6.544756406,0.0,24.82591636,30.33183534,0.0,0.0,0.0,0.0,0,0.0,0.0,0.0,48.94321644,0.0,0.0,37.37950732,0.0,1.240092593,0.0,0.0,1.483240741,0.0,10.88174068,4.245334152,3.921258503,2.395,0.538461538,14,0,1,0,1,1,1,0,1,0,0,1,2,0,1,1,2,2.8171,59.9154,0,0,0,1,0,0,0,0,1,0,0,0,1,0,0,0,0,0,0,0,0,0,0,0,1,0,0,1,0,4.0,80,0.0,1.0,500.0,0.0,0.8523135852857143,0.21687114642857144,0.93113035,0
C1=CC=C(C[N+]23CCN(CC2)CC3)C=C1,13,2,0,0,0,1,0.538461538,1.244722222,2.602175926,1.244722222,0.65553645,203.309,184.157,203.154275,80,0.104470062,-0.316679545,0.316679545,0.104470062,0.933333333,1.533333333,2.133333333,15.44896566,10.08424963,2.375263615,-2.501729495,2.223023983,-2.661079096,5.131106462,-0.952859213,1.76429187,311.874569,10.13998191,9.230926005,9.230926005,7.363703305,5.977831355,5.977831355,4.997814409,4.997814409,4.03251729,4.03251729,2.939369551,2.939369551,-0.86,5345.348777,9.372017247,3.616646231,1.795061163,91.70397444,4.483030858,6.544756406,0.0,0.0,0.0,0.0,4.899909731,0.0,0,0.0,30.33183534,0.0,25.19772071,19.63426922,4.483030858,0.0,4.899909731,0.0,6.544756406,39.26853844,35.89528683,0.0,0.0,0.0,0.0,0.0,48.65147902,6.544756406,0.0,5.563451492,30.33183534,0.0,3.24,0.0,0.0,0,0.0,0.0,0.0,55.85977719,0.0,0.0,35.23174507,0.0,1.333842593,2.602175926,0.0,1.507268519,0.0,10.97351498,0.0,9.249864654,0.0,0.538461538,15,0,2,0,3,3,1,0,1,1,0,2,2,0,3,3,4,1.3326,61.4474,0,0,0,2,0,0,0,0,0,0,0,0,1,3,0,0,0,0,0,0,0,0,0,0,0,3,0,1,0,1.0,80,1.0,0.0,720.0,95.0,0.9651363996470589,0.2321001144117647,0.9781712168235295,0
C1=CC=C(C[N+]23CCN(CC2)CC3)C=C1,13,2,0,0,0,1,0.538461538,1.244722222,2.602175926,1.244722222,0.65553645,203.309,184.157,203.154275,80,0.104470062,-0.316679545,0.316679545,0.104470062,0.933333333,1.533333333,2.133333333,15.44896566,10.08424963,2.375263615,-2.501729495,2.223023983,-2.661079096,5.131106462,-0.952859213,1.76429187,311.874569,10.13998191,9.230926005,9.230926005,7.363703305,5.977831355,5.977831355,4.997814409,4.997814409,4.03251729,4.03251729,2.939369551,2.939369551,-0.86,5345.348777,9.372017247,3.616646231,1.795061163,91.70397444,4.483030858,6.544756406,0.0,0.0,0.0,0.0,4.899909731,0.0,0,0.0,30.33183534,0.0,25.19772071,19.63426922,4.483030858,0.0,4.899909731,0.0,6.544756406,39.26853844,35.89528683,0.0,0.0,0.0,0.0,0.0,48.65147902,6.544756406,0.0,5.563451492,30.33183534,0.0,3.24,0.0,0.0,0,0.0,0.0,0.0,55.85977719,0.0,0.0,35.23174507,0.0,1.333842593,2.602175926,0.0,1.507268519,0.0,10.97351498,0.0,9.249864654,0.0,0.538461538,15,0,2,0,3,3,1,0,1,1,0,2,2,0,3,3,4,1.3326,61.4474,0,0,0,2,0,0,0,0,0,0,0,0,1,3,0,0,0,0,0,0,0,0,0,0,0,3,0,1,0,2.0,80,1.0,0.0,720.0,99.0,0.9651363996470589,0.2321001144117647,0.9781712168235295,0
C[N+]1(C)CCC(C2=CN(CC3=CC=CC=C3)N=N2)CC1,16,4,0,0,0,1,0.5,0.588586441,4.389803949,0.588586441,0.801901885,271.388,248.204,271.1917232,106,0.086212659,-0.328439748,0.328439748,0.086212659,1.15,1.85,2.55,15.42004964,9.930458361,2.281032273,-2.360332088,2.276967879,-2.451272252,5.148331529,-0.894993029,1.653982637,548.8656661,14.00178923,12.36584017,12.36584017,9.622923019,7.38300002,7.38300002,6.483804506,6.483804506,4.327819828,4.327819828,2.910761551,2.910761551,-1.68,56438.75457,13.30987073,5.366118569,3.070409458,120.1673433,4.483030858,0.0,0.0,0.0,0.0,0.0,0.0,4.681802935,0,5.098681808,35.54522044,5.563451492,24.95639286,39.42354118,4.483030858,0.0,14.99386984,0.0,25.3043057,27.18485678,47.7860584,0.0,0.0,0.0,0.0,0.0,46.66175747,6.544756406,0.0,30.01692878,36.52867891,0.0,30.71,0.0,0.0,0,0.0,5.917906046,11.02778726,37.18853554,0.0,10.74817,54.86972271,0.0,3.091195309,0.0,8.674389172,2.436134522,0.588586441,10.42146541,4.56651518,3.272360537,4.616020093,0.5,20,0,4,0,1,1,1,1,2,3,0,4,3,0,1,1,3,2.2802,79.3834,0,0,3,4,0,0,0,0,1,0,0,0,1,0,0,0,0,0,0,0,0,0,0,0,1,0,0,1,0,1.0,80,0.9474,0.0526,0.0,0.0,1.0366628903333333,0.1676372886666667,0.9583992313333333,0
C[N+]1(C)CCC(C2=CN(CC3=CC=CC=C3)N=N2)CC1,16,4,0,0,0,1,0.5,0.588586441,4.389803949,0.588586441,0.801901885,271.388,248.204,271.1917232,106,0.086212659,-0.328439748,0.328439748,0.086212659,1.15,1.85,2.55,15.42004964,9.930458361,2.281032273,-2.360332088,2.276967879,-2.451272252,5.148331529,-0.894993029,1.653982637,548.8656661,14.00178923,12.36584017,12.36584017,9.622923019,7.38300002,7.38300002,6.483804506,6.483804506,4.327819828,4.327819828,2.910761551,2.910761551,-1.68,56438.75457,13.30987073,5.366118569,3.070409458,120.1673433,4.483030858,0.0,0.0,0.0,0.0,0.0,0.0,4.681802935,0,5.098681808,35.54522044,5.563451492,24.95639286,39.42354118,4.483030858,0.0,14.99386984,0.0,25.3043057,27.18485678,47.7860584,0.0,0.0,0.0,0.0,0.0,46.66175747,6.544756406,0.0,30.01692878,36.52867891,0.0,30.71,0.0,0.0,0,0.0,5.917906046,11.02778726,37.18853554,0.0,10.74817,54.86972271,0.0,3.091195309,0.0,8.674389172,2.436134522,0.588586441,10.42146541,4.56651518,3.272360537,4.616020093,0.5,20,0,4,0,1,1,1,1,2,3,0,4,3,0,1,1,3,2.2802,79.3834,0,0,3,4,0,0,0,0,1,0,0,0,1,0,0,0,0,0,0,0,0,0,0,0,1,0,0,1,0,1.0,80,0.9474,0.0526,150.0,15.0,1.0366628903333333,0.1676372886666667,0.9583992313333333,0
C[N+]1(C)CCC(C2=CN(CC3=CC=CC=C3)N=N2)CC1,16,4,0,0,0,1,0.5,0.588586441,4.389803949,0.588586441,0.801901885,271.388,248.204,271.1917232,106,0.086212659,-0.328439748,0.328439748,0.086212659,1.15,1.85,2.55,15.42004964,9.930458361,2.281032273,-2.360332088,2.276967879,-2.451272252,5.148331529,-0.894993029,1.653982637,548.8656661,14.00178923,12.36584017,12.36584017,9.622923019,7.38300002,7.38300002,6.483804506,6.483804506,4.327819828,4.327819828,2.910761551,2.910761551,-1.68,56438.75457,13.30987073,5.366118569,3.070409458,120.1673433,4.483030858,0.0,0.0,0.0,0.0,0.0,0.0,4.681802935,0,5.098681808,35.54522044,5.563451492,24.95639286,39.42354118,4.483030858,0.0,14.99386984,0.0,25.3043057,27.18485678,47.7860584,0.0,0.0,0.0,0.0,0.0,46.66175747,6.544756406,0.0,30.01692878,36.52867891,0.0,30.71,0.0,0.0,0,0.0,5.917906046,11.02778726,37.18853554,0.0,10.74817,54.86972271,0.0,3.091195309,0.0,8.674389172,2.436134522,0.588586441,10.42146541,4.56651518,3.272360537,4.616020093,0.5,20,0,4,0,1,1,1,1,2,3,0,4,3,0,1,1,3,2.2802,79.3834,0,0,3,4,0,0,0,0,1,0,0,0,1,0,0,0,0,0,0,0,0,0,0,0,1,0,0,1,0,1.0,80,0.9474,0.0526,2000.0,27.0,1.0366628903333333,0.1676372886666667,0.9583992313333333,0
C1=CC=C(CN2C=C(C3CC[N+]4(CCCCC4)CC3)N=N2)C=C1,19,4,0,0,0,1,0.578947368,0.615925821,4.475605631,0.615925821,0.815048543,311.453,284.237,311.2230233,122,0.086212664,-0.323569678,0.323569678,0.086212664,0.956521739,1.695652174,2.434782609,15.4216014,9.902237873,2.356764713,-2.453605335,2.324778931,-2.5487793,5.148608387,-0.936643745,1.379844266,617.8289867,15.53732314,13.90137408,13.90137408,11.3300298,9.121028361,9.121028361,7.397587602,7.397587602,5.830759233,5.830759233,4.389733024,4.389733024,-1.68,424642.7058,14.88358206,6.43937014,3.320433906,138.2563384,4.483030858,0.0,0.0,0.0,0.0,0.0,0.0,4.681802935,0,5.098681808,35.54522044,24.82591636,24.95639286,38.41771002,4.483030858,0.0,14.99386984,0.0,44.56677057,26.17902562,47.7860584,0.0,0.0,0.0,0.0,0.0,45.65592632,6.544756406,0.0,49.27939365,36.52867891,0.0,30.71,0.0,0.0,0,0.0,5.917906046,6.544756406,74.02354408,0.0,4.681802935,46.84074582,0.0,3.374165988,0.0,8.827852891,2.487231416,0.615925821,10.50186706,9.032421941,6.327201552,0.0,0.578947368,23,0,4,0,2,2,1,1,2,3,0,4,3,0,2,2,4,3.2045,91.1204,0,0,3,4,0,0,0,0,0,0,0,0,1,0,0,0,0,0,0,0,0,0,0,0,2,0,0,1,0,1.0,80,0.9474,0.0526,0.0,0.0,1.0214322144999999,0.12754196750000002,0.9692346715,0
C1=CC=C(CN2C=C(C3CC[N+]4(CCCCC4)CC3)N=N2)C=C1,19,4,0,0,0,1,0.578947368,0.615925821,4.475605631,0.615925821,0.815048543,311.453,284.237,311.2230233,122,0.086212664,-0.323569678,0.323569678,0.086212664,0.956521739,1.695652174,2.434782609,15.4216014,9.902237873,2.356764713,-2.453605335,2.324778931,-2.5487793,5.148608387,-0.936643745,1.379844266,617.8289867,15.53732314,13.90137408,13.90137408,11.3300298,9.121028361,9.121028361,7.397587602,7.397587602,5.830759233,5.830759233,4.389733024,4.389733024,-1.68,424642.7058,14.88358206,6.43937014,3.320433906,138.2563384,4.483030858,0.0,0.0,0.0,0.0,0.0,0.0,4.681802935,0,5.098681808,35.54522044,24.82591636,24.95639286,38.41771002,4.483030858,0.0,14.99386984,0.0,44.56677057,26.17902562,47.7860584,0.0,0.0,0.0,0.0,0.0,45.65592632,6.544756406,0.0,49.27939365,36.52867891,0.0,30.71,0.0,0.0,0,0.0,5.917906046,6.544756406,74.02354408,0.0,4.681802935,46.84074582,0.0,3.374165988,0.0,8.827852891,2.487231416,0.615925821,10.50186706,9.032421941,6.327201552,0.0,0.578947368,23,0,4,0,2,2,1,1,2,3,0,4,3,0,2,2,4,3.2045,91.1204,0,0,3,4,0,0,0,0,0,0,0,0,1,0,0,0,0,0,0,0,0,0,0,0,2,0,0,1,0,1.0,80,0.9474,0.0526,2000.0,10.0,1.0214322144999999,0.12754196750000002,0.9692346715,0
C[N+]1(C)CCC(C2=CC=CC=C2)(C2=CC=CC=C2)CC1,19,1,0,0,0,1,0.368421053,0.204652778,2.34712963,0.204652778,0.72446352,266.408,242.216,266.1903262,104,0.079396835,-0.328403221,0.328403221,0.079396835,0.7,1.1,1.5,15.30702314,9.675243695,2.408323145,-2.450017802,2.419515595,-2.511237808,5.391758603,-0.895906347,2.055160705,505.3348254,14.05419547,12.54914341,12.54914341,9.624556993,7.555356709,7.555356709,6.697102642,6.697102642,4.940564998,4.940564998,3.482245387,3.482245387,-1.6,48711.49024,13.38615917,5.063954294,2.382991864,122.0070661,4.483030858,0.0,0.0,0.0,0.0,0.0,0.0,0.0,0,0.0,60.66367068,11.12690298,18.25663372,27.18485678,4.483030858,0.0,0.0,0.0,18.25663372,27.18485678,71.79057367,0.0,0.0,0.0,0.0,0.0,31.66788763,5.414990469,0.0,23.96854623,60.66367068,0.0,0.0,0.0,0.0,0,5.414990469,0.0,4.483030858,37.05805904,0.0,0.0,74.75901465,0.0,1.140294785,0.0,0.0,3.160023148,0.0,22.14864654,2.46037037,2.479739229,4.694259259,0.368421053,20,0,1,0,1,1,2,0,2,0,0,1,2,0,1,1,3,3.8429,84.7404,0,0,0,1,0,0,0,0,1,0,0,0,2,0,0,0,0,0,0,0,0,0,0,0,1,0,0,1,0,2.0,120,0.0,1.0,336.0,0.1,1.102921742,0.50714567,0.704735945,0
C1CC[N+]2(CC1)CCC(CCCC1CCNCC1)CC2,18,2,0,0,0,1,1.0,1.041952327,3.485335067,1.041952327,0.775880359,279.492,244.212,279.2794755,116,0.078885556,-0.323591278,0.323591278,0.078885556,0.7,1.3,1.95,15.35574501,9.856379035,2.341417104,-2.458059395,2.310994519,-2.551530353,4.712437516,-0.937362688,1.316716349,267.1428096,13.67551582,13.41562263,13.41562263,9.863703305,9.421507588,9.421507588,7.864383155,7.864383155,6.47175981,6.47175981,4.953494448,4.953494448,-0.08,62454.10356,14.84056716,7.264413645,3.976180277,125.4454409,9.799819462,0.0,0.0,0.0,0.0,0.0,0.0,0.0,0,0.0,19.26246487,69.87107626,0.0,26.17902562,4.483030858,0.0,5.316788604,11.83581209,64.20821623,39.26853844,0.0,0.0,5.316788604,0.0,0.0,0.0,43.75156929,0.0,11.83581209,64.20821623,0.0,0.0,12.03,0.0,0.0,0,0.0,0.0,11.83581209,107.9597855,0.0,0.0,5.316788604,0.0,1.504756371,0.0,3.485335067,0.0,2.113611672,0.0,14.99172437,8.571239187,0.0,1.0,20,1,2,0,3,3,0,0,0,1,1,2,4,0,3,3,3,3.567,85.7481,0,0,0,1,1,0,0,0,0,0,0,0,0,0,0,0,0,0,0,0,0,0,0,0,3,0,0,1,0,1.0,80,0.0,1.0,0.0,0.1,0.9974673484000001,0.12279569720000001,0.9678283176000001,0
C1CC[N+]2(CC1)CCC(CCCC1CCNCC1)CC2,18,2,0,0,0,1,1.0,1.041952327,3.485335067,1.041952327,0.775880359,279.492,244.212,279.2794755,116,0.078885556,-0.323591278,0.323591278,0.078885556,0.7,1.3,1.95,15.35574501,9.856379035,2.341417104,-2.458059395,2.310994519,-2.551530353,4.712437516,-0.937362688,1.316716349,267.1428096,13.67551582,13.41562263,13.41562263,9.863703305,9.421507588,9.421507588,7.864383155,7.864383155,6.47175981,6.47175981,4.953494448,4.953494448,-0.08,62454.10356,14.84056716,7.264413645,3.976180277,125.4454409,9.799819462,0.0,0.0,0.0,0.0,0.0,0.0,0.0,0,0.0,19.26246487,69.87107626,0.0,26.17902562,4.483030858,0.0,5.316788604,11.83581209,64.20821623,39.26853844,0.0,0.0,5.316788604,0.0,0.0,0.0,43.75156929,0.0,11.83581209,64.20821623,0.0,0.0,12.03,0.0,0.0,0,0.0,0.0,11.83581209,107.9597855,0.0,0.0,5.316788604,0.0,1.504756371,0.0,3.485335067,0.0,2.113611672,0.0,14.99172437,8.571239187,0.0,1.0,20,1,2,0,3,3,0,0,0,1,1,2,4,0,3,3,3,3.567,85.7481,0,0,0,1,1,0,0,0,0,0,0,0,0,0,0,0,0,0,0,0,0,0,0,0,3,0,0,1,0,1.0,80,0.0,1.0,500.0,0.1,0.9974673484000001,0.12279569720000001,0.9678283176000001,0
C1CC[N+]2(CC1)CCC(CCCC1CCNCC1)CC2,18,2,0,0,0,1,1.0,1.041952327,3.485335067,1.041952327,0.775880359,279.492,244.212,279.2794755,116,0.078885556,-0.323591278,0.323591278,0.078885556,0.7,1.3,1.95,15.35574501,9.856379035,2.341417104,-2.458059395,2.310994519,-2.551530353,4.712437516,-0.937362688,1.316716349,267.1428096,13.67551582,13.41562263,13.41562263,9.863703305,9.421507588,9.421507588,7.864383155,7.864383155,6.47175981,6.47175981,4.953494448,4.953494448,-0.08,62454.10356,14.84056716,7.264413645,3.976180277,125.4454409,9.799819462,0.0,0.0,0.0,0.0,0.0,0.0,0.0,0,0.0,19.26246487,69.87107626,0.0,26.17902562,4.483030858,0.0,5.316788604,11.83581209,64.20821623,39.26853844,0.0,0.0,5.316788604,0.0,0.0,0.0,43.75156929,0.0,11.83581209,64.20821623,0.0,0.0,12.03,0.0,0.0,0,0.0,0.0,11.83581209,107.9597855,0.0,0.0,5.316788604,0.0,1.504756371,0.0,3.485335067,0.0,2.113611672,0.0,14.99172437,8.571239187,0.0,1.0,20,1,2,0,3,3,0,0,0,1,1,2,4,0,3,3,3,3.567,85.7481,0,0,0,1,1,0,0,0,0,0,0,0,0,0,0,0,0,0,0,0,0,0,0,0,3,0,0,1,0,1.0,80,0.0,1.0,1000.0,0.1,0.9974673484000001,0.12279569720000001,0.9678283176000001,0
C1CC[N+]2(CC1)CCC(CCCC1CCNCC1)CC2,18,2,0,0,0,1,1.0,1.041952327,3.485335067,1.041952327,0.775880359,279.492,244.212,279.2794755,116,0.078885556,-0.323591278,0.323591278,0.078885556,0.7,1.3,1.95,15.35574501,9.856379035,2.341417104,-2.458059395,2.310994519,-2.551530353,4.712437516,-0.937362688,1.316716349,267.1428096,13.67551582,13.41562263,13.41562263,9.863703305,9.421507588,9.421507588,7.864383155,7.864383155,6.47175981,6.47175981,4.953494448,4.953494448,-0.08,62454.10356,14.84056716,7.264413645,3.976180277,125.4454409,9.799819462,0.0,0.0,0.0,0.0,0.0,0.0,0.0,0,0.0,19.26246487,69.87107626,0.0,26.17902562,4.483030858,0.0,5.316788604,11.83581209,64.20821623,39.26853844,0.0,0.0,5.316788604,0.0,0.0,0.0,43.75156929,0.0,11.83581209,64.20821623,0.0,0.0,12.03,0.0,0.0,0,0.0,0.0,11.83581209,107.9597855,0.0,0.0,5.316788604,0.0,1.504756371,0.0,3.485335067,0.0,2.113611672,0.0,14.99172437,8.571239187,0.0,1.0,20,1,2,0,3,3,0,0,0,1,1,2,4,0,3,3,3,3.567,85.7481,0,0,0,1,1,0,0,0,0,0,0,0,0,0,0,0,0,0,0,0,0,0,0,0,3,0,0,1,0,1.0,80,0.0,1.0,1500.0,0.1,0.9974673484000001,0.12279569720000001,0.9678283176000001,0
C1CC[N+]2(CC1)CCC(CCCC1CCNCC1)CC2,18,2,0,0,0,1,1.0,1.041952327,3.485335067,1.041952327,0.775880359,279.492,244.212,279.2794755,116,0.078885556,-0.323591278,0.323591278,0.078885556,0.7,1.3,1.95,15.35574501,9.856379035,2.341417104,-2.458059395,2.310994519,-2.551530353,4.712437516,-0.937362688,1.316716349,267.1428096,13.67551582,13.41562263,13.41562263,9.863703305,9.421507588,9.421507588,7.864383155,7.864383155,6.47175981,6.47175981,4.953494448,4.953494448,-0.08,62454.10356,14.84056716,7.264413645,3.976180277,125.4454409,9.799819462,0.0,0.0,0.0,0.0,0.0,0.0,0.0,0,0.0,19.26246487,69.87107626,0.0,26.17902562,4.483030858,0.0,5.316788604,11.83581209,64.20821623,39.26853844,0.0,0.0,5.316788604,0.0,0.0,0.0,43.75156929,0.0,11.83581209,64.20821623,0.0,0.0,12.03,0.0,0.0,0,0.0,0.0,11.83581209,107.9597855,0.0,0.0,5.316788604,0.0,1.504756371,0.0,3.485335067,0.0,2.113611672,0.0,14.99172437,8.571239187,0.0,1.0,20,1,2,0,3,3,0,0,0,1,1,2,4,0,3,3,3,3.567,85.7481,0,0,0,1,1,0,0,0,0,0,0,0,0,0,0,0,0,0,0,0,0,0,0,0,3,0,0,1,0,1.0,80,0.0,1.0,2500.0,0.1,0.9974673484000001,0.12279569720000001,0.9678283176000001,0
C[N+]1(CC2=CC=CC=C2)CCCC1,12,1,0,0,0,1,0.5,1.209166667,2.375,1.209166667,0.607069488,176.283,158.139,176.143376,70,0.104154112,-0.322288522,0.322288522,0.104154112,1.076923077,1.692307692,2.307692308,15.33716638,10.17609216,2.259246326,-2.286110132,2.19536974,-2.391981417,5.129284217,-0.910432988,2.050890972,259.7127826,9.148418081,8.369498847,8.369498847,6.285405043,5.160133887,5.160133887,4.417536511,4.417536511,3.053016422,3.053016422,2.281158343,2.281158343,-0.82,1531.451972,8.763953707,3.505497016,2.100270606,80.58502981,4.483030858,6.544756406,0.0,0.0,0.0,0.0,0.0,0.0,0,0.0,30.33183534,0.0,18.40509474,20.13718479,4.483030858,0.0,0.0,0.0,19.38639965,20.13718479,35.89528683,0.0,0.0,0.0,0.0,0.0,24.62021565,6.544756406,0.0,18.40509474,30.33183534,0.0,0.0,0.0,0.0,0,0.0,0.0,0.0,42.52239481,0.0,0.0,37.37950732,0.0,1.240092593,0.0,0.0,1.478611111,0.0,10.83953467,2.812169785,3.921258503,2.375,0.5,13,0,1,0,1,1,1,0,1,0,0,1,2,0,1,1,2,2.427,55.2984,0,0,0,1,0,0,0,0,1,0,0,0,1,0,0,0,0,0,0,0,0,0,0,0,0,0,0,1,0,1.0,60,0.0,1.0,480.0,0.1,0.7773710914444444,0.21278567255555556,0.9178252285555555,0
C[N+]1(CC2=CC=CC=C2)CCCC1,12,1,0,0,0,1,0.5,1.209166667,2.375,1.209166667,0.607069488,176.283,158.139,176.143376,70,0.104154112,-0.322288522,0.322288522,0.104154112,1.076923077,1.692307692,2.307692308,15.33716638,10.17609216,2.259246326,-2.286110132,2.19536974,-2.391981417,5.129284217,-0.910432988,2.050890972,259.7127826,9.148418081,8.369498847,8.369498847,6.285405043,5.160133887,5.160133887,4.417536511,4.417536511,3.053016422,3.053016422,2.281158343,2.281158343,-0.82,1531.451972,8.763953707,3.505497016,2.100270606,80.58502981,4.483030858,6.544756406,0.0,0.0,0.0,0.0,0.0,0.0,0,0.0,30.33183534,0.0,18.40509474,20.13718479,4.483030858,0.0,0.0,0.0,19.38639965,20.13718479,35.89528683,0.0,0.0,0.0,0.0,0.0,24.62021565,6.544756406,0.0,18.40509474,30.33183534,0.0,0.0,0.0,0.0,0,0.0,0.0,0.0,42.52239481,0.0,0.0,37.37950732,0.0,1.240092593,0.0,0.0,1.478611111,0.0,10.83953467,2.812169785,3.921258503,2.375,0.5,13,0,1,0,1,1,1,0,1,0,0,1,2,0,1,1,2,2.427,55.2984,0,0,0,1,0,0,0,0,1,0,0,0,1,0,0,0,0,0,0,0,0,0,0,0,0,0,0,1,0,2.0,60,1.0,0.0,0.0,0.0,0.7773710914444444,0.21278567255555556,0.9178252285555555,0
C[N+]1(CC2=CC=CC=C2)CCCC1,12,1,0,0,0,1,0.5,1.209166667,2.375,1.209166667,0.607069488,176.283,158.139,176.143376,70,0.104154112,-0.322288522,0.322288522,0.104154112,1.076923077,1.692307692,2.307692308,15.33716638,10.17609216,2.259246326,-2.286110132,2.19536974,-2.391981417,5.129284217,-0.910432988,2.050890972,259.7127826,9.148418081,8.369498847,8.369498847,6.285405043,5.160133887,5.160133887,4.417536511,4.417536511,3.053016422,3.053016422,2.281158343,2.281158343,-0.82,1531.451972,8.763953707,3.505497016,2.100270606,80.58502981,4.483030858,6.544756406,0.0,0.0,0.0,0.0,0.0,0.0,0,0.0,30.33183534,0.0,18.40509474,20.13718479,4.483030858,0.0,0.0,0.0,19.38639965,20.13718479,35.89528683,0.0,0.0,0.0,0.0,0.0,24.62021565,6.544756406,0.0,18.40509474,30.33183534,0.0,0.0,0.0,0.0,0,0.0,0.0,0.0,42.52239481,0.0,0.0,37.37950732,0.0,1.240092593,0.0,0.0,1.478611111,0.0,10.83953467,2.812169785,3.921258503,2.375,0.5,13,0,1,0,1,1,1,0,1,0,0,1,2,0,1,1,2,2.427,55.2984,0,0,0,1,0,0,0,0,1,0,0,0,1,0,0,0,0,0,0,0,0,0,0,0,0,0,0,1,0,2.0,60,1.0,0.0,48.0,0.7595,0.7773710914444444,0.21278567255555556,0.9178252285555555,0
C[N+]1(CC2=CC=CC=C2)CCCC1,12,1,0,0,0,1,0.5,1.209166667,2.375,1.209166667,0.607069488,176.283,158.139,176.143376,70,0.104154112,-0.322288522,0.322288522,0.104154112,1.076923077,1.692307692,2.307692308,15.33716638,10.17609216,2.259246326,-2.286110132,2.19536974,-2.391981417,5.129284217,-0.910432988,2.050890972,259.7127826,9.148418081,8.369498847,8.369498847,6.285405043,5.160133887,5.160133887,4.417536511,4.417536511,3.053016422,3.053016422,2.281158343,2.281158343,-0.82,1531.451972,8.763953707,3.505497016,2.100270606,80.58502981,4.483030858,6.544756406,0.0,0.0,0.0,0.0,0.0,0.0,0,0.0,30.33183534,0.0,18.40509474,20.13718479,4.483030858,0.0,0.0,0.0,19.38639965,20.13718479,35.89528683,0.0,0.0,0.0,0.0,0.0,24.62021565,6.544756406,0.0,18.40509474,30.33183534,0.0,0.0,0.0,0.0,0,0.0,0.0,0.0,42.52239481,0.0,0.0,37.37950732,0.0,1.240092593,0.0,0.0,1.478611111,0.0,10.83953467,2.812169785,3.921258503,2.375,0.5,13,0,1,0,1,1,1,0,1,0,0,1,2,0,1,1,2,2.427,55.2984,0,0,0,1,0,0,0,0,1,0,0,0,1,0,0,0,0,0,0,0,0,0,0,0,0,0,0,1,0,2.0,60,1.0,0.0,120.0,2.8481,0.7773710914444444,0.21278567255555556,0.9178252285555555,0
C[N+]1(CC2=CC=CC=C2)CCCC1,12,1,0,0,0,1,0.5,1.209166667,2.375,1.209166667,0.607069488,176.283,158.139,176.143376,70,0.104154112,-0.322288522,0.322288522,0.104154112,1.076923077,1.692307692,2.307692308,15.33716638,10.17609216,2.259246326,-2.286110132,2.19536974,-2.391981417,5.129284217,-0.910432988,2.050890972,259.7127826,9.148418081,8.369498847,8.369498847,6.285405043,5.160133887,5.160133887,4.417536511,4.417536511,3.053016422,3.053016422,2.281158343,2.281158343,-0.82,1531.451972,8.763953707,3.505497016,2.100270606,80.58502981,4.483030858,6.544756406,0.0,0.0,0.0,0.0,0.0,0.0,0,0.0,30.33183534,0.0,18.40509474,20.13718479,4.483030858,0.0,0.0,0.0,19.38639965,20.13718479,35.89528683,0.0,0.0,0.0,0.0,0.0,24.62021565,6.544756406,0.0,18.40509474,30.33183534,0.0,0.0,0.0,0.0,0,0.0,0.0,0.0,42.52239481,0.0,0.0,37.37950732,0.0,1.240092593,0.0,0.0,1.478611111,0.0,10.83953467,2.812169785,3.921258503,2.375,0.5,13,0,1,0,1,1,1,0,1,0,0,1,2,0,1,1,2,2.427,55.2984,0,0,0,1,0,0,0,0,1,0,0,0,1,0,0,0,0,0,0,0,0,0,0,0,0,0,0,1,0,2.0,60,1.0,0.0,216.0,4.9367,0.7773710914444444,0.21278567255555556,0.9178252285555555,0
C[N+]1(CC2=CC=CC=C2)CCCC1,12,1,0,0,0,1,0.5,1.209166667,2.375,1.209166667,0.607069488,176.283,158.139,176.143376,70,0.104154112,-0.322288522,0.322288522,0.104154112,1.076923077,1.692307692,2.307692308,15.33716638,10.17609216,2.259246326,-2.286110132,2.19536974,-2.391981417,5.129284217,-0.910432988,2.050890972,259.7127826,9.148418081,8.369498847,8.369498847,6.285405043,5.160133887,5.160133887,4.417536511,4.417536511,3.053016422,3.053016422,2.281158343,2.281158343,-0.82,1531.451972,8.763953707,3.505497016,2.100270606,80.58502981,4.483030858,6.544756406,0.0,0.0,0.0,0.0,0.0,0.0,0,0.0,30.33183534,0.0,18.40509474,20.13718479,4.483030858,0.0,0.0,0.0,19.38639965,20.13718479,35.89528683,0.0,0.0,0.0,0.0,0.0,24.62021565,6.544756406,0.0,18.40509474,30.33183534,0.0,0.0,0.0,0.0,0,0.0,0.0,0.0,42.52239481,0.0,0.0,37.37950732,0.0,1.240092593,0.0,0.0,1.478611111,0.0,10.83953467,2.812169785,3.921258503,2.375,0.5,13,0,1,0,1,1,1,0,1,0,0,1,2,0,1,1,2,2.427,55.2984,0,0,0,1,0,0,0,0,1,0,0,0,1,0,0,0,0,0,0,0,0,0,0,0,0,0,0,1,0,2.0,60,1.0,0.0,288.0,6.4557,0.7773710914444444,0.21278567255555556,0.9178252285555555,0
C[N+]1(CC2=CC=CC=C2)CCCC1,12,1,0,0,0,1,0.5,1.209166667,2.375,1.209166667,0.607069488,176.283,158.139,176.143376,70,0.104154112,-0.322288522,0.322288522,0.104154112,1.076923077,1.692307692,2.307692308,15.33716638,10.17609216,2.259246326,-2.286110132,2.19536974,-2.391981417,5.129284217,-0.910432988,2.050890972,259.7127826,9.148418081,8.369498847,8.369498847,6.285405043,5.160133887,5.160133887,4.417536511,4.417536511,3.053016422,3.053016422,2.281158343,2.281158343,-0.82,1531.451972,8.763953707,3.505497016,2.100270606,80.58502981,4.483030858,6.544756406,0.0,0.0,0.0,0.0,0.0,0.0,0,0.0,30.33183534,0.0,18.40509474,20.13718479,4.483030858,0.0,0.0,0.0,19.38639965,20.13718479,35.89528683,0.0,0.0,0.0,0.0,0.0,24.62021565,6.544756406,0.0,18.40509474,30.33183534,0.0,0.0,0.0,0.0,0,0.0,0.0,0.0,42.52239481,0.0,0.0,37.37950732,0.0,1.240092593,0.0,0.0,1.478611111,0.0,10.83953467,2.812169785,3.921258503,2.375,0.5,13,0,1,0,1,1,1,0,1,0,0,1,2,0,1,1,2,2.427,55.2984,0,0,0,1,0,0,0,0,1,0,0,0,1,0,0,0,0,0,0,0,0,0,0,0,0,0,0,1,0,2.0,60,1.0,0.0,336.0,7.9747,0.7773710914444444,0.21278567255555556,0.9178252285555555,0
C[N+]1(CC2=CC=CC=C2)CCCC1,12,1,0,0,0,1,0.5,1.209166667,2.375,1.209166667,0.607069488,176.283,158.139,176.143376,70,0.104154112,-0.322288522,0.322288522,0.104154112,1.076923077,1.692307692,2.307692308,15.33716638,10.17609216,2.259246326,-2.286110132,2.19536974,-2.391981417,5.129284217,-0.910432988,2.050890972,259.7127826,9.148418081,8.369498847,8.369498847,6.285405043,5.160133887,5.160133887,4.417536511,4.417536511,3.053016422,3.053016422,2.281158343,2.281158343,-0.82,1531.451972,8.763953707,3.505497016,2.100270606,80.58502981,4.483030858,6.544756406,0.0,0.0,0.0,0.0,0.0,0.0,0,0.0,30.33183534,0.0,18.40509474,20.13718479,4.483030858,0.0,0.0,0.0,19.38639965,20.13718479,35.89528683,0.0,0.0,0.0,0.0,0.0,24.62021565,6.544756406,0.0,18.40509474,30.33183534,0.0,0.0,0.0,0.0,0,0.0,0.0,0.0,42.52239481,0.0,0.0,37.37950732,0.0,1.240092593,0.0,0.0,1.478611111,0.0,10.83953467,2.812169785,3.921258503,2.375,0.5,13,0,1,0,1,1,1,0,1,0,0,1,2,0,1,1,2,2.427,55.2984,0,0,0,1,0,0,0,0,1,0,0,0,1,0,0,0,0,0,0,0,0,0,0,0,0,0,0,1,0,2.0,60,1.0,0.0,432.0,10.8228,0.7773710914444444,0.21278567255555556,0.9178252285555555,0
CCCC[N+]1(CC2=CC=CC=C2)CCCC1,15,1,0,0,0,1,0.6,1.250833333,2.300683107,1.250833333,0.66246485,218.364,194.172,218.1903262,88,0.104361058,-0.319854464,0.319854464,0.104361058,1.0625,1.75,2.375,15.35963778,10.14622575,2.305629686,-2.34090839,2.237591454,-2.446140412,5.130102424,-0.929484101,2.022475458,298.470807,11.26973842,10.49081919,10.49081919,7.846065215,6.736254838,6.736254838,5.216833794,5.216833794,3.861729031,3.861729031,2.931250453,2.931250453,-0.82,7585.701332,11.65915829,5.491046732,2.852795905,99.67985615,4.483030858,6.544756406,0.0,0.0,0.0,0.0,0.0,0.0,0,0.0,43.67639416,6.420821623,18.40509474,19.63426922,4.483030858,0.0,0.0,0.0,39.1517801,19.63426922,35.89528683,0.0,0.0,0.0,0.0,0.0,24.11730008,6.544756406,0.0,38.17047518,30.33183534,0.0,0.0,0.0,0.0,0,0.0,0.0,0.0,61.90879446,0.0,0.0,37.25557254,0.0,1.345092593,0.0,0.0,1.514354686,0.0,11.01572098,5.564205326,7.727293084,0.0,0.6,16,0,1,0,1,1,1,0,1,0,0,1,5,0,1,1,2,3.5973,69.1494,0,0,0,1,0,0,0,0,1,0,0,0,1,0,0,0,0,0,0,0,0,0,0,0,0,0,0,1,0,2.0,60,1.0,0.0,0.0,0.0,0.9457693398571428,0.349945121,0.8132323568571429,0
CCCC[N+]1(CC2=CC=CC=C2)CCCC1,15,1,0,0,0,1,0.6,1.250833333,2.300683107,1.250833333,0.66246485,218.364,194.172,218.1903262,88,0.104361058,-0.319854464,0.319854464,0.104361058,1.0625,1.75,2.375,15.35963778,10.14622575,2.305629686,-2.34090839,2.237591454,-2.446140412,5.130102424,-0.929484101,2.022475458,298.470807,11.26973842,10.49081919,10.49081919,7.846065215,6.736254838,6.736254838,5.216833794,5.216833794,3.861729031,3.861729031,2.931250453,2.931250453,-0.82,7585.701332,11.65915829,5.491046732,2.852795905,99.67985615,4.483030858,6.544756406,0.0,0.0,0.0,0.0,0.0,0.0,0,0.0,43.67639416,6.420821623,18.40509474,19.63426922,4.483030858,0.0,0.0,0.0,39.1517801,19.63426922,35.89528683,0.0,0.0,0.0,0.0,0.0,24.11730008,6.544756406,0.0,38.17047518,30.33183534,0.0,0.0,0.0,0.0,0,0.0,0.0,0.0,61.90879446,0.0,0.0,37.25557254,0.0,1.345092593,0.0,0.0,1.514354686,0.0,11.01572098,5.564205326,7.727293084,0.0,0.6,16,0,1,0,1,1,1,0,1,0,0,1,5,0,1,1,2,3.5973,69.1494,0,0,0,1,0,0,0,0,1,0,0,0,1,0,0,0,0,0,0,0,0,0,0,0,0,0,0,1,0,2.0,60,1.0,0.0,48.0,0.9494,0.9457693398571428,0.349945121,0.8132323568571429,0
CCCC[N+]1(CC2=CC=CC=C2)CCCC1,15,1,0,0,0,1,0.6,1.250833333,2.300683107,1.250833333,0.66246485,218.364,194.172,218.1903262,88,0.104361058,-0.319854464,0.319854464,0.104361058,1.0625,1.75,2.375,15.35963778,10.14622575,2.305629686,-2.34090839,2.237591454,-2.446140412,5.130102424,-0.929484101,2.022475458,298.470807,11.26973842,10.49081919,10.49081919,7.846065215,6.736254838,6.736254838,5.216833794,5.216833794,3.861729031,3.861729031,2.931250453,2.931250453,-0.82,7585.701332,11.65915829,5.491046732,2.852795905,99.67985615,4.483030858,6.544756406,0.0,0.0,0.0,0.0,0.0,0.0,0,0.0,43.67639416,6.420821623,18.40509474,19.63426922,4.483030858,0.0,0.0,0.0,39.1517801,19.63426922,35.89528683,0.0,0.0,0.0,0.0,0.0,24.11730008,6.544756406,0.0,38.17047518,30.33183534,0.0,0.0,0.0,0.0,0,0.0,0.0,0.0,61.90879446,0.0,0.0,37.25557254,0.0,1.345092593,0.0,0.0,1.514354686,0.0,11.01572098,5.564205326,7.727293084,0.0,0.6,16,0,1,0,1,1,1,0,1,0,0,1,5,0,1,1,2,3.5973,69.1494,0,0,0,1,0,0,0,0,1,0,0,0,1,0,0,0,0,0,0,0,0,0,0,0,0,0,0,1,0,2.0,60,1.0,0.0,120.0,3.9873,0.9457693398571428,0.349945121,0.8132323568571429,0
CCCC[N+]1(CC2=CC=CC=C2)CCCC1,15,1,0,0,0,1,0.6,1.250833333,2.300683107,1.250833333,0.66246485,218.364,194.172,218.1903262,88,0.104361058,-0.319854464,0.319854464,0.104361058,1.0625,1.75,2.375,15.35963778,10.14622575,2.305629686,-2.34090839,2.237591454,-2.446140412,5.130102424,-0.929484101,2.022475458,298.470807,11.26973842,10.49081919,10.49081919,7.846065215,6.736254838,6.736254838,5.216833794,5.216833794,3.861729031,3.861729031,2.931250453,2.931250453,-0.82,7585.701332,11.65915829,5.491046732,2.852795905,99.67985615,4.483030858,6.544756406,0.0,0.0,0.0,0.0,0.0,0.0,0,0.0,43.67639416,6.420821623,18.40509474,19.63426922,4.483030858,0.0,0.0,0.0,39.1517801,19.63426922,35.89528683,0.0,0.0,0.0,0.0,0.0,24.11730008,6.544756406,0.0,38.17047518,30.33183534,0.0,0.0,0.0,0.0,0,0.0,0.0,0.0,61.90879446,0.0,0.0,37.25557254,0.0,1.345092593,0.0,0.0,1.514354686,0.0,11.01572098,5.564205326,7.727293084,0.0,0.6,16,0,1,0,1,1,1,0,1,0,0,1,5,0,1,1,2,3.5973,69.1494,0,0,0,1,0,0,0,0,1,0,0,0,1,0,0,0,0,0,0,0,0,0,0,0,0,0,0,1,0,2.0,60,1.0,0.0,216.0,6.8354,0.9457693398571428,0.349945121,0.8132323568571429,0
CCCC[N+]1(CC2=CC=CC=C2)CCCC1,15,1,0,0,0,1,0.6,1.250833333,2.300683107,1.250833333,0.66246485,218.364,194.172,218.1903262,88,0.104361058,-0.319854464,0.319854464,0.104361058,1.0625,1.75,2.375,15.35963778,10.14622575,2.305629686,-2.34090839,2.237591454,-2.446140412,5.130102424,-0.929484101,2.022475458,298.470807,11.26973842,10.49081919,10.49081919,7.846065215,6.736254838,6.736254838,5.216833794,5.216833794,3.861729031,3.861729031,2.931250453,2.931250453,-0.82,7585.701332,11.65915829,5.491046732,2.852795905,99.67985615,4.483030858,6.544756406,0.0,0.0,0.0,0.0,0.0,0.0,0,0.0,43.67639416,6.420821623,18.40509474,19.63426922,4.483030858,0.0,0.0,0.0,39.1517801,19.63426922,35.89528683,0.0,0.0,0.0,0.0,0.0,24.11730008,6.544756406,0.0,38.17047518,30.33183534,0.0,0.0,0.0,0.0,0,0.0,0.0,0.0,61.90879446,0.0,0.0,37.25557254,0.0,1.345092593,0.0,0.0,1.514354686,0.0,11.01572098,5.564205326,7.727293084,0.0,0.6,16,0,1,0,1,1,1,0,1,0,0,1,5,0,1,1,2,3.5973,69.1494,0,0,0,1,0,0,0,0,1,0,0,0,1,0,0,0,0,0,0,0,0,0,0,0,0,0,0,1,0,2.0,60,1.0,0.0,288.0,8.9241,0.9457693398571428,0.349945121,0.8132323568571429,0
CCCC[N+]1(CC2=CC=CC=C2)CCCC1,15,1,0,0,0,1,0.6,1.250833333,2.300683107,1.250833333,0.66246485,218.364,194.172,218.1903262,88,0.104361058,-0.319854464,0.319854464,0.104361058,1.0625,1.75,2.375,15.35963778,10.14622575,2.305629686,-2.34090839,2.237591454,-2.446140412,5.130102424,-0.929484101,2.022475458,298.470807,11.26973842,10.49081919,10.49081919,7.846065215,6.736254838,6.736254838,5.216833794,5.216833794,3.861729031,3.861729031,2.931250453,2.931250453,-0.82,7585.701332,11.65915829,5.491046732,2.852795905,99.67985615,4.483030858,6.544756406,0.0,0.0,0.0,0.0,0.0,0.0,0,0.0,43.67639416,6.420821623,18.40509474,19.63426922,4.483030858,0.0,0.0,0.0,39.1517801,19.63426922,35.89528683,0.0,0.0,0.0,0.0,0.0,24.11730008,6.544756406,0.0,38.17047518,30.33183534,0.0,0.0,0.0,0.0,0,0.0,0.0,0.0,61.90879446,0.0,0.0,37.25557254,0.0,1.345092593,0.0,0.0,1.514354686,0.0,11.01572098,5.564205326,7.727293084,0.0,0.6,16,0,1,0,1,1,1,0,1,0,0,1,5,0,1,1,2,3.5973,69.1494,0,0,0,1,0,0,0,0,1,0,0,0,1,0,0,0,0,0,0,0,0,0,0,0,0,0,0,1,0,2.0,60,1.0,0.0,336.0,10.2532,0.9457693398571428,0.349945121,0.8132323568571429,0
CCCC[N+]1(CC2=CC=CC=C2)CCCC1,15,1,0,0,0,1,0.6,1.250833333,2.300683107,1.250833333,0.66246485,218.364,194.172,218.1903262,88,0.104361058,-0.319854464,0.319854464,0.104361058,1.0625,1.75,2.375,15.35963778,10.14622575,2.305629686,-2.34090839,2.237591454,-2.446140412,5.130102424,-0.929484101,2.022475458,298.470807,11.26973842,10.49081919,10.49081919,7.846065215,6.736254838,6.736254838,5.216833794,5.216833794,3.861729031,3.861729031,2.931250453,2.931250453,-0.82,7585.701332,11.65915829,5.491046732,2.852795905,99.67985615,4.483030858,6.544756406,0.0,0.0,0.0,0.0,0.0,0.0,0,0.0,43.67639416,6.420821623,18.40509474,19.63426922,4.483030858,0.0,0.0,0.0,39.1517801,19.63426922,35.89528683,0.0,0.0,0.0,0.0,0.0,24.11730008,6.544756406,0.0,38.17047518,30.33183534,0.0,0.0,0.0,0.0,0,0.0,0.0,0.0,61.90879446,0.0,0.0,37.25557254,0.0,1.345092593,0.0,0.0,1.514354686,0.0,11.01572098,5.564205326,7.727293084,0.0,0.6,16,0,1,0,1,1,1,0,1,0,0,1,5,0,1,1,2,3.5973,69.1494,0,0,0,1,0,0,0,0,1,0,0,0,1,0,0,0,0,0,0,0,0,0,0,0,0,0,0,1,0,2.0,60,1.0,0.0,432.0,13.2911,0.9457693398571428,0.349945121,0.8132323568571429,0
CC[N+]1(CC2=CC=CC=C2)CCCC1,13,1,0,0,0,1,0.538461538,1.233472222,2.327638889,1.233472222,0.642923771,190.31,170.15,190.1590261,76,0.104353317,-0.320082942,0.320082942,0.104353317,1.071428571,1.714285714,2.285714286,15.35709718,10.16479732,2.292258573,-2.326292543,2.22137705,-2.435243389,5.129866532,-0.927592708,2.083017402,272.546854,9.855524862,9.076605629,9.076605629,6.846065215,5.736254838,5.736254838,4.455901372,4.455901372,3.546540502,3.546540502,2.563093799,2.563093799,-0.82,2870.362207,9.724281562,4.138411667,1.98164003,86.94997192,4.483030858,6.544756406,0.0,0.0,0.0,0.0,0.0,0.0,0,0.0,30.33183534,6.9237372,18.40509474,19.63426922,4.483030858,0.0,0.0,0.0,26.31013685,19.63426922,35.89528683,0.0,0.0,0.0,0.0,0.0,24.11730008,6.544756406,0.0,25.32883194,30.33183534,0.0,0.0,0.0,0.0,0,0.0,0.0,0.0,49.06715122,0.0,0.0,37.25557254,0.0,1.309537037,0.0,0.0,1.496527778,0.0,10.91751653,2.834669785,7.608415533,0.0,0.538461538,14,0,1,0,1,1,1,0,1,0,0,1,3,0,1,1,2,2.8171,59.9154,0,0,0,1,0,0,0,0,1,0,0,0,1,0,0,0,0,0,0,0,0,0,0,0,0,0,0,1,0,2.0,60,1.0,0.0,0.0,0.0,0.9455384758571429,0.3146163782857143,0.8959603500000001,0
CC[N+]1(CC2=CC=CC=C2)CCCC1,13,1,0,0,0,1,0.538461538,1.233472222,2.327638889,1.233472222,0.642923771,190.31,170.15,190.1590261,76,0.104353317,-0.320082942,0.320082942,0.104353317,1.071428571,1.714285714,2.285714286,15.35709718,10.16479732,2.292258573,-2.326292543,2.22137705,-2.435243389,5.129866532,-0.927592708,2.083017402,272.546854,9.855524862,9.076605629,9.076605629,6.846065215,5.736254838,5.736254838,4.455901372,4.455901372,3.546540502,3.546540502,2.563093799,2.563093799,-0.82,2870.362207,9.724281562,4.138411667,1.98164003,86.94997192,4.483030858,6.544756406,0.0,0.0,0.0,0.0,0.0,0.0,0,0.0,30.33183534,6.9237372,18.40509474,19.63426922,4.483030858,0.0,0.0,0.0,26.31013685,19.63426922,35.89528683,0.0,0.0,0.0,0.0,0.0,24.11730008,6.544756406,0.0,25.32883194,30.33183534,0.0,0.0,0.0,0.0,0,0.0,0.0,0.0,49.06715122,0.0,0.0,37.25557254,0.0,1.309537037,0.0,0.0,1.496527778,0.0,10.91751653,2.834669785,7.608415533,0.0,0.538461538,14,0,1,0,1,1,1,0,1,0,0,1,3,0,1,1,2,2.8171,59.9154,0,0,0,1,0,0,0,0,1,0,0,0,1,0,0,0,0,0,0,0,0,0,0,0,0,0,0,1,0,2.0,60,1.0,0.0,48.0,1.8987,0.9455384758571429,0.3146163782857143,0.8959603500000001,0
CC[N+]1(CC2=CC=CC=C2)CCCC1,13,1,0,0,0,1,0.538461538,1.233472222,2.327638889,1.233472222,0.642923771,190.31,170.15,190.1590261,76,0.104353317,-0.320082942,0.320082942,0.104353317,1.071428571,1.714285714,2.285714286,15.35709718,10.16479732,2.292258573,-2.326292543,2.22137705,-2.435243389,5.129866532,-0.927592708,2.083017402,272.546854,9.855524862,9.076605629,9.076605629,6.846065215,5.736254838,5.736254838,4.455901372,4.455901372,3.546540502,3.546540502,2.563093799,2.563093799,-0.82,2870.362207,9.724281562,4.138411667,1.98164003,86.94997192,4.483030858,6.544756406,0.0,0.0,0.0,0.0,0.0,0.0,0,0.0,30.33183534,6.9237372,18.40509474,19.63426922,4.483030858,0.0,0.0,0.0,26.31013685,19.63426922,35.89528683,0.0,0.0,0.0,0.0,0.0,24.11730008,6.544756406,0.0,25.32883194,30.33183534,0.0,0.0,0.0,0.0,0,0.0,0.0,0.0,49.06715122,0.0,0.0,37.25557254,0.0,1.309537037,0.0,0.0,1.496527778,0.0,10.91751653,2.834669785,7.608415533,0.0,0.538461538,14,0,1,0,1,1,1,0,1,0,0,1,3,0,1,1,2,2.8171,59.9154,0,0,0,1,0,0,0,0,1,0,0,0,1,0,0,0,0,0,0,0,0,0,0,0,0,0,0,1,0,2.0,60,1.0,0.0,120.0,5.1266,0.9455384758571429,0.3146163782857143,0.8959603500000001,0
CC[N+]1(CC2=CC=CC=C2)CCCC1,13,1,0,0,0,1,0.538461538,1.233472222,2.327638889,1.233472222,0.642923771,190.31,170.15,190.1590261,76,0.104353317,-0.320082942,0.320082942,0.104353317,1.071428571,1.714285714,2.285714286,15.35709718,10.16479732,2.292258573,-2.326292543,2.22137705,-2.435243389,5.129866532,-0.927592708,2.083017402,272.546854,9.855524862,9.076605629,9.076605629,6.846065215,5.736254838,5.736254838,4.455901372,4.455901372,3.546540502,3.546540502,2.563093799,2.563093799,-0.82,2870.362207,9.724281562,4.138411667,1.98164003,86.94997192,4.483030858,6.544756406,0.0,0.0,0.0,0.0,0.0,0.0,0,0.0,30.33183534,6.9237372,18.40509474,19.63426922,4.483030858,0.0,0.0,0.0,26.31013685,19.63426922,35.89528683,0.0,0.0,0.0,0.0,0.0,24.11730008,6.544756406,0.0,25.32883194,30.33183534,0.0,0.0,0.0,0.0,0,0.0,0.0,0.0,49.06715122,0.0,0.0,37.25557254,0.0,1.309537037,0.0,0.0,1.496527778,0.0,10.91751653,2.834669785,7.608415533,0.0,0.538461538,14,0,1,0,1,1,1,0,1,0,0,1,3,0,1,1,2,2.8171,59.9154,0,0,0,1,0,0,0,0,1,0,0,0,1,0,0,0,0,0,0,0,0,0,0,0,0,0,0,1,0,2.0,60,1.0,0.0,216.0,8.3544,0.9455384758571429,0.3146163782857143,0.8959603500000001,0
CC[N+]1(CC2=CC=CC=C2)CCCC1,13,1,0,0,0,1,0.538461538,1.233472222,2.327638889,1.233472222,0.642923771,190.31,170.15,190.1590261,76,0.104353317,-0.320082942,0.320082942,0.104353317,1.071428571,1.714285714,2.285714286,15.35709718,10.16479732,2.292258573,-2.326292543,2.22137705,-2.435243389,5.129866532,-0.927592708,2.083017402,272.546854,9.855524862,9.076605629,9.076605629,6.846065215,5.736254838,5.736254838,4.455901372,4.455901372,3.546540502,3.546540502,2.563093799,2.563093799,-0.82,2870.362207,9.724281562,4.138411667,1.98164003,86.94997192,4.483030858,6.544756406,0.0,0.0,0.0,0.0,0.0,0.0,0,0.0,30.33183534,6.9237372,18.40509474,19.63426922,4.483030858,0.0,0.0,0.0,26.31013685,19.63426922,35.89528683,0.0,0.0,0.0,0.0,0.0,24.11730008,6.544756406,0.0,25.32883194,30.33183534,0.0,0.0,0.0,0.0,0,0.0,0.0,0.0,49.06715122,0.0,0.0,37.25557254,0.0,1.309537037,0.0,0.0,1.496527778,0.0,10.91751653,2.834669785,7.608415533,0.0,0.538461538,14,0,1,0,1,1,1,0,1,0,0,1,3,0,1,1,2,2.8171,59.9154,0,0,0,1,0,0,0,0,1,0,0,0,1,0,0,0,0,0,0,0,0,0,0,0,0,0,0,1,0,2.0,60,1.0,0.0,288.0,11.0127,0.9455384758571429,0.3146163782857143,0.8959603500000001,0
CC[N+]1(CC2=CC=CC=C2)CCCC1,13,1,0,0,0,1,0.538461538,1.233472222,2.327638889,1.233472222,0.642923771,190.31,170.15,190.1590261,76,0.104353317,-0.320082942,0.320082942,0.104353317,1.071428571,1.714285714,2.285714286,15.35709718,10.16479732,2.292258573,-2.326292543,2.22137705,-2.435243389,5.129866532,-0.927592708,2.083017402,272.546854,9.855524862,9.076605629,9.076605629,6.846065215,5.736254838,5.736254838,4.455901372,4.455901372,3.546540502,3.546540502,2.563093799,2.563093799,-0.82,2870.362207,9.724281562,4.138411667,1.98164003,86.94997192,4.483030858,6.544756406,0.0,0.0,0.0,0.0,0.0,0.0,0,0.0,30.33183534,6.9237372,18.40509474,19.63426922,4.483030858,0.0,0.0,0.0,26.31013685,19.63426922,35.89528683,0.0,0.0,0.0,0.0,0.0,24.11730008,6.544756406,0.0,25.32883194,30.33183534,0.0,0.0,0.0,0.0,0,0.0,0.0,0.0,49.06715122,0.0,0.0,37.25557254,0.0,1.309537037,0.0,0.0,1.496527778,0.0,10.91751653,2.834669785,7.608415533,0.0,0.538461538,14,0,1,0,1,1,1,0,1,0,0,1,3,0,1,1,2,2.8171,59.9154,0,0,0,1,0,0,0,0,1,0,0,0,1,0,0,0,0,0,0,0,0,0,0,0,0,0,0,1,0,2.0,60,1.0,0.0,336.0,13.1013,0.9455384758571429,0.3146163782857143,0.8959603500000001,0
CC[N+]1(CC2=CC=CC=C2)CCCC1,13,1,0,0,0,1,0.538461538,1.233472222,2.327638889,1.233472222,0.642923771,190.31,170.15,190.1590261,76,0.104353317,-0.320082942,0.320082942,0.104353317,1.071428571,1.714285714,2.285714286,15.35709718,10.16479732,2.292258573,-2.326292543,2.22137705,-2.435243389,5.129866532,-0.927592708,2.083017402,272.546854,9.855524862,9.076605629,9.076605629,6.846065215,5.736254838,5.736254838,4.455901372,4.455901372,3.546540502,3.546540502,2.563093799,2.563093799,-0.82,2870.362207,9.724281562,4.138411667,1.98164003,86.94997192,4.483030858,6.544756406,0.0,0.0,0.0,0.0,0.0,0.0,0,0.0,30.33183534,6.9237372,18.40509474,19.63426922,4.483030858,0.0,0.0,0.0,26.31013685,19.63426922,35.89528683,0.0,0.0,0.0,0.0,0.0,24.11730008,6.544756406,0.0,25.32883194,30.33183534,0.0,0.0,0.0,0.0,0,0.0,0.0,0.0,49.06715122,0.0,0.0,37.25557254,0.0,1.309537037,0.0,0.0,1.496527778,0.0,10.91751653,2.834669785,7.608415533,0.0,0.538461538,14,0,1,0,1,1,1,0,1,0,0,1,3,0,1,1,2,2.8171,59.9154,0,0,0,1,0,0,0,0,1,0,0,0,1,0,0,0,0,0,0,0,0,0,0,0,0,0,0,1,0,2.0,60,1.0,0.0,432.0,17.2785,0.9455384758571429,0.3146163782857143,0.8959603500000001,0
